kind,t,z_s,d_m,snapped,kf_s,kf_v,sigma_s,result,disp_s
fix,1790310329,3179.1,2508.5,0,,,,,
fix,1790310388,3179.1,2357.1,0,,,,,
fix,1790310447,3179.1,2158.7,0,,,,,
fix,1790310506,3179.1,1995.5,0,,,,,
fix,1790310565,1796.4,1635.1,0,,,,,
fix,1790310624,1796.4,1592.1,0,,,,,
fix,1790310683,1620.0,1366.6,0,,,,,
fix,1790310746,795.0,899.0,0,,,,,
fix,1790310807,617.5,463.1,0,,,,,
fix,1790310818,573.8,355.2,0,,,,,
fix,1790310860,405.8,53.5,0,,,,,
fix,1790310919,0.0,252.2,0,,,,,
fix,1790310959,0.0,93.4,0,,,,,
fix,1790311019,0.0,60.1,0,,,,,
fix,1790311048,0.0,60.1,0,,,,,
fix,1790311112,0.0,17.4,1,0.0,0.00,9.7,accepted,0.0
coast,1790311117,,,1,,,,,0.0
coast,1790311122,,,1,,,,,0.0
fix,1790311123,2.4,2.3,1,2.3,0.24,10.0,accepted,2.3
coast,1790311128,,,1,,,,,3.3
coast,1790311133,,,1,,,,,3.9
coast,1790311138,,,1,,,,,4.4
coast,1790311143,,,1,,,,,4.7
coast,1790311148,,,1,,,,,4.8
coast,1790311153,,,1,,,,,5.0
coast,1790311158,,,1,,,,,5.0
coast,1790311163,,,1,,,,,5.1
coast,1790311168,,,1,,,,,5.1
coast,1790311173,,,1,,,,,5.2
coast,1790311178,,,1,,,,,5.2
coast,1790311183,,,1,,,,,5.2
coast,1790311188,,,1,,,,,5.2
coast,1790311193,,,1,,,,,5.2
coast,1790311198,,,1,,,,,5.2
fix,1790311201,143.9,5.4,1,143.8,2.48,10.2,accepted,143.8
coast,1790311206,,,1,,,,,154.0
coast,1790311211,,,1,,,,,160.7
coast,1790311216,,,1,,,,,165.1
coast,1790311221,,,1,,,,,168.0
coast,1790311226,,,1,,,,,169.9
coast,1790311231,,,1,,,,,171.1
fix,1790311233,303.4,19.3,1,303.3,5.40,10.2,accepted,303.3
coast,1790311238,,,1,,,,,325.4
coast,1790311243,,,1,,,,,340.0
coast,1790311248,,,1,,,,,349.6
coast,1790311253,,,1,,,,,355.9
coast,1790311258,,,1,,,,,360.1
coast,1790311263,,,1,,,,,362.8
coast,1790311268,,,1,,,,,364.6
coast,1790311273,,,1,,,,,365.8
fix,1790311278,385.3,62.4,1,385.5,0.76,10.2,accepted,385.5
coast,1790311283,,,1,,,,,388.6
coast,1790311288,,,1,,,,,390.7
coast,1790311293,,,1,,,,,392.0
coast,1790311298,,,1,,,,,392.9
coast,1790311303,,,1,,,,,393.5
coast,1790311308,,,1,,,,,393.9
coast,1790311313,,,1,,,,,394.2
fix,1790311317,467.3,57.8,1,467.2,2.42,10.2,accepted,467.2
coast,1790311322,,,1,,,,,477.1
coast,1790311327,,,1,,,,,483.6
coast,1790311332,,,1,,,,,488.0
coast,1790311337,,,1,,,,,490.8
coast,1790311342,,,1,,,,,492.7
coast,1790311347,,,1,,,,,493.9
coast,1790311352,,,1,,,,,494.7
coast,1790311357,,,1,,,,,495.3
coast,1790311362,,,1,,,,,495.6
fix,1790311364,623.0,6.4,1,622.9,3.57,10.2,accepted,622.9
coast,1790311369,,,1,,,,,637.5
coast,1790311374,,,1,,,,,647.2
coast,1790311379,,,1,,,,,653.5
fix,1790311383,638.2,8.5,1,638.6,0.42,10.2,accepted,638.6
coast,1790311388,,,1,,,,,640.3
coast,1790311393,,,1,,,,,641.4
coast,1790311398,,,1,,,,,642.2
coast,1790311403,,,1,,,,,642.7
coast,1790311408,,,1,,,,,643.0
coast,1790311413,,,1,,,,,643.2
coast,1790311418,,,1,,,,,643.3
coast,1790311423,,,1,,,,,643.4
coast,1790311428,,,1,,,,,643.5
coast,1790311433,,,1,,,,,643.5
coast,1790311438,,,1,,,,,643.6
fix,1790311441,889.3,0.2,1,889.1,5.78,10.2,accepted,889.1
coast,1790311446,,,1,,,,,912.7
coast,1790311451,,,1,,,,,928.3
coast,1790311456,,,1,,,,,938.6
coast,1790311461,,,1,,,,,945.3
coast,1790311466,,,1,,,,,949.8
coast,1790311471,,,1,,,,,952.8
coast,1790311476,,,1,,,,,954.7
coast,1790311481,,,1,,,,,956.0
coast,1790311486,,,1,,,,,956.8
coast,1790311491,,,1,,,,,957.4
coast,1790311496,,,1,,,,,957.7
fix,1790311500,1106.5,27.3,1,1106.5,3.11,10.2,accepted,1106.5
coast,1790311505,,,1,,,,,1119.2
coast,1790311510,,,1,,,,,1127.6
coast,1790311515,,,1,,,,,1133.1
coast,1790311520,,,1,,,,,1136.8
coast,1790311525,,,1,,,,,1139.2
coast,1790311530,,,1,,,,,1140.7
coast,1790311535,,,1,,,,,1141.8
coast,1790311540,,,1,,,,,1142.5
coast,1790311545,,,1,,,,,1142.9
coast,1790311550,,,1,,,,,1143.2
fix,1790311554,1246.0,1.7,1,1246.0,2.45,10.2,accepted,1246.0
coast,1790311559,,,1,,,,,1256.0
coast,1790311564,,,1,,,,,1262.6
coast,1790311569,,,1,,,,,1266.9
coast,1790311574,,,1,,,,,1269.8
coast,1790311579,,,1,,,,,1271.7
coast,1790311584,,,1,,,,,1272.9
coast,1790311589,,,1,,,,,1273.8
coast,1790311594,,,1,,,,,1274.3
coast,1790311599,,,1,,,,,1274.7
coast,1790311604,,,1,,,,,1274.9
coast,1790311609,,,1,,,,,1275.0
fix,1790311612,1592.4,6.6,1,1592.3,6.94,10.2,accepted,1592.3
coast,1790311617,,,1,,,,,1620.7
coast,1790311622,,,1,,,,,1639.4
coast,1790311627,,,1,,,,,1651.7
coast,1790311632,,,1,,,,,1659.8
coast,1790311637,,,1,,,,,1665.2
coast,1790311642,,,1,,,,,1668.7
coast,1790311647,,,1,,,,,1671.0
fix,1790311652,1798.6,7.3,1,1798.7,4.77,10.2,accepted,1798.7
coast,1790311657,,,1,,,,,1818.2
coast,1790311662,,,1,,,,,1831.0
coast,1790311667,,,1,,,,,1839.5
coast,1790311672,,,1,,,,,1845.1
coast,1790311677,,,1,,,,,1848.8
coast,1790311682,,,1,,,,,1851.2
coast,1790311687,,,1,,,,,1852.8
fix,1790311692,2021.2,2.5,1,2021.1,5.77,10.2,accepted,2021.1
coast,1790311697,,,1,,,,,2044.7
coast,1790311702,,,1,,,,,2060.2
coast,1790311707,,,1,,,,,2070.5
coast,1790311712,,,1,,,,,2077.3
coast,1790311717,,,1,,,,,2081.7
coast,1790311722,,,1,,,,,2084.6
coast,1790311727,,,1,,,,,2086.6
coast,1790311732,,,1,,,,,2087.9
coast,1790311737,,,1,,,,,2088.7
coast,1790311742,,,1,,,,,2089.3
coast,1790311747,,,1,,,,,2089.6
fix,1790311751,2226.9,0.5,1,2227.0,2.78,10.2,accepted,2227.0
coast,1790311756,,,1,,,,,2238.3
coast,1790311761,,,1,,,,,2245.8
coast,1790311766,,,1,,,,,2250.8
coast,1790311771,,,1,,,,,2254.0
coast,1790311776,,,1,,,,,2256.2
coast,1790311781,,,1,,,,,2257.6
coast,1790311786,,,1,,,,,2258.5
fix,1790311788,2260.4,5.4,1,2260.5,0.51,10.2,accepted,2260.5
coast,1790311793,,,1,,,,,2262.6
coast,1790311798,,,1,,,,,2264.0
coast,1790311803,,,1,,,,,2264.9
coast,1790311808,,,1,,,,,2265.5
coast,1790311813,,,1,,,,,2265.9
coast,1790311818,,,1,,,,,2266.2
coast,1790311823,,,1,,,,,2266.3
coast,1790311828,,,1,,,,,2266.4
coast,1790311833,,,1,,,,,2266.5
coast,1790311838,,,1,,,,,2266.6
coast,1790311843,,,1,,,,,2266.6
fix,1790311847,2551.4,2.2,1,2551.2,6.33,10.2,accepted,2551.2
coast,1790311852,,,1,,,,,2577.1
coast,1790311857,,,1,,,,,2594.1
coast,1790311862,,,1,,,,,2605.4
coast,1790311867,,,1,,,,,2612.8
fix,1790311870,2600.2,15.0,1,2600.5,1.51,10.2,accepted,2600.5
coast,1790311875,,,1,,,,,2606.7
coast,1790311880,,,1,,,,,2610.8
coast,1790311885,,,1,,,,,2613.5
coast,1790311890,,,1,,,,,2615.3
coast,1790311895,,,1,,,,,2616.5
coast,1790311900,,,1,,,,,2617.2
coast,1790311905,,,1,,,,,2617.7
coast,1790311910,,,1,,,,,2618.1
fix,1790311912,2869.8,12.2,1,2869.5,7.98,10.2,accepted,2869.5
coast,1790311917,,,1,,,,,2902.1
coast,1790311922,,,1,,,,,2923.6
coast,1790311927,,,1,,,,,2937.8
coast,1790311932,,,1,,,,,2947.1
coast,1790311937,,,1,,,,,2953.3
coast,1790311942,,,1,,,,,2957.4
fix,1790311947,3047.2,5.6,1,3047.4,4.38,10.2,accepted,3047.4
coast,1790311952,,,1,,,,,3065.3
coast,1790311957,,,1,,,,,3077.1
coast,1790311962,,,1,,,,,3084.9
coast,1790311967,,,1,,,,,3090.1
coast,1790311972,,,1,,,,,3093.4
coast,1790311977,,,1,,,,,3095.7
coast,1790311982,,,1,,,,,3097.1
coast,1790311987,,,1,,,,,3098.1
coast,1790311992,,,1,,,,,3098.8
coast,1790311997,,,1,,,,,3099.2
coast,1790312002,,,1,,,,,3099.5
fix,1790312007,3254.8,7.4,1,3254.9,3.16,10.2,accepted,3254.9
coast,1790312012,,,1,,,,,3267.8
coast,1790312017,,,1,,,,,3276.3
coast,1790312022,,,1,,,,,3281.9
coast,1790312027,,,1,,,,,3285.6
coast,1790312032,,,1,,,,,3288.0
fix,1790312033,3350.5,1.5,1,3350.5,3.76,10.2,accepted,3350.5
coast,1790312038,,,1,,,,,3365.9
coast,1790312043,,,1,,,,,3376.0
coast,1790312048,,,1,,,,,3382.7
coast,1790312053,,,1,,,,,3387.1
coast,1790312058,,,1,,,,,3390.0
coast,1790312063,,,1,,,,,3391.9
coast,1790312068,,,1,,,,,3393.2
coast,1790312073,,,1,,,,,3394.0
coast,1790312078,,,1,,,,,3394.6
coast,1790312083,,,1,,,,,3395.0
coast,1790312088,,,1,,,,,3395.2
fix,1790312092,3621.8,2.2,1,3621.8,4.89,10.2,accepted,3621.8
coast,1790312097,,,1,,,,,3641.7
coast,1790312102,,,1,,,,,3654.9
coast,1790312107,,,1,,,,,3663.6
coast,1790312112,,,1,,,,,3669.3
coast,1790312117,,,1,,,,,3673.1
coast,1790312122,,,1,,,,,3675.6
coast,1790312127,,,1,,,,,3677.3
coast,1790312132,,,1,,,,,3678.3
coast,1790312137,,,1,,,,,3679.0
fix,1790312138,3675.0,2.5,1,3675.1,0.26,10.2,accepted,3675.1
coast,1790312143,,,1,,,,,3676.2
fix,1790312148,3722.6,6.2,1,3721.3,4.87,10.1,accepted,3721.3
coast,1790312153,,,1,,,,,3741.2
coast,1790312158,,,1,,,,,3754.3
coast,1790312163,,,1,,,,,3763.0
coast,1790312168,,,1,,,,,3768.7
coast,1790312173,,,1,,,,,3772.4
coast,1790312178,,,1,,,,,3774.9
coast,1790312183,,,1,,,,,3776.5
coast,1790312188,,,1,,,,,3777.6
coast,1790312193,,,1,,,,,3778.3
fix,1790312196,3900.3,1.9,1,3900.3,3.30,10.2,accepted,3900.3
coast,1790312201,,,1,,,,,3913.8
coast,1790312206,,,1,,,,,3922.7
coast,1790312211,,,1,,,,,3928.5
coast,1790312216,,,1,,,,,3932.4
coast,1790312221,,,1,,,,,3934.9
coast,1790312226,,,1,,,,,3936.6
coast,1790312231,,,1,,,,,3937.7
coast,1790312236,,,1,,,,,3938.5
coast,1790312241,,,1,,,,,3938.9
coast,1790312246,,,1,,,,,3939.3
coast,1790312251,,,1,,,,,3939.5
fix,1790312255,4149.9,1.8,1,4149.9,4.51,10.2,accepted,4149.9
coast,1790312260,,,1,,,,,4168.3
coast,1790312265,,,1,,,,,4180.4
coast,1790312270,,,1,,,,,4188.5
coast,1790312275,,,1,,,,,4193.7
coast,1790312280,,,1,,,,,4197.2
coast,1790312285,,,1,,,,,4199.5
fix,1790312288,4312.1,5.8,1,4312.0,4.99,10.2,accepted,4312.0
coast,1790312293,,,1,,,,,4332.5
coast,1790312298,,,1,,,,,4345.9
coast,1790312303,,,1,,,,,4354.8
coast,1790312308,,,1,,,,,4360.6
coast,1790312313,,,1,,,,,4364.5
coast,1790312318,,,1,,,,,4367.0
coast,1790312323,,,1,,,,,4368.7
coast,1790312328,,,1,,,,,4369.8
coast,1790312333,,,1,,,,,4370.5
coast,1790312338,,,1,,,,,4371.0
coast,1790312343,,,1,,,,,4371.3
fix,1790312345,4675.0,1.4,1,4674.9,6.81,10.2,accepted,4674.9
coast,1790312350,,,1,,,,,4702.8
coast,1790312355,,,1,,,,,4721.1
coast,1790312360,,,1,,,,,4733.2
coast,1790312365,,,1,,,,,4741.2
coast,1790312370,,,1,,,,,4746.5
coast,1790312375,,,1,,,,,4750.0
coast,1790312380,,,1,,,,,4752.2
coast,1790312385,,,1,,,,,4753.8
coast,1790312390,,,1,,,,,4754.7
coast,1790312395,,,1,,,,,4755.4
coast,1790312400,,,1,,,,,4755.8
coast,1790312405,,,1,,,,,4756.1
fix,1790312408,5061.9,1.5,1,5061.9,5.95,10.2,accepted,5061.9
coast,1790312413,,,1,,,,,5086.3
coast,1790312418,,,1,,,,,5102.3
coast,1790312423,,,1,,,,,5112.9
coast,1790312428,,,1,,,,,5119.9
coast,1790312433,,,1,,,,,5124.5
coast,1790312438,,,1,,,,,5127.5
coast,1790312443,,,1,,,,,5129.5
coast,1790312448,,,1,,,,,5130.8
coast,1790312453,,,1,,,,,5131.7
fix,1790312458,5391.0,6.3,1,5391.0,6.73,10.2,accepted,5391.0
coast,1790312463,,,1,,,,,5418.5
coast,1790312468,,,1,,,,,5436.7
coast,1790312473,,,1,,,,,5448.6
coast,1790312478,,,1,,,,,5456.5
coast,1790312483,,,1,,,,,5461.7
coast,1790312488,,,1,,,,,5465.1
coast,1790312493,,,1,,,,,5467.4
coast,1790312498,,,1,,,,,5468.9
coast,1790312503,,,1,,,,,5469.9
coast,1790312508,,,1,,,,,5470.5
coast,1790312513,,,1,,,,,5470.9
fix,1790312518,5793.6,1.8,1,5793.6,6.70,10.2,accepted,5793.6
coast,1790312523,,,1,,,,,5821.0
fix,1790312528,5881.0,4.1,1,5880.5,8.79,10.1,accepted,5880.5
coast,1790312533,,,1,,,,,5916.5
coast,1790312538,,,1,,,,,5940.2
coast,1790312543,,,1,,,,,5955.8
coast,1790312548,,,1,,,,,5966.1
coast,1790312553,,,1,,,,,5972.9
coast,1790312558,,,1,,,,,5977.4
coast,1790312563,,,1,,,,,5980.3
coast,1790312568,,,1,,,,,5982.3
coast,1790312573,,,1,,,,,5983.6
fix,1790312578,6164.1,9.7,1,6164.2,4.47,10.2,accepted,6164.2
coast,1790312583,,,1,,,,,6182.5
coast,1790312588,,,1,,,,,6194.5
coast,1790312593,,,1,,,,,6202.5
coast,1790312598,,,1,,,,,6207.7
coast,1790312603,,,1,,,,,6211.2
coast,1790312608,,,1,,,,,6213.4
coast,1790312613,,,1,,,,,6214.9
coast,1790312618,,,1,,,,,6215.9
coast,1790312623,,,1,,,,,6216.6
coast,1790312628,,,1,,,,,6217.0
coast,1790312633,,,1,,,,,6217.3
fix,1790312637,6687.4,4.0,1,6687.3,10.16,10.2,accepted,6687.3
coast,1790312642,,,1,,,,,6728.9
coast,1790312647,,,1,,,,,6756.2
coast,1790312652,,,1,,,,,6774.3
coast,1790312657,,,1,,,,,6786.2
coast,1790312662,,,1,,,,,6794.0
coast,1790312667,,,1,,,,,6799.2
coast,1790312672,,,1,,,,,6802.6
coast,1790312677,,,1,,,,,6804.9
coast,1790312682,,,1,,,,,6806.4
coast,1790312687,,,1,,,,,6807.3
coast,1790312692,,,1,,,,,6808.0
fix,1790312695,6872.0,0.9,1,6872.2,1.33,10.2,accepted,6872.2
coast,1790312700,,,1,,,,,6877.6
coast,1790312705,,,1,,,,,6881.2
fix,1790312709,7022.9,10.6,1,7021.4,11.50,10.2,accepted,7021.4
coast,1790312714,,,1,,,,,7068.4
fix,1790312719,7122.6,1.9,1,7123.3,10.10,10.0,accepted,7123.3
coast,1790312724,,,1,,,,,7164.6
coast,1790312729,,,1,,,,,7191.9
coast,1790312734,,,1,,,,,7209.8
coast,1790312739,,,1,,,,,7221.6
coast,1790312744,,,1,,,,,7229.4
coast,1790312749,,,1,,,,,7234.6
coast,1790312754,,,1,,,,,7238.0
coast,1790312759,,,1,,,,,7240.2
coast,1790312764,,,1,,,,,7241.7
coast,1790312769,,,1,,,,,7242.7
coast,1790312774,,,1,,,,,7243.3
coast,1790312779,,,1,,,,,7243.7
coast,1790312784,,,1,,,,,7244.0
coast,1790312789,,,1,,,,,7244.2
coast,1790312794,,,1,,,,,7244.3
coast,1790312799,,,1,,,,,7244.4
coast,1790312804,,,1,,,,,7244.4
coast,1790312809,,,1,,,,,7244.5
fix,1790312810,7273.4,1.3,1,7273.5,-2.01,10.2,accepted,7273.5
coast,1790312815,,,1,,,,,7265.3
coast,1790312820,,,1,,,,,7259.9
coast,1790312825,,,1,,,,,7256.3
coast,1790312830,,,1,,,,,7253.9
coast,1790312835,,,1,,,,,7252.4
coast,1790312840,,,1,,,,,7251.4
coast,1790312845,,,1,,,,,7250.7
coast,1790312850,,,1,,,,,7250.2
coast,1790312855,,,1,,,,,7249.9
coast,1790312860,,,1,,,,,7249.7
coast,1790312865,,,1,,,,,7249.6
fix,1790312870,7307.5,18.7,1,7307.5,1.15,10.2,accepted,7307.5
coast,1790312875,,,1,,,,,7312.2
coast,1790312880,,,1,,,,,7315.3
coast,1790312885,,,1,,,,,7317.3
coast,1790312890,,,1,,,,,7318.7
coast,1790312895,,,1,,,,,7319.6
coast,1790312900,,,1,,,,,7320.2
coast,1790312905,,,1,,,,,7320.5
coast,1790312910,,,1,,,,,7320.8
coast,1790312915,,,1,,,,,7321.0
coast,1790312920,,,1,,,,,7321.1
coast,1790312925,,,1,,,,,7321.1
fix,1790312929,7307.5,8.7,1,7307.5,-0.30,10.2,accepted,7307.5
coast,1790312934,,,1,,,,,7306.3
coast,1790312939,,,1,,,,,7305.5
coast,1790312944,,,1,,,,,7305.0
coast,1790312949,,,1,,,,,7304.6
coast,1790312954,,,1,,,,,7304.4
coast,1790312959,,,1,,,,,7304.2
coast,1790312964,,,1,,,,,7304.1
coast,1790312969,,,1,,,,,7304.1
coast,1790312974,,,1,,,,,7304.0
coast,1790312979,,,1,,,,,7304.0
coast,1790312984,,,1,,,,,7304.0
coast,1790312989,,,1,,,,,7304.0
coast,1790312994,,,1,,,,,7304.0
coast,1790312999,,,1,,,,,7304.0
coast,1790313004,,,1,,,,,7304.0
coast,1790313009,,,1,,,,,7304.0
coast,1790313014,,,1,,,,,7304.0
coast,1790313019,,,1,,,,,7304.0
coast,1790313024,,,1,,,,,7304.0
coast,1790313029,,,1,,,,,7304.0
coast,1790313034,,,1,,,,,7303.9
coast,1790313039,,,1,,,,,7303.9
coast,1790313044,,,1,,,,,7303.9
coast,1790313049,,,1,,,,,7303.9
coast,1790313054,,,1,,,,,7303.9
coast,1790313059,,,1,,,,,7303.9
coast,1790313064,,,1,,,,,7303.9
coast,1790313069,,,1,,,,,7303.9
coast,1790313074,,,1,,,,,7303.9
coast,1790313079,,,1,,,,,7303.9
coast,1790313084,,,1,,,,,7303.9
coast,1790313089,,,1,,,,,7303.9
coast,1790313094,,,1,,,,,7303.9
coast,1790313099,,,1,,,,,7303.9
coast,1790313104,,,1,,,,,7303.9
coast,1790313109,,,1,,,,,7303.9
coast,1790313114,,,1,,,,,7303.9
coast,1790313119,,,1,,,,,7303.9
coast,1790313124,,,1,,,,,7303.9
coast,1790313129,,,1,,,,,7303.9
coast,1790313134,,,1,,,,,7303.9
coast,1790313139,,,1,,,,,7303.9
coast,1790313144,,,1,,,,,7303.9
coast,1790313149,,,1,,,,,7303.9
coast,1790313154,,,1,,,,,7303.9
coast,1790313159,,,1,,,,,7303.9
coast,1790313164,,,1,,,,,7303.9
coast,1790313169,,,1,,,,,7303.9
coast,1790313174,,,1,,,,,7303.9
coast,1790313179,,,1,,,,,7303.9
coast,1790313184,,,1,,,,,7303.9
coast,1790313189,,,1,,,,,7303.9
coast,1790313194,,,1,,,,,7303.9
coast,1790313199,,,1,,,,,7303.9
coast,1790313204,,,1,,,,,7303.9
coast,1790313209,,,1,,,,,7303.9
coast,1790313214,,,1,,,,,7303.9
coast,1790313219,,,1,,,,,7303.9
coast,1790313224,,,1,,,,,7303.9
coast,1790313229,,,1,,,,,7303.9
coast,1790313234,,,1,,,,,7303.9
coast,1790313239,,,1,,,,,7303.9
coast,1790313244,,,1,,,,,7303.9
coast,1790313249,,,1,,,,,7303.9
coast,1790313254,,,1,,,,,7303.9
coast,1790313259,,,1,,,,,7303.9
coast,1790313264,,,1,,,,,7303.9
coast,1790313269,,,1,,,,,7303.9
coast,1790313274,,,1,,,,,7303.9
coast,1790313279,,,1,,,,,7303.9
coast,1790313284,,,1,,,,,7303.9
coast,1790313289,,,1,,,,,7303.9
coast,1790313294,,,1,,,,,7303.9
coast,1790313299,,,1,,,,,7303.9
coast,1790313304,,,1,,,,,7303.9
coast,1790313309,,,1,,,,,7303.9
coast,1790313314,,,1,,,,,7303.9
coast,1790313319,,,1,,,,,7303.9
coast,1790313324,,,1,,,,,7303.9
coast,1790313329,,,1,,,,,7303.9
coast,1790313334,,,1,,,,,7303.9
coast,1790313339,,,1,,,,,7303.9
coast,1790313344,,,1,,,,,7303.9
coast,1790313349,,,1,,,,,7303.9
coast,1790313354,,,1,,,,,7303.9
coast,1790313359,,,1,,,,,7303.9
coast,1790313364,,,1,,,,,7303.9
coast,1790313369,,,1,,,,,7303.9
coast,1790313374,,,1,,,,,7303.9
coast,1790313379,,,1,,,,,7303.9
coast,1790313384,,,1,,,,,7303.9
coast,1790313389,,,1,,,,,7303.9
coast,1790313394,,,1,,,,,7303.9
coast,1790313399,,,1,,,,,7303.9
coast,1790313404,,,1,,,,,7303.9
coast,1790313409,,,1,,,,,7303.9
coast,1790313414,,,1,,,,,7303.9
coast,1790313419,,,1,,,,,7303.9
coast,1790313424,,,1,,,,,7303.9
coast,1790313429,,,1,,,,,7303.9
coast,1790313434,,,1,,,,,7303.9
coast,1790313439,,,1,,,,,7303.9
coast,1790313444,,,1,,,,,7303.9
coast,1790313449,,,1,,,,,7303.9
coast,1790313454,,,1,,,,,7303.9
coast,1790313459,,,1,,,,,7303.9
coast,1790313464,,,1,,,,,7303.9
coast,1790313469,,,1,,,,,7303.9
coast,1790313474,,,1,,,,,7303.9
coast,1790313479,,,1,,,,,7303.9
coast,1790313484,,,1,,,,,7303.9
coast,1790313489,,,1,,,,,7303.9
coast,1790313494,,,1,,,,,7303.9
coast,1790313499,,,1,,,,,7303.9
coast,1790313504,,,1,,,,,7303.9
coast,1790313509,,,1,,,,,7303.9
coast,1790313514,,,1,,,,,7303.9
coast,1790313519,,,1,,,,,7303.9
coast,1790313524,,,1,,,,,7303.9
coast,1790313529,,,1,,,,,7303.9
coast,1790313534,,,1,,,,,7303.9
coast,1790313539,,,1,,,,,7303.9
coast,1790313544,,,1,,,,,7303.9
coast,1790313549,,,1,,,,,7303.9
coast,1790313554,,,1,,,,,7303.9
coast,1790313559,,,1,,,,,7303.9
coast,1790313564,,,1,,,,,7303.9
fix,1790313569,7307.5,8.7,1,7307.5,0.14,10.2,accepted,7307.5
coast,1790313574,,,1,,,,,7308.1
fix,1790313579,7350.2,1.1,1,7350.1,4.28,10.2,accepted,7350.1
coast,1790313584,,,1,,,,,7367.6
coast,1790313589,,,1,,,,,7379.1
coast,1790313594,,,1,,,,,7386.8
coast,1790313599,,,1,,,,,7391.8
coast,1790313604,,,1,,,,,7395.1
fix,1790313606,7462.1,0.0,1,7462.1,4.11,10.2,accepted,7462.1
coast,1790313611,,,1,,,,,7478.9
coast,1790313616,,,1,,,,,7490.0
coast,1790313621,,,1,,,,,7497.3
coast,1790313626,,,1,,,,,7502.1
coast,1790313631,,,1,,,,,7505.3
coast,1790313636,,,1,,,,,7507.4
coast,1790313641,,,1,,,,,7508.8
coast,1790313646,,,1,,,,,7509.7
coast,1790313651,,,1,,,,,7510.3
coast,1790313656,,,1,,,,,7510.7
coast,1790313661,,,1,,,,,7510.9
coast,1790313666,,,1,,,,,7511.1
coast,1790313671,,,1,,,,,7511.2
coast,1790313676,,,1,,,,,7511.3
coast,1790313681,,,1,,,,,7511.3
coast,1790313686,,,1,,,,,7511.4
coast,1790313691,,,1,,,,,7511.4
coast,1790313696,,,1,,,,,7511.4
coast,1790313701,,,1,,,,,7511.4
coast,1790313706,,,1,,,,,7511.4
coast,1790313711,,,1,,,,,7511.4
coast,1790313716,,,1,,,,,7511.4
coast,1790313721,,,1,,,,,7511.4
coast,1790313726,,,1,,,,,7511.4
coast,1790313731,,,1,,,,,7511.4
coast,1790313736,,,1,,,,,7511.4
coast,1790313741,,,1,,,,,7511.4
coast,1790313746,,,1,,,,,7511.4
coast,1790313751,,,1,,,,,7511.4
coast,1790313756,,,1,,,,,7511.4
coast,1790313761,,,1,,,,,7511.4
coast,1790313766,,,1,,,,,7511.4
coast,1790313771,,,1,,,,,7511.4
coast,1790313776,,,1,,,,,7511.4
coast,1790313781,,,1,,,,,7511.4
coast,1790313786,,,1,,,,,7511.4
coast,1790313791,,,1,,,,,7511.4
coast,1790313796,,,1,,,,,7511.4
coast,1790313801,,,1,,,,,7511.4
coast,1790313806,,,1,,,,,7511.4
coast,1790313811,,,1,,,,,7511.4
coast,1790313816,,,1,,,,,7511.4
coast,1790313821,,,1,,,,,7511.4
coast,1790313826,,,1,,,,,7511.4
coast,1790313831,,,1,,,,,7511.4
coast,1790313836,,,1,,,,,7511.4
coast,1790313841,,,1,,,,,7511.4
coast,1790313846,,,1,,,,,7511.4
coast,1790313851,,,1,,,,,7511.4
coast,1790313856,,,1,,,,,7511.4
coast,1790313861,,,1,,,,,7511.4
coast,1790313866,,,1,,,,,7511.4
coast,1790313871,,,1,,,,,7511.4
coast,1790313876,,,1,,,,,7511.4
coast,1790313881,,,1,,,,,7511.4
coast,1790313886,,,1,,,,,7511.4
coast,1790313891,,,1,,,,,7511.4
coast,1790313896,,,1,,,,,7511.4
coast,1790313901,,,1,,,,,7511.4
coast,1790313906,,,1,,,,,7511.4
coast,1790313911,,,1,,,,,7511.4
coast,1790313916,,,1,,,,,7511.4
coast,1790313921,,,1,,,,,7511.4
coast,1790313926,,,1,,,,,7511.4
coast,1790313931,,,1,,,,,7511.4
coast,1790313936,,,1,,,,,7511.4
coast,1790313941,,,1,,,,,7511.4
coast,1790313946,,,1,,,,,7511.4
coast,1790313951,,,1,,,,,7511.4
coast,1790313956,,,1,,,,,7511.4
coast,1790313961,,,1,,,,,7511.4
coast,1790313966,,,1,,,,,7511.4
coast,1790313971,,,1,,,,,7511.4
coast,1790313976,,,1,,,,,7511.4
coast,1790313981,,,1,,,,,7511.4
coast,1790313986,,,1,,,,,7511.4
coast,1790313991,,,1,,,,,7511.4
coast,1790313996,,,1,,,,,7511.4
coast,1790314001,,,1,,,,,7511.4
coast,1790314006,,,1,,,,,7511.4
coast,1790314011,,,1,,,,,7511.4
coast,1790314016,,,1,,,,,7511.4
coast,1790314021,,,1,,,,,7511.4
coast,1790314026,,,1,,,,,7511.4
coast,1790314031,,,1,,,,,7511.4
coast,1790314036,,,1,,,,,7511.4
coast,1790314041,,,1,,,,,7511.4
coast,1790314046,,,1,,,,,7511.4
coast,1790314051,,,1,,,,,7511.4
coast,1790314056,,,1,,,,,7511.4
coast,1790314061,,,1,,,,,7511.4
coast,1790314066,,,1,,,,,7511.4
coast,1790314071,,,1,,,,,7511.4
coast,1790314076,,,1,,,,,7511.4
coast,1790314081,,,1,,,,,7511.4
coast,1790314086,,,1,,,,,7511.4
coast,1790314091,,,1,,,,,7511.4
coast,1790314096,,,1,,,,,7511.4
coast,1790314101,,,1,,,,,7511.4
coast,1790314106,,,1,,,,,7511.4
coast,1790314111,,,1,,,,,7511.4
coast,1790314116,,,1,,,,,7511.4
coast,1790314121,,,1,,,,,7511.4
coast,1790314126,,,1,,,,,7511.4
coast,1790314131,,,1,,,,,7511.4
coast,1790314136,,,1,,,,,7511.4
coast,1790314141,,,1,,,,,7511.4
coast,1790314146,,,1,,,,,7511.4
coast,1790314151,,,1,,,,,7511.4
coast,1790314156,,,1,,,,,7511.4
coast,1790314161,,,1,,,,,7511.4
coast,1790314166,,,1,,,,,7511.4
coast,1790314171,,,1,,,,,7511.4
coast,1790314176,,,1,,,,,7511.4
coast,1790314181,,,1,,,,,7511.4
coast,1790314186,,,1,,,,,7511.4
coast,1790314191,,,1,,,,,7511.4
coast,1790314196,,,1,,,,,7511.4
coast,1790314201,,,1,,,,,7511.4
coast,1790314206,,,1,,,,,7511.4
coast,1790314211,,,1,,,,,7511.4
coast,1790314216,,,1,,,,,7511.4
coast,1790314221,,,1,,,,,7511.4
coast,1790314226,,,1,,,,,7511.4
coast,1790314231,,,1,,,,,7511.4
coast,1790314236,,,1,,,,,7511.4
coast,1790314241,,,1,,,,,7511.4
coast,1790314246,,,1,,,,,7511.4
coast,1790314251,,,1,,,,,7511.4
coast,1790314256,,,1,,,,,7511.4
coast,1790314261,,,1,,,,,7511.4
coast,1790314266,,,1,,,,,7511.4
coast,1790314271,,,1,,,,,7511.4
coast,1790314276,,,1,,,,,7511.4
coast,1790314281,,,1,,,,,7511.4
coast,1790314286,,,1,,,,,7511.4
coast,1790314291,,,1,,,,,7511.4
coast,1790314296,,,1,,,,,7511.4
coast,1790314301,,,1,,,,,7511.4
coast,1790314306,,,1,,,,,7511.4
coast,1790314311,,,1,,,,,7511.4
coast,1790314316,,,1,,,,,7511.4
coast,1790314321,,,1,,,,,7511.4
coast,1790314326,,,1,,,,,7511.4
coast,1790314331,,,1,,,,,7511.4
coast,1790314336,,,1,,,,,7511.4
coast,1790314341,,,1,,,,,7511.4
coast,1790314346,,,1,,,,,7511.4
coast,1790314351,,,1,,,,,7511.4
coast,1790314356,,,1,,,,,7511.4
coast,1790314361,,,1,,,,,7511.4
coast,1790314366,,,1,,,,,7511.4
coast,1790314371,,,1,,,,,7511.4
coast,1790314376,,,1,,,,,7511.4
coast,1790314381,,,1,,,,,7511.4
coast,1790314386,,,1,,,,,7511.4
coast,1790314391,,,1,,,,,7511.4
coast,1790314396,,,1,,,,,7511.4
coast,1790314401,,,1,,,,,7511.4
coast,1790314406,,,1,,,,,7511.4
coast,1790314411,,,1,,,,,7511.4
coast,1790314416,,,1,,,,,7511.4
coast,1790314421,,,1,,,,,7511.4
coast,1790314426,,,1,,,,,7511.4
coast,1790314431,,,1,,,,,7511.4
coast,1790314436,,,1,,,,,7511.4
coast,1790314441,,,1,,,,,7511.4
coast,1790314446,,,1,,,,,7511.4
coast,1790314451,,,1,,,,,7511.4
coast,1790314456,,,1,,,,,7511.4
coast,1790314461,,,1,,,,,7511.4
coast,1790314466,,,1,,,,,7511.4
coast,1790314471,,,1,,,,,7511.4
coast,1790314476,,,1,,,,,7511.4
coast,1790314481,,,1,,,,,7511.4
coast,1790314486,,,1,,,,,7511.4
coast,1790314491,,,1,,,,,7511.4
coast,1790314496,,,1,,,,,7511.4
coast,1790314501,,,1,,,,,7511.4
coast,1790314506,,,1,,,,,7511.4
coast,1790314511,,,1,,,,,7511.4
coast,1790314516,,,1,,,,,7511.4
coast,1790314521,,,1,,,,,7511.4
coast,1790314526,,,1,,,,,7511.4
coast,1790314531,,,1,,,,,7511.4
coast,1790314536,,,1,,,,,7511.4
coast,1790314541,,,1,,,,,7511.4
coast,1790314546,,,1,,,,,7511.4
coast,1790314551,,,1,,,,,7511.4
coast,1790314556,,,1,,,,,7511.4
coast,1790314561,,,1,,,,,7511.4
coast,1790314566,,,1,,,,,7511.4
coast,1790314571,,,1,,,,,7511.4
coast,1790314576,,,1,,,,,7511.4
coast,1790314581,,,1,,,,,7511.4
coast,1790314586,,,1,,,,,7511.4
coast,1790314591,,,1,,,,,7511.4
coast,1790314596,,,1,,,,,7511.4
coast,1790314601,,,1,,,,,7511.4
coast,1790314606,,,1,,,,,7511.4
coast,1790314611,,,1,,,,,7511.4
coast,1790314616,,,1,,,,,7511.4
coast,1790314621,,,1,,,,,7511.4
coast,1790314626,,,1,,,,,7511.4
coast,1790314631,,,1,,,,,7511.4
coast,1790314636,,,1,,,,,7511.4
coast,1790314641,,,1,,,,,7511.4
coast,1790314646,,,1,,,,,7511.4
coast,1790314651,,,1,,,,,7511.4
coast,1790314656,,,1,,,,,7511.4
coast,1790314661,,,1,,,,,7511.4
coast,1790314666,,,1,,,,,7511.4
coast,1790314671,,,1,,,,,7511.4
coast,1790314676,,,1,,,,,7511.4
coast,1790314681,,,1,,,,,7511.4
coast,1790314686,,,1,,,,,7511.4
coast,1790314691,,,1,,,,,7511.4
coast,1790314696,,,1,,,,,7511.4
coast,1790314701,,,1,,,,,7511.4
coast,1790314706,,,1,,,,,7511.4
coast,1790314711,,,1,,,,,7511.4
coast,1790314716,,,1,,,,,7511.4
coast,1790314721,,,1,,,,,7511.4
coast,1790314726,,,1,,,,,7511.4
coast,1790314731,,,1,,,,,7511.4
coast,1790314736,,,1,,,,,7511.4
coast,1790314741,,,1,,,,,7511.4
coast,1790314746,,,1,,,,,7511.4
coast,1790314751,,,1,,,,,7511.4
coast,1790314756,,,1,,,,,7511.4
coast,1790314761,,,1,,,,,7511.4
coast,1790314766,,,1,,,,,7511.4
coast,1790314771,,,1,,,,,7511.4
coast,1790314776,,,1,,,,,7511.4
coast,1790314781,,,1,,,,,7511.4
coast,1790314786,,,1,,,,,7511.4
coast,1790314791,,,1,,,,,7511.4
coast,1790314796,,,1,,,,,7511.4
coast,1790314801,,,1,,,,,7511.4
coast,1790314806,,,1,,,,,7511.4
coast,1790314811,,,1,,,,,7511.4
coast,1790314816,,,1,,,,,7511.4
coast,1790314821,,,1,,,,,7511.4
coast,1790314826,,,1,,,,,7511.4
coast,1790314831,,,1,,,,,7511.4
coast,1790314836,,,1,,,,,7511.4
coast,1790314841,,,1,,,,,7511.4
coast,1790314846,,,1,,,,,7511.4
coast,1790314851,,,1,,,,,7511.4
coast,1790314856,,,1,,,,,7511.4
coast,1790314861,,,1,,,,,7511.4
coast,1790314866,,,1,,,,,7511.4
coast,1790314871,,,1,,,,,7511.4
coast,1790314876,,,1,,,,,7511.4
coast,1790314881,,,1,,,,,7511.4
coast,1790314886,,,1,,,,,7511.4
coast,1790314891,,,1,,,,,7511.4
coast,1790314896,,,1,,,,,7511.4
coast,1790314901,,,1,,,,,7511.4
coast,1790314906,,,1,,,,,7511.4
coast,1790314911,,,1,,,,,7511.4
coast,1790314916,,,1,,,,,7511.4
coast,1790314921,,,1,,,,,7511.4
coast,1790314926,,,1,,,,,7511.4
coast,1790314931,,,1,,,,,7511.4
coast,1790314936,,,1,,,,,7511.4
coast,1790314941,,,1,,,,,7511.4
coast,1790314946,,,1,,,,,7511.4
coast,1790314951,,,1,,,,,7511.4
coast,1790314956,,,1,,,,,7511.4
coast,1790314961,,,1,,,,,7511.4
coast,1790314966,,,1,,,,,7511.4
coast,1790314971,,,1,,,,,7511.4
coast,1790314976,,,1,,,,,7511.4
coast,1790314981,,,1,,,,,7511.4
coast,1790314986,,,1,,,,,7511.4
coast,1790314991,,,1,,,,,7511.4
coast,1790314996,,,1,,,,,7511.4
coast,1790315001,,,1,,,,,7511.4
coast,1790315006,,,1,,,,,7511.4
coast,1790315011,,,1,,,,,7511.4
coast,1790315016,,,1,,,,,7511.4
coast,1790315021,,,1,,,,,7511.4
coast,1790315026,,,1,,,,,7511.4
coast,1790315031,,,1,,,,,7511.4
coast,1790315036,,,1,,,,,7511.4
coast,1790315041,,,1,,,,,7511.4
coast,1790315046,,,1,,,,,7511.4
coast,1790315051,,,1,,,,,7511.4
coast,1790315056,,,1,,,,,7511.4
coast,1790315061,,,1,,,,,7511.4
coast,1790315066,,,1,,,,,7511.4
coast,1790315071,,,1,,,,,7511.4
coast,1790315076,,,1,,,,,7511.4
coast,1790315081,,,1,,,,,7511.4
coast,1790315086,,,1,,,,,7511.4
coast,1790315091,,,1,,,,,7511.4
coast,1790315096,,,1,,,,,7511.4
coast,1790315101,,,1,,,,,7511.4
coast,1790315106,,,1,,,,,7511.4
coast,1790315111,,,1,,,,,7511.4
coast,1790315116,,,1,,,,,7511.4
coast,1790315121,,,1,,,,,7511.4
coast,1790315126,,,1,,,,,7511.4
coast,1790315131,,,1,,,,,7511.4
coast,1790315136,,,1,,,,,7511.4
coast,1790315141,,,1,,,,,7511.4
fix,1790315146,6739.4,6101.5,0,,,,,
fix,1790315240,0.0,50.2,0,,,,,
fix,1790315771,0.0,30.4,1,0.0,0.00,9.7,accepted,0.0
coast,1790315776,,,1,,,,,0.0
coast,1790315781,,,1,,,,,0.0
coast,1790315786,,,1,,,,,0.0
coast,1790315791,,,1,,,,,0.0
coast,1790315796,,,1,,,,,0.0
coast,1790315801,,,1,,,,,0.0
coast,1790315806,,,1,,,,,0.0
coast,1790315811,,,1,,,,,0.0
coast,1790315816,,,1,,,,,0.0
coast,1790315821,,,1,,,,,0.0
coast,1790315826,,,1,,,,,0.0
coast,1790315831,,,1,,,,,0.0
coast,1790315836,,,1,,,,,0.0
coast,1790315841,,,1,,,,,0.0
coast,1790315846,,,1,,,,,0.0
coast,1790315851,,,1,,,,,0.0
coast,1790315856,,,1,,,,,0.0
coast,1790315861,,,1,,,,,0.0
coast,1790315866,,,1,,,,,0.0
coast,1790315871,,,1,,,,,0.0
coast,1790315876,,,1,,,,,0.0
coast,1790315881,,,1,,,,,0.0
coast,1790315886,,,1,,,,,0.0
coast,1790315891,,,1,,,,,0.0
coast,1790315896,,,1,,,,,0.0
coast,1790315901,,,1,,,,,0.0
coast,1790315906,,,1,,,,,0.0
coast,1790315911,,,1,,,,,0.0
coast,1790315916,,,1,,,,,0.0
coast,1790315921,,,1,,,,,0.0
coast,1790315926,,,1,,,,,0.0
coast,1790315931,,,1,,,,,0.0
coast,1790315936,,,1,,,,,0.0
coast,1790315941,,,1,,,,,0.0
coast,1790315946,,,1,,,,,0.0
coast,1790315951,,,1,,,,,0.0
coast,1790315956,,,1,,,,,0.0
coast,1790315961,,,1,,,,,0.0
coast,1790315966,,,1,,,,,0.0
coast,1790315971,,,1,,,,,0.0
coast,1790315976,,,1,,,,,0.0
coast,1790315981,,,1,,,,,0.0
coast,1790315986,,,1,,,,,0.0
coast,1790315991,,,1,,,,,0.0
coast,1790315996,,,1,,,,,0.0
coast,1790316001,,,1,,,,,0.0
coast,1790316006,,,1,,,,,0.0
coast,1790316011,,,1,,,,,0.0
coast,1790316016,,,1,,,,,0.0
coast,1790316021,,,1,,,,,0.0
coast,1790316026,,,1,,,,,0.0
coast,1790316031,,,1,,,,,0.0
coast,1790316036,,,1,,,,,0.0
coast,1790316041,,,1,,,,,0.0
coast,1790316046,,,1,,,,,0.0
coast,1790316051,,,1,,,,,0.0
coast,1790316056,,,1,,,,,0.0
coast,1790316061,,,1,,,,,0.0
coast,1790316066,,,1,,,,,0.0
coast,1790316071,,,1,,,,,0.0
coast,1790316076,,,1,,,,,0.0
coast,1790316081,,,1,,,,,0.0
coast,1790316086,,,1,,,,,0.0
coast,1790316091,,,1,,,,,0.0
coast,1790316096,,,1,,,,,0.0
coast,1790316101,,,1,,,,,0.0
coast,1790316106,,,1,,,,,0.0
coast,1790316111,,,1,,,,,0.0
coast,1790316116,,,1,,,,,0.0
coast,1790316121,,,1,,,,,0.0
coast,1790316126,,,1,,,,,0.0
coast,1790316131,,,1,,,,,0.0
coast,1790316136,,,1,,,,,0.0
coast,1790316141,,,1,,,,,0.0
coast,1790316146,,,1,,,,,0.0
coast,1790316151,,,1,,,,,0.0
coast,1790316156,,,1,,,,,0.0
coast,1790316161,,,1,,,,,0.0
coast,1790316166,,,1,,,,,0.0
coast,1790316171,,,1,,,,,0.0
coast,1790316176,,,1,,,,,0.0
coast,1790316181,,,1,,,,,0.0
coast,1790316186,,,1,,,,,0.0
coast,1790316191,,,1,,,,,0.0
coast,1790316196,,,1,,,,,0.0
coast,1790316201,,,1,,,,,0.0
coast,1790316206,,,1,,,,,0.0
coast,1790316211,,,1,,,,,0.0
coast,1790316216,,,1,,,,,0.0
coast,1790316221,,,1,,,,,0.0
coast,1790316226,,,1,,,,,0.0
coast,1790316231,,,1,,,,,0.0
coast,1790316236,,,1,,,,,0.0
coast,1790316241,,,1,,,,,0.0
coast,1790316246,,,1,,,,,0.0
coast,1790316251,,,1,,,,,0.0
coast,1790316256,,,1,,,,,0.0
coast,1790316261,,,1,,,,,0.0
coast,1790316266,,,1,,,,,0.0
coast,1790316271,,,1,,,,,0.0
coast,1790316276,,,1,,,,,0.0
coast,1790316281,,,1,,,,,0.0
coast,1790316286,,,1,,,,,0.0
coast,1790316291,,,1,,,,,0.0
coast,1790316296,,,1,,,,,0.0
coast,1790316301,,,1,,,,,0.0
coast,1790316306,,,1,,,,,0.0
fix,1790316307,2.4,2.3,1,2.4,0.01,10.2,accepted,2.4
coast,1790316312,,,1,,,,,2.4
coast,1790316317,,,1,,,,,2.4
coast,1790316322,,,1,,,,,2.5
coast,1790316327,,,1,,,,,2.5
coast,1790316332,,,1,,,,,2.5
coast,1790316337,,,1,,,,,2.5
coast,1790316342,,,1,,,,,2.5
coast,1790316347,,,1,,,,,2.5
coast,1790316352,,,1,,,,,2.5
coast,1790316357,,,1,,,,,2.5
fix,1790316362,123.7,20.9,1,123.6,2.34,10.2,accepted,123.6
coast,1790316367,,,1,,,,,133.2
coast,1790316372,,,1,,,,,139.5
coast,1790316377,,,1,,,,,143.6
fix,1790316382,299.4,20.3,1,298.7,9.57,10.2,accepted,298.7
coast,1790316387,,,1,,,,,337.8
coast,1790316392,,,1,,,,,363.6
coast,1790316397,,,1,,,,,380.6
coast,1790316402,,,1,,,,,391.9
coast,1790316407,,,1,,,,,399.3
coast,1790316412,,,1,,,,,404.1
coast,1790316417,,,1,,,,,407.3
coast,1790316422,,,1,,,,,409.5
fix,1790316425,378.2,32.9,1,378.7,-0.73,10.2,accepted,378.7
coast,1790316430,,,1,,,,,375.7
coast,1790316435,,,1,,,,,373.7
coast,1790316440,,,1,,,,,372.4
coast,1790316445,,,1,,,,,371.6
coast,1790316450,,,1,,,,,371.0
coast,1790316455,,,1,,,,,370.7
fix,1790316460,395.2,61.8,1,395.1,0.76,10.2,accepted,395.1
coast,1790316465,,,1,,,,,398.2
coast,1790316470,,,1,,,,,400.3
coast,1790316475,,,1,,,,,401.6
coast,1790316480,,,1,,,,,402.5
coast,1790316485,,,1,,,,,403.1
coast,1790316490,,,1,,,,,403.5
coast,1790316495,,,1,,,,,403.7
coast,1790316500,,,1,,,,,403.9
coast,1790316505,,,1,,,,,404.0
coast,1790316510,,,1,,,,,404.1
coast,1790316515,,,1,,,,,404.1
fix,1790316519,607.7,5.2,1,607.6,4.52,10.2,accepted,607.6
coast,1790316524,,,1,,,,,626.1
coast,1790316529,,,1,,,,,638.3
coast,1790316534,,,1,,,,,646.3
fix,1790316535,638.2,8.5,1,638.6,1.66,10.2,accepted,638.6
coast,1790316540,,,1,,,,,645.3
coast,1790316545,,,1,,,,,649.8
coast,1790316550,,,1,,,,,652.8
coast,1790316555,,,1,,,,,654.7
coast,1790316560,,,1,,,,,656.0
coast,1790316565,,,1,,,,,656.8
coast,1790316570,,,1,,,,,657.4
coast,1790316575,,,1,,,,,657.7
coast,1790316580,,,1,,,,,658.0
coast,1790316585,,,1,,,,,658.1
coast,1790316590,,,1,,,,,658.2
fix,1790316594,825.6,3.6,1,825.6,3.75,10.2,accepted,825.6
coast,1790316599,,,1,,,,,840.9
coast,1790316604,,,1,,,,,851.1
coast,1790316609,,,1,,,,,857.7
coast,1790316614,,,1,,,,,862.1
coast,1790316619,,,1,,,,,865.0
coast,1790316624,,,1,,,,,866.9
coast,1790316629,,,1,,,,,868.2
coast,1790316634,,,1,,,,,869.0
coast,1790316639,,,1,,,,,869.6
coast,1790316644,,,1,,,,,869.9
coast,1790316649,,,1,,,,,870.2
fix,1790316653,1044.1,3.6,1,1044.1,3.69,10.2,accepted,1044.1
coast,1790316658,,,1,,,,,1059.2
coast,1790316663,,,1,,,,,1069.2
coast,1790316668,,,1,,,,,1075.7
coast,1790316673,,,1,,,,,1080.0
coast,1790316678,,,1,,,,,1082.9
coast,1790316683,,,1,,,,,1084.8
coast,1790316688,,,1,,,,,1086.0
coast,1790316693,,,1,,,,,1086.8
coast,1790316698,,,1,,,,,1087.4
coast,1790316703,,,1,,,,,1087.7
coast,1790316708,,,1,,,,,1087.9
coast,1790316713,,,1,,,,,1088.1
coast,1790316718,,,1,,,,,1088.2
coast,1790316723,,,1,,,,,1088.3
coast,1790316728,,,1,,,,,1088.3
coast,1790316733,,,1,,,,,1088.3
coast,1790316738,,,1,,,,,1088.4
coast,1790316743,,,1,,,,,1088.4
coast,1790316748,,,1,,,,,1088.4
coast,1790316753,,,1,,,,,1088.4
coast,1790316758,,,1,,,,,1088.4
coast,1790316763,,,1,,,,,1088.4
fix,1790316767,1179.0,4.1,1,1179.0,0.32,10.2,accepted,1179.0
coast,1790316772,,,1,,,,,1180.3
coast,1790316777,,,1,,,,,1181.2
fix,1790316780,1352.5,5.9,1,1351.1,13.88,10.2,accepted,1351.1
coast,1790316785,,,1,,,,,1407.8
coast,1790316790,,,1,,,,,1445.2
coast,1790316795,,,1,,,,,1469.9
fix,1790316799,1519.0,3.4,1,1520.2,7.72,10.2,accepted,1520.2
coast,1790316804,,,1,,,,,1551.7
coast,1790316809,,,1,,,,,1572.5
coast,1790316814,,,1,,,,,1586.3
coast,1790316819,,,1,,,,,1595.3
coast,1790316824,,,1,,,,,1601.3
fix,1790316825,1712.4,2.1,1,1712.4,7.31,10.2,accepted,1712.4
coast,1790316830,,,1,,,,,1742.3
coast,1790316835,,,1,,,,,1762.0
coast,1790316840,,,1,,,,,1775.0
coast,1790316845,,,1,,,,,1783.6
coast,1790316850,,,1,,,,,1789.2
coast,1790316855,,,1,,,,,1792.9
coast,1790316860,,,1,,,,,1795.4
coast,1790316865,,,1,,,,,1797.0
coast,1790316870,,,1,,,,,1798.1
coast,1790316875,,,1,,,,,1798.8
fix,1790316876,1779.6,0.9,1,1779.9,-0.71,10.2,accepted,1779.9
coast,1790316881,,,1,,,,,1777.0
coast,1790316886,,,1,,,,,1775.1
coast,1790316891,,,1,,,,,1773.8
coast,1790316896,,,1,,,,,1773.0
fix,1790316898,1813.2,2.1,1,1813.0,1.86,10.2,accepted,1813.0
coast,1790316903,,,1,,,,,1820.6
coast,1790316908,,,1,,,,,1825.6
coast,1790316913,,,1,,,,,1828.9
coast,1790316918,,,1,,,,,1831.1
coast,1790316923,,,1,,,,,1832.5
coast,1790316928,,,1,,,,,1833.5
coast,1790316933,,,1,,,,,1834.1
coast,1790316938,,,1,,,,,1834.5
coast,1790316943,,,1,,,,,1834.8
coast,1790316948,,,1,,,,,1834.9
fix,1790316950,2021.2,2.5,1,2021.1,4.75,10.2,accepted,2021.1
coast,1790316955,,,1,,,,,2040.5
coast,1790316960,,,1,,,,,2053.3
coast,1790316965,,,1,,,,,2061.8
coast,1790316970,,,1,,,,,2067.3
coast,1790316975,,,1,,,,,2071.0
coast,1790316980,,,1,,,,,2073.4
coast,1790316985,,,1,,,,,2075.0
coast,1790316990,,,1,,,,,2076.1
coast,1790316995,,,1,,,,,2076.8
coast,1790317000,,,1,,,,,2077.2
coast,1790317005,,,1,,,,,2077.5
fix,1790317009,2226.9,0.5,1,2226.9,3.13,10.2,accepted,2226.9
coast,1790317014,,,1,,,,,2239.7
coast,1790317019,,,1,,,,,2248.1
coast,1790317024,,,1,,,,,2253.7
coast,1790317029,,,1,,,,,2257.4
coast,1790317034,,,1,,,,,2259.8
coast,1790317039,,,1,,,,,2261.4
coast,1790317044,,,1,,,,,2262.4
coast,1790317049,,,1,,,,,2263.1
coast,1790317054,,,1,,,,,2263.6
coast,1790317059,,,1,,,,,2263.9
coast,1790317064,,,1,,,,,2264.1
fix,1790317069,2256.8,7.1,1,2256.8,-0.21,10.2,accepted,2256.8
coast,1790317074,,,1,,,,,2256.0
coast,1790317079,,,1,,,,,2255.4
coast,1790317084,,,1,,,,,2255.0
coast,1790317089,,,1,,,,,2254.8
coast,1790317094,,,1,,,,,2254.6
coast,1790317099,,,1,,,,,2254.5
coast,1790317104,,,1,,,,,2254.4
coast,1790317109,,,1,,,,,2254.4
coast,1790317114,,,1,,,,,2254.4
coast,1790317119,,,1,,,,,2254.4
coast,1790317124,,,1,,,,,2254.3
fix,1790317128,2414.7,0.0,1,2414.6,3.44,10.2,accepted,2414.6
coast,1790317133,,,1,,,,,2428.7
coast,1790317138,,,1,,,,,2438.0
coast,1790317143,,,1,,,,,2444.1
coast,1790317148,,,1,,,,,2448.1
coast,1790317153,,,1,,,,,2450.7
coast,1790317158,,,1,,,,,2452.5
coast,1790317163,,,1,,,,,2453.6
coast,1790317168,,,1,,,,,2454.4
coast,1790317173,,,1,,,,,2454.9
coast,1790317178,,,1,,,,,2455.2
coast,1790317183,,,1,,,,,2455.5
fix,1790317188,2551.4,2.2,1,2551.4,1.97,10.2,accepted,2551.4
coast,1790317193,,,1,,,,,2559.4
coast,1790317198,,,1,,,,,2564.7
coast,1790317203,,,1,,,,,2568.2
coast,1790317208,,,1,,,,,2570.5
coast,1790317213,,,1,,,,,2572.1
coast,1790317218,,,1,,,,,2573.1
fix,1790317219,2593.3,0.8,1,2593.4,1.24,10.2,accepted,2593.4
coast,1790317224,,,1,,,,,2598.5
coast,1790317229,,,1,,,,,2601.8
coast,1790317234,,,1,,,,,2604.0
coast,1790317239,,,1,,,,,2605.5
coast,1790317244,,,1,,,,,2606.4
coast,1790317249,,,1,,,,,2607.1
coast,1790317254,,,1,,,,,2607.5
coast,1790317259,,,1,,,,,2607.8
coast,1790317264,,,1,,,,,2607.9
coast,1790317269,,,1,,,,,2608.1
coast,1790317274,,,1,,,,,2608.1
fix,1790317278,2749.5,2.9,1,2749.4,3.11,10.2,accepted,2749.4
coast,1790317283,,,1,,,,,2762.2
coast,1790317288,,,1,,,,,2770.5
fix,1790317290,2851.8,2.9,1,2850.7,8.83,10.2,accepted,2850.7
coast,1790317295,,,1,,,,,2886.8
coast,1790317300,,,1,,,,,2910.6
fix,1790317305,2966.4,4.0,1,2966.8,7.54,10.1,accepted,2966.8
coast,1790317310,,,1,,,,,2997.6
coast,1790317315,,,1,,,,,3017.9
coast,1790317320,,,1,,,,,3031.3
coast,1790317325,,,1,,,,,3040.1
coast,1790317330,,,1,,,,,3045.9
fix,1790317334,3047.2,5.6,1,3047.8,1.35,10.2,accepted,3047.8
coast,1790317339,,,1,,,,,3053.3
coast,1790317344,,,1,,,,,3057.0
coast,1790317349,,,1,,,,,3059.4
coast,1790317354,,,1,,,,,3060.9
coast,1790317359,,,1,,,,,3062.0
coast,1790317364,,,1,,,,,3062.7
coast,1790317369,,,1,,,,,3063.1
coast,1790317374,,,1,,,,,3063.4
coast,1790317379,,,1,,,,,3063.6
coast,1790317384,,,1,,,,,3063.7
coast,1790317389,,,1,,,,,3063.8
fix,1790317393,3317.3,7.5,1,3317.2,5.68,10.2,accepted,3317.2
coast,1790317398,,,1,,,,,3340.5
coast,1790317403,,,1,,,,,3355.8
coast,1790317408,,,1,,,,,3365.9
coast,1790317413,,,1,,,,,3372.5
fix,1790317415,3335.4,1.8,1,3335.9,0.14,10.2,accepted,3335.9
coast,1790317420,,,1,,,,,3336.4
coast,1790317425,,,1,,,,,3336.8
coast,1790317430,,,1,,,,,3337.0
coast,1790317435,,,1,,,,,3337.2
coast,1790317440,,,1,,,,,3337.3
coast,1790317445,,,1,,,,,3337.4
coast,1790317450,,,1,,,,,3337.4
fix,1790317452,3601.5,2.4,1,3601.0,9.34,10.2,accepted,3601.0
coast,1790317457,,,1,,,,,3639.2
coast,1790317462,,,1,,,,,3664.4
coast,1790317467,,,1,,,,,3681.0
coast,1790317472,,,1,,,,,3691.9
coast,1790317477,,,1,,,,,3699.1
coast,1790317482,,,1,,,,,3703.9
coast,1790317487,,,1,,,,,3707.0
fix,1790317491,3722.6,6.2,1,3723.0,1.44,10.2,accepted,3723.0
coast,1790317496,,,1,,,,,3728.9
coast,1790317501,,,1,,,,,3732.8
coast,1790317506,,,1,,,,,3735.3
coast,1790317511,,,1,,,,,3737.0
coast,1790317516,,,1,,,,,3738.1
coast,1790317521,,,1,,,,,3738.9
coast,1790317526,,,1,,,,,3739.4
coast,1790317531,,,1,,,,,3739.7
coast,1790317536,,,1,,,,,3739.9
fix,1790317538,3879.1,3.2,1,3879.0,3.86,10.2,accepted,3879.0
coast,1790317543,,,1,,,,,3894.8
coast,1790317548,,,1,,,,,3905.2
coast,1790317553,,,1,,,,,3912.0
coast,1790317558,,,1,,,,,3916.6
coast,1790317563,,,1,,,,,3919.5
coast,1790317568,,,1,,,,,3921.5
coast,1790317573,,,1,,,,,3922.8
coast,1790317578,,,1,,,,,3923.6
coast,1790317583,,,1,,,,,3924.2
coast,1790317588,,,1,,,,,3924.6
coast,1790317593,,,1,,,,,3924.8
fix,1790317596,4076.5,0.6,1,4076.5,3.27,10.2,accepted,4076.5
coast,1790317601,,,1,,,,,4089.9
coast,1790317606,,,1,,,,,4098.7
coast,1790317611,,,1,,,,,4104.5
coast,1790317616,,,1,,,,,4108.3
coast,1790317621,,,1,,,,,4110.8
coast,1790317626,,,1,,,,,4112.5
coast,1790317631,,,1,,,,,4113.6
coast,1790317636,,,1,,,,,4114.3
coast,1790317641,,,1,,,,,4114.8
coast,1790317646,,,1,,,,,4115.1
coast,1790317651,,,1,,,,,4115.3
coast,1790317656,,,1,,,,,4115.5
coast,1790317661,,,1,,,,,4115.6
coast,1790317666,,,1,,,,,4115.6
fix,1790317668,4320.2,4.8,1,4320.2,3.42,10.2,accepted,4320.2
coast,1790317673,,,1,,,,,4334.2
coast,1790317678,,,1,,,,,4343.4
coast,1790317683,,,1,,,,,4349.5
coast,1790317688,,,1,,,,,4353.5
coast,1790317693,,,1,,,,,4356.1
fix,1790317694,4541.5,8.0,1,4541.2,9.23,10.2,accepted,4541.2
coast,1790317699,,,1,,,,,4578.9
coast,1790317704,,,1,,,,,4603.8
coast,1790317709,,,1,,,,,4620.2
coast,1790317714,,,1,,,,,4631.0
coast,1790317719,,,1,,,,,4638.2
coast,1790317724,,,1,,,,,4642.9
coast,1790317729,,,1,,,,,4646.0
coast,1790317734,,,1,,,,,4648.0
coast,1790317739,,,1,,,,,4649.4
coast,1790317744,,,1,,,,,4650.3
fix,1790317749,4675.0,1.4,1,4675.2,0.12,10.2,accepted,4675.2
coast,1790317754,,,1,,,,,4675.7
coast,1790317759,,,1,,,,,4676.0
coast,1790317764,,,1,,,,,4676.2
coast,1790317769,,,1,,,,,4676.4
coast,1790317774,,,1,,,,,4676.4
coast,1790317779,,,1,,,,,4676.5
coast,1790317784,,,1,,,,,4676.5
coast,1790317789,,,1,,,,,4676.6
coast,1790317794,,,1,,,,,4676.6
coast,1790317799,,,1,,,,,4676.6
coast,1790317804,,,1,,,,,4676.6
fix,1790317808,4895.3,4.4,1,4895.2,4.74,10.2,accepted,4895.2
coast,1790317813,,,1,,,,,4914.5
coast,1790317818,,,1,,,,,4927.3
coast,1790317823,,,1,,,,,4935.7
coast,1790317828,,,1,,,,,4941.3
coast,1790317833,,,1,,,,,4945.0
coast,1790317838,,,1,,,,,4947.4
coast,1790317843,,,1,,,,,4949.0
coast,1790317848,,,1,,,,,4950.0
coast,1790317853,,,1,,,,,4950.7
coast,1790317858,,,1,,,,,4951.2
coast,1790317863,,,1,,,,,4951.5
fix,1790317867,5042.1,2.8,1,5042.2,1.89,10.2,accepted,5042.2
fix,1790317871,5075.8,5.5,1,5072.4,6.82,9.6,accepted,5072.4
coast,1790317876,,,1,,,,,5100.3
coast,1790317881,,,1,,,,,5118.7
coast,1790317886,,,1,,,,,5130.8
coast,1790317891,,,1,,,,,5138.8
coast,1790317896,,,1,,,,,5144.1
coast,1790317901,,,1,,,,,5147.6
coast,1790317906,,,1,,,,,5149.9
coast,1790317911,,,1,,,,,5151.4
coast,1790317916,,,1,,,,,5152.4
coast,1790317921,,,1,,,,,5153.0
coast,1790317926,,,1,,,,,5153.5
fix,1790317929,5363.1,5.6,1,5363.2,4.35,10.2,accepted,5363.2
coast,1790317934,,,1,,,,,5381.0
coast,1790317939,,,1,,,,,5392.7
coast,1790317944,,,1,,,,,5400.4
coast,1790317949,,,1,,,,,5405.5
coast,1790317954,,,1,,,,,5408.9
coast,1790317959,,,1,,,,,5411.1
coast,1790317964,,,1,,,,,5412.6
coast,1790317969,,,1,,,,,5413.5
coast,1790317974,,,1,,,,,5414.2
coast,1790317979,,,1,,,,,5414.6
coast,1790317984,,,1,,,,,5414.9
coast,1790317989,,,1,,,,,5415.1
coast,1790317994,,,1,,,,,5415.2
fix,1790317997,5391.0,6.3,1,5391.1,-0.74,10.2,accepted,5391.1
coast,1790318002,,,1,,,,,5388.1
coast,1790318007,,,1,,,,,5386.1
coast,1790318012,,,1,,,,,5384.7
coast,1790318017,,,1,,,,,5383.9
coast,1790318022,,,1,,,,,5383.3
fix,1790318025,5593.9,4.9,1,5593.3,8.48,10.2,accepted,5593.3
coast,1790318030,,,1,,,,,5628.0
coast,1790318035,,,1,,,,,5650.9
coast,1790318040,,,1,,,,,5666.0
fix,1790318043,5760.1,0.5,1,5759.9,9.39,10.2,accepted,5759.9
coast,1790318048,,,1,,,,,5798.4
coast,1790318053,,,1,,,,,5823.7
fix,1790318056,5760.1,0.5,1,5763.4,-1.05,10.1,accepted,5763.4
coast,1790318061,,,1,,,,,5759.1
coast,1790318066,,,1,,,,,5756.3
coast,1790318071,,,1,,,,,5754.4
coast,1790318076,,,1,,,,,5753.2
fix,1790318078,5793.6,1.8,1,5793.1,1.99,10.2,accepted,5793.1
coast,1790318083,,,1,,,,,5801.2
coast,1790318088,,,1,,,,,5806.6
coast,1790318093,,,1,,,,,5810.1
coast,1790318098,,,1,,,,,5812.5
fix,1790318100,5982.1,1.9,1,5981.1,10.10,10.2,accepted,5981.1
coast,1790318105,,,1,,,,,6022.3
coast,1790318110,,,1,,,,,6049.6
coast,1790318115,,,1,,,,,6067.5
coast,1790318120,,,1,,,,,6079.3
fix,1790318124,6150.5,2.1,1,6150.9,6.32,10.2,accepted,6150.9
coast,1790318129,,,1,,,,,6176.8
coast,1790318134,,,1,,,,,6193.8
coast,1790318139,,,1,,,,,6205.1
coast,1790318144,,,1,,,,,6212.5
coast,1790318149,,,1,,,,,6217.3
coast,1790318154,,,1,,,,,6220.6
coast,1790318159,,,1,,,,,6222.7
coast,1790318164,,,1,,,,,6224.1
coast,1790318169,,,1,,,,,6225.0
fix,1790318174,6223.8,2.0,1,6224.0,-0.20,10.2,accepted,6224.0
coast,1790318179,,,1,,,,,6223.2
coast,1790318184,,,1,,,,,6222.6
coast,1790318189,,,1,,,,,6222.3
fix,1790318192,6397.8,8.0,1,6396.4,10.91,10.2,accepted,6396.4
coast,1790318197,,,1,,,,,6441.0
coast,1790318202,,,1,,,,,6470.4
coast,1790318207,,,1,,,,,6489.8
coast,1790318212,,,1,,,,,6502.5
coast,1790318217,,,1,,,,,6511.0
coast,1790318222,,,1,,,,,6516.5
coast,1790318227,,,1,,,,,6520.2
coast,1790318232,,,1,,,,,6522.6
coast,1790318237,,,1,,,,,6524.2
fix,1790318238,6577.7,0.0,1,6578.1,1.50,10.2,accepted,6578.1
coast,1790318243,,,1,,,,,6584.2
coast,1790318248,,,1,,,,,6588.3
coast,1790318253,,,1,,,,,6590.9
coast,1790318258,,,1,,,,,6592.7
coast,1790318263,,,1,,,,,6593.8
fix,1790318266,6767.3,5.9,1,6766.8,7.81,10.2,accepted,6766.8
coast,1790318271,,,1,,,,,6798.8
coast,1790318276,,,1,,,,,6819.8
coast,1790318281,,,1,,,,,6833.7
coast,1790318286,,,1,,,,,6842.9
coast,1790318291,,,1,,,,,6848.9
coast,1790318296,,,1,,,,,6852.9
coast,1790318301,,,1,,,,,6855.5
coast,1790318306,,,1,,,,,6857.2
coast,1790318311,,,1,,,,,6858.4
fix,1790318316,6891.6,4.7,1,6891.9,0.77,10.2,accepted,6891.9
coast,1790318321,,,1,,,,,6895.0
coast,1790318326,,,1,,,,,6897.1
fix,1790318327,7002.9,9.2,1,7000.6,10.51,10.1,accepted,7000.6
coast,1790318332,,,1,,,,,7043.6
coast,1790318337,,,1,,,,,7071.9
fix,1790318340,7131.3,8.5,1,7131.5,10.00,10.1,accepted,7131.5
coast,1790318345,,,1,,,,,7172.4
coast,1790318350,,,1,,,,,7199.3
coast,1790318355,,,1,,,,,7217.1
coast,1790318360,,,1,,,,,7228.8
coast,1790318365,,,1,,,,,7236.6
coast,1790318370,,,1,,,,,7241.6
coast,1790318375,,,1,,,,,7245.0
coast,1790318380,,,1,,,,,7247.2
fix,1790318382,7273.4,1.3,1,7273.8,1.01,10.2,accepted,7273.8
coast,1790318387,,,1,,,,,7277.9
coast,1790318392,,,1,,,,,7280.7
coast,1790318397,,,1,,,,,7282.4
coast,1790318402,,,1,,,,,7283.6
coast,1790318407,,,1,,,,,7284.4
coast,1790318412,,,1,,,,,7284.9
coast,1790318417,,,1,,,,,7285.3
coast,1790318422,,,1,,,,,7285.5
coast,1790318427,,,1,,,,,7285.6
coast,1790318432,,,1,,,,,7285.7
coast,1790318437,,,1,,,,,7285.8
coast,1790318442,,,1,,,,,7285.8
coast,1790318447,,,1,,,,,7285.9
coast,1790318452,,,1,,,,,7285.9
coast,1790318457,,,1,,,,,7285.9
coast,1790318462,,,1,,,,,7285.9
coast,1790318467,,,1,,,,,7285.9
coast,1790318472,,,1,,,,,7285.9
coast,1790318477,,,1,,,,,7285.9
coast,1790318482,,,1,,,,,7285.9
coast,1790318487,,,1,,,,,7285.9
coast,1790318492,,,1,,,,,7285.9
coast,1790318497,,,1,,,,,7285.9
coast,1790318502,,,1,,,,,7285.9
coast,1790318507,,,1,,,,,7285.9
coast,1790318512,,,1,,,,,7285.9
coast,1790318517,,,1,,,,,7285.9
coast,1790318522,,,1,,,,,7285.9
coast,1790318527,,,1,,,,,7285.9
coast,1790318532,,,1,,,,,7285.9
coast,1790318537,,,1,,,,,7285.9
coast,1790318542,,,1,,,,,7285.9
coast,1790318547,,,1,,,,,7285.9
coast,1790318552,,,1,,,,,7285.9
coast,1790318557,,,1,,,,,7285.9
coast,1790318562,,,1,,,,,7285.9
coast,1790318567,,,1,,,,,7285.9
coast,1790318572,,,1,,,,,7285.9
coast,1790318577,,,1,,,,,7285.9
coast,1790318582,,,1,,,,,7285.9
coast,1790318587,,,1,,,,,7285.9
coast,1790318592,,,1,,,,,7285.9
coast,1790318597,,,1,,,,,7285.9
coast,1790318602,,,1,,,,,7285.9
coast,1790318607,,,1,,,,,7285.9
coast,1790318612,,,1,,,,,7285.9
fix,1790318615,7307.5,18.7,1,7307.5,-0.23,10.2,accepted,7307.5
coast,1790318620,,,1,,,,,7306.6
coast,1790318625,,,1,,,,,7306.0
coast,1790318630,,,1,,,,,7305.5
coast,1790318635,,,1,,,,,7305.3
coast,1790318640,,,1,,,,,7305.1
coast,1790318645,,,1,,,,,7305.0
coast,1790318650,,,1,,,,,7304.9
coast,1790318655,,,1,,,,,7304.9
coast,1790318660,,,1,,,,,7304.8
coast,1790318665,,,1,,,,,7304.8
coast,1790318670,,,1,,,,,7304.8
coast,1790318675,,,1,,,,,7304.8
coast,1790318680,,,1,,,,,7304.8
coast,1790318685,,,1,,,,,7304.8
coast,1790318690,,,1,,,,,7304.8
coast,1790318695,,,1,,,,,7304.8
coast,1790318700,,,1,,,,,7304.8
coast,1790318705,,,1,,,,,7304.8
coast,1790318710,,,1,,,,,7304.8
coast,1790318715,,,1,,,,,7304.8
coast,1790318720,,,1,,,,,7304.8
coast,1790318725,,,1,,,,,7304.8
coast,1790318730,,,1,,,,,7304.8
coast,1790318735,,,1,,,,,7304.8
coast,1790318740,,,1,,,,,7304.8
coast,1790318745,,,1,,,,,7304.8
coast,1790318750,,,1,,,,,7304.8
coast,1790318755,,,1,,,,,7304.8
coast,1790318760,,,1,,,,,7304.8
coast,1790318765,,,1,,,,,7304.8
coast,1790318770,,,1,,,,,7304.8
coast,1790318775,,,1,,,,,7304.8
coast,1790318780,,,1,,,,,7304.8
coast,1790318785,,,1,,,,,7304.8
coast,1790318790,,,1,,,,,7304.8
coast,1790318795,,,1,,,,,7304.8
coast,1790318800,,,1,,,,,7304.8
coast,1790318805,,,1,,,,,7304.8
coast,1790318810,,,1,,,,,7304.8
coast,1790318815,,,1,,,,,7304.8
coast,1790318820,,,1,,,,,7304.8
coast,1790318825,,,1,,,,,7304.8
coast,1790318830,,,1,,,,,7304.8
coast,1790318835,,,1,,,,,7304.8
coast,1790318840,,,1,,,,,7304.8
coast,1790318845,,,1,,,,,7304.8
coast,1790318850,,,1,,,,,7304.8
coast,1790318855,,,1,,,,,7304.8
coast,1790318860,,,1,,,,,7304.8
coast,1790318865,,,1,,,,,7304.8
coast,1790318870,,,1,,,,,7304.8
coast,1790318875,,,1,,,,,7304.8
coast,1790318880,,,1,,,,,7304.8
coast,1790318885,,,1,,,,,7304.8
coast,1790318890,,,1,,,,,7304.8
coast,1790318895,,,1,,,,,7304.8
coast,1790318900,,,1,,,,,7304.8
coast,1790318905,,,1,,,,,7304.8
coast,1790318910,,,1,,,,,7304.8
coast,1790318915,,,1,,,,,7304.8
coast,1790318920,,,1,,,,,7304.8
coast,1790318925,,,1,,,,,7304.8
coast,1790318930,,,1,,,,,7304.8
coast,1790318935,,,1,,,,,7304.8
coast,1790318940,,,1,,,,,7304.8
coast,1790318945,,,1,,,,,7304.8
coast,1790318950,,,1,,,,,7304.8
coast,1790318955,,,1,,,,,7304.8
coast,1790318960,,,1,,,,,7304.8
coast,1790318965,,,1,,,,,7304.8
coast,1790318970,,,1,,,,,7304.8
coast,1790318975,,,1,,,,,7304.8
coast,1790318980,,,1,,,,,7304.8
coast,1790318985,,,1,,,,,7304.8
coast,1790318990,,,1,,,,,7304.8
coast,1790318995,,,1,,,,,7304.8
coast,1790319000,,,1,,,,,7304.8
fix,1790319003,7307.5,18.7,1,7307.5,0.08,10.2,accepted,7307.5
coast,1790319008,,,1,,,,,7307.8
coast,1790319013,,,1,,,,,7308.0
coast,1790319018,,,1,,,,,7308.2
coast,1790319023,,,1,,,,,7308.3
coast,1790319028,,,1,,,,,7308.3
coast,1790319033,,,1,,,,,7308.4
coast,1790319038,,,1,,,,,7308.4
coast,1790319043,,,1,,,,,7308.4
coast,1790319048,,,1,,,,,7308.4
coast,1790319053,,,1,,,,,7308.4
coast,1790319058,,,1,,,,,7308.4
fix,1790319062,7307.5,8.7,1,7307.5,-0.01,10.2,accepted,7307.5
coast,1790319067,,,1,,,,,7307.5
coast,1790319072,,,1,,,,,7307.5
coast,1790319077,,,1,,,,,7307.5
coast,1790319082,,,1,,,,,7307.5
coast,1790319087,,,1,,,,,7307.5
coast,1790319092,,,1,,,,,7307.4
coast,1790319097,,,1,,,,,7307.4
coast,1790319102,,,1,,,,,7307.4
coast,1790319107,,,1,,,,,7307.4
coast,1790319112,,,1,,,,,7307.4
coast,1790319117,,,1,,,,,7307.4
coast,1790319122,,,1,,,,,7307.4
coast,1790319127,,,1,,,,,7307.4
coast,1790319132,,,1,,,,,7307.4
coast,1790319137,,,1,,,,,7307.4
coast,1790319142,,,1,,,,,7307.4
coast,1790319147,,,1,,,,,7307.4
coast,1790319152,,,1,,,,,7307.4
coast,1790319157,,,1,,,,,7307.4
coast,1790319162,,,1,,,,,7307.4
coast,1790319167,,,1,,,,,7307.4
coast,1790319172,,,1,,,,,7307.4
coast,1790319177,,,1,,,,,7307.4
coast,1790319182,,,1,,,,,7307.4
coast,1790319187,,,1,,,,,7307.4
coast,1790319192,,,1,,,,,7307.4
coast,1790319197,,,1,,,,,7307.4
coast,1790319202,,,1,,,,,7307.4
coast,1790319207,,,1,,,,,7307.4
coast,1790319212,,,1,,,,,7307.4
coast,1790319217,,,1,,,,,7307.4
coast,1790319222,,,1,,,,,7307.4
coast,1790319227,,,1,,,,,7307.4
coast,1790319232,,,1,,,,,7307.4
coast,1790319237,,,1,,,,,7307.4
coast,1790319242,,,1,,,,,7307.4
coast,1790319247,,,1,,,,,7307.4
coast,1790319252,,,1,,,,,7307.4
coast,1790319257,,,1,,,,,7307.4
coast,1790319262,,,1,,,,,7307.4
coast,1790319267,,,1,,,,,7307.4
coast,1790319272,,,1,,,,,7307.4
coast,1790319277,,,1,,,,,7307.4
coast,1790319282,,,1,,,,,7307.4
coast,1790319287,,,1,,,,,7307.4
coast,1790319292,,,1,,,,,7307.4
coast,1790319297,,,1,,,,,7307.4
coast,1790319302,,,1,,,,,7307.4
coast,1790319307,,,1,,,,,7307.4
coast,1790319312,,,1,,,,,7307.4
coast,1790319317,,,1,,,,,7307.4
coast,1790319322,,,1,,,,,7307.4
coast,1790319327,,,1,,,,,7307.4
coast,1790319332,,,1,,,,,7307.4
coast,1790319337,,,1,,,,,7307.4
coast,1790319342,,,1,,,,,7307.4
coast,1790319347,,,1,,,,,7307.4
coast,1790319352,,,1,,,,,7307.4
coast,1790319357,,,1,,,,,7307.4
coast,1790319362,,,1,,,,,7307.4
coast,1790319367,,,1,,,,,7307.4
coast,1790319372,,,1,,,,,7307.4
coast,1790319377,,,1,,,,,7307.4
coast,1790319382,,,1,,,,,7307.4
coast,1790319387,,,1,,,,,7307.4
coast,1790319392,,,1,,,,,7307.4
coast,1790319397,,,1,,,,,7307.4
coast,1790319402,,,1,,,,,7307.4
coast,1790319407,,,1,,,,,7307.4
coast,1790319412,,,1,,,,,7307.4
coast,1790319417,,,1,,,,,7307.4
coast,1790319422,,,1,,,,,7307.4
coast,1790319427,,,1,,,,,7307.4
coast,1790319432,,,1,,,,,7307.4
coast,1790319437,,,1,,,,,7307.4
coast,1790319442,,,1,,,,,7307.4
coast,1790319447,,,1,,,,,7307.4
coast,1790319452,,,1,,,,,7307.4
coast,1790319457,,,1,,,,,7307.4
coast,1790319462,,,1,,,,,7307.4
coast,1790319467,,,1,,,,,7307.4
coast,1790319472,,,1,,,,,7307.4
coast,1790319477,,,1,,,,,7307.4
coast,1790319482,,,1,,,,,7307.4
coast,1790319487,,,1,,,,,7307.4
coast,1790319492,,,1,,,,,7307.4
coast,1790319497,,,1,,,,,7307.4
coast,1790319502,,,1,,,,,7307.4
coast,1790319507,,,1,,,,,7307.4
coast,1790319512,,,1,,,,,7307.4
coast,1790319517,,,1,,,,,7307.4
coast,1790319522,,,1,,,,,7307.4
coast,1790319527,,,1,,,,,7307.4
coast,1790319532,,,1,,,,,7307.4
fix,1790319535,7330.2,3.3,1,7330.2,0.07,10.2,accepted,7330.2
coast,1790319540,,,1,,,,,7330.5
coast,1790319545,,,1,,,,,7330.7
coast,1790319550,,,1,,,,,7330.8
coast,1790319555,,,1,,,,,7330.9
coast,1790319560,,,1,,,,,7331.0
coast,1790319565,,,1,,,,,7331.0
coast,1790319570,,,1,,,,,7331.0
fix,1790319571,7350.2,1.1,1,7350.2,0.58,10.2,accepted,7350.2
coast,1790319576,,,1,,,,,7352.6
coast,1790319581,,,1,,,,,7354.1
coast,1790319586,,,1,,,,,7355.1
coast,1790319591,,,1,,,,,7355.8
coast,1790319596,,,1,,,,,7356.3
coast,1790319601,,,1,,,,,7356.5
coast,1790319606,,,1,,,,,7356.7
coast,1790319611,,,1,,,,,7356.9
coast,1790319616,,,1,,,,,7357.0
coast,1790319621,,,1,,,,,7357.0
coast,1790319626,,,1,,,,,7357.0
coast,1790319631,,,1,,,,,7357.1
coast,1790319636,,,1,,,,,7357.1
coast,1790319641,,,1,,,,,7357.1
coast,1790319646,,,1,,,,,7357.1
coast,1790319651,,,1,,,,,7357.1
coast,1790319656,,,1,,,,,7357.1
coast,1790319661,,,1,,,,,7357.1
coast,1790319666,,,1,,,,,7357.1
coast,1790319671,,,1,,,,,7357.1
coast,1790319676,,,1,,,,,7357.1
coast,1790319681,,,1,,,,,7357.1
coast,1790319686,,,1,,,,,7357.1
coast,1790319691,,,1,,,,,7357.1
coast,1790319696,,,1,,,,,7357.1
coast,1790319701,,,1,,,,,7357.1
coast,1790319706,,,1,,,,,7357.1
coast,1790319711,,,1,,,,,7357.1
coast,1790319716,,,1,,,,,7357.1
coast,1790319721,,,1,,,,,7357.1
coast,1790319726,,,1,,,,,7357.1
coast,1790319731,,,1,,,,,7357.1
coast,1790319736,,,1,,,,,7357.1
coast,1790319741,,,1,,,,,7357.1
coast,1790319746,,,1,,,,,7357.1
coast,1790319751,,,1,,,,,7357.1
coast,1790319756,,,1,,,,,7357.1
coast,1790319761,,,1,,,,,7357.1
coast,1790319766,,,1,,,,,7357.1
coast,1790319771,,,1,,,,,7357.1
coast,1790319776,,,1,,,,,7357.1
coast,1790319781,,,1,,,,,7357.1
coast,1790319786,,,1,,,,,7357.1
coast,1790319791,,,1,,,,,7357.1
coast,1790319796,,,1,,,,,7357.1
coast,1790319801,,,1,,,,,7357.1
coast,1790319806,,,1,,,,,7357.1
coast,1790319811,,,1,,,,,7357.1
coast,1790319816,,,1,,,,,7357.1
coast,1790319821,,,1,,,,,7357.1
coast,1790319826,,,1,,,,,7357.1
coast,1790319831,,,1,,,,,7357.1
coast,1790319836,,,1,,,,,7357.1
coast,1790319841,,,1,,,,,7357.1
coast,1790319846,,,1,,,,,7357.1
coast,1790319851,,,1,,,,,7357.1
coast,1790319856,,,1,,,,,7357.1
coast,1790319861,,,1,,,,,7357.1
coast,1790319866,,,1,,,,,7357.1
coast,1790319871,,,1,,,,,7357.1
coast,1790319876,,,1,,,,,7357.1
coast,1790319881,,,1,,,,,7357.1
coast,1790319886,,,1,,,,,7357.1
coast,1790319891,,,1,,,,,7357.1
coast,1790319896,,,1,,,,,7357.1
coast,1790319901,,,1,,,,,7357.1
coast,1790319906,,,1,,,,,7357.1
coast,1790319911,,,1,,,,,7357.1
coast,1790319916,,,1,,,,,7357.1
coast,1790319921,,,1,,,,,7357.1
coast,1790319926,,,1,,,,,7357.1
coast,1790319931,,,1,,,,,7357.1
coast,1790319936,,,1,,,,,7357.1
coast,1790319941,,,1,,,,,7357.1
coast,1790319946,,,1,,,,,7357.1
coast,1790319951,,,1,,,,,7357.1
coast,1790319956,,,1,,,,,7357.1
coast,1790319961,,,1,,,,,7357.1
coast,1790319966,,,1,,,,,7357.1
coast,1790319971,,,1,,,,,7357.1
coast,1790319976,,,1,,,,,7357.1
coast,1790319981,,,1,,,,,7357.1
coast,1790319986,,,1,,,,,7357.1
coast,1790319991,,,1,,,,,7357.1
coast,1790319996,,,1,,,,,7357.1
coast,1790320001,,,1,,,,,7357.1
coast,1790320006,,,1,,,,,7357.1
coast,1790320011,,,1,,,,,7357.1
coast,1790320016,,,1,,,,,7357.1
coast,1790320021,,,1,,,,,7357.1
coast,1790320026,,,1,,,,,7357.1
coast,1790320031,,,1,,,,,7357.1
coast,1790320036,,,1,,,,,7357.1
coast,1790320041,,,1,,,,,7357.1
coast,1790320046,,,1,,,,,7357.1
coast,1790320051,,,1,,,,,7357.1
coast,1790320056,,,1,,,,,7357.1
coast,1790320061,,,1,,,,,7357.1
coast,1790320066,,,1,,,,,7357.1
coast,1790320071,,,1,,,,,7357.1
coast,1790320076,,,1,,,,,7357.1
coast,1790320081,,,1,,,,,7357.1
coast,1790320086,,,1,,,,,7357.1
coast,1790320091,,,1,,,,,7357.1
coast,1790320096,,,1,,,,,7357.1
coast,1790320101,,,1,,,,,7357.1
coast,1790320106,,,1,,,,,7357.1
coast,1790320111,,,1,,,,,7357.1
coast,1790320116,,,1,,,,,7357.1
coast,1790320121,,,1,,,,,7357.1
coast,1790320126,,,1,,,,,7357.1
coast,1790320131,,,1,,,,,7357.1
coast,1790320136,,,1,,,,,7357.1
coast,1790320141,,,1,,,,,7357.1
coast,1790320146,,,1,,,,,7357.1
coast,1790320151,,,1,,,,,7357.1
coast,1790320156,,,1,,,,,7357.1
coast,1790320161,,,1,,,,,7357.1
coast,1790320166,,,1,,,,,7357.1
coast,1790320171,,,1,,,,,7357.1
coast,1790320176,,,1,,,,,7357.1
coast,1790320181,,,1,,,,,7357.1
coast,1790320186,,,1,,,,,7357.1
coast,1790320191,,,1,,,,,7357.1
coast,1790320196,,,1,,,,,7357.1
coast,1790320201,,,1,,,,,7357.1
coast,1790320206,,,1,,,,,7357.1
coast,1790320211,,,1,,,,,7357.1
coast,1790320216,,,1,,,,,7357.1
coast,1790320221,,,1,,,,,7357.1
coast,1790320226,,,1,,,,,7357.1
coast,1790320231,,,1,,,,,7357.1
coast,1790320236,,,1,,,,,7357.1
coast,1790320241,,,1,,,,,7357.1
coast,1790320246,,,1,,,,,7357.1
coast,1790320251,,,1,,,,,7357.1
coast,1790320256,,,1,,,,,7357.1
coast,1790320261,,,1,,,,,7357.1
coast,1790320266,,,1,,,,,7357.1
coast,1790320271,,,1,,,,,7357.1
coast,1790320276,,,1,,,,,7357.1
coast,1790320281,,,1,,,,,7357.1
coast,1790320286,,,1,,,,,7357.1
coast,1790320291,,,1,,,,,7357.1
coast,1790320296,,,1,,,,,7357.1
coast,1790320301,,,1,,,,,7357.1
coast,1790320306,,,1,,,,,7357.1
coast,1790320311,,,1,,,,,7357.1
coast,1790320316,,,1,,,,,7357.1
coast,1790320321,,,1,,,,,7357.1
coast,1790320326,,,1,,,,,7357.1
coast,1790320331,,,1,,,,,7357.1
coast,1790320336,,,1,,,,,7357.1
coast,1790320341,,,1,,,,,7357.1
coast,1790320346,,,1,,,,,7357.1
coast,1790320351,,,1,,,,,7357.1
coast,1790320356,,,1,,,,,7357.1
coast,1790320361,,,1,,,,,7357.1
coast,1790320366,,,1,,,,,7357.1
coast,1790320371,,,1,,,,,7357.1
coast,1790320376,,,1,,,,,7357.1
coast,1790320381,,,1,,,,,7357.1
coast,1790320386,,,1,,,,,7357.1
coast,1790320391,,,1,,,,,7357.1
coast,1790320396,,,1,,,,,7357.1
coast,1790320401,,,1,,,,,7357.1
coast,1790320406,,,1,,,,,7357.1
coast,1790320411,,,1,,,,,7357.1
coast,1790320416,,,1,,,,,7357.1
coast,1790320421,,,1,,,,,7357.1
coast,1790320426,,,1,,,,,7357.1
coast,1790320431,,,1,,,,,7357.1
coast,1790320436,,,1,,,,,7357.1
coast,1790320441,,,1,,,,,7357.1
coast,1790320446,,,1,,,,,7357.1
coast,1790320451,,,1,,,,,7357.1
coast,1790320456,,,1,,,,,7357.1
coast,1790320461,,,1,,,,,7357.1
coast,1790320466,,,1,,,,,7357.1
coast,1790320471,,,1,,,,,7357.1
coast,1790320476,,,1,,,,,7357.1
coast,1790320481,,,1,,,,,7357.1
coast,1790320486,,,1,,,,,7357.1
coast,1790320491,,,1,,,,,7357.1
coast,1790320496,,,1,,,,,7357.1
coast,1790320501,,,1,,,,,7357.1
coast,1790320506,,,1,,,,,7357.1
coast,1790320511,,,1,,,,,7357.1
coast,1790320516,,,1,,,,,7357.1
coast,1790320521,,,1,,,,,7357.1
coast,1790320526,,,1,,,,,7357.1
coast,1790320531,,,1,,,,,7357.1
coast,1790320536,,,1,,,,,7357.1
coast,1790320541,,,1,,,,,7357.1
coast,1790320546,,,1,,,,,7357.1
coast,1790320551,,,1,,,,,7357.1
coast,1790320556,,,1,,,,,7357.1
coast,1790320561,,,1,,,,,7357.1
coast,1790320566,,,1,,,,,7357.1
coast,1790320571,,,1,,,,,7357.1
coast,1790320576,,,1,,,,,7357.1
coast,1790320581,,,1,,,,,7357.1
coast,1790320586,,,1,,,,,7357.1
coast,1790320591,,,1,,,,,7357.1
coast,1790320596,,,1,,,,,7357.1
coast,1790320601,,,1,,,,,7357.1
coast,1790320606,,,1,,,,,7357.1
coast,1790320611,,,1,,,,,7357.1
coast,1790320616,,,1,,,,,7357.1
coast,1790320621,,,1,,,,,7357.1
coast,1790320626,,,1,,,,,7357.1
coast,1790320631,,,1,,,,,7357.1
coast,1790320636,,,1,,,,,7357.1
coast,1790320641,,,1,,,,,7357.1
coast,1790320646,,,1,,,,,7357.1
coast,1790320651,,,1,,,,,7357.1
coast,1790320656,,,1,,,,,7357.1
coast,1790320661,,,1,,,,,7357.1
coast,1790320666,,,1,,,,,7357.1
coast,1790320671,,,1,,,,,7357.1
coast,1790320676,,,1,,,,,7357.1
coast,1790320681,,,1,,,,,7357.1
coast,1790320686,,,1,,,,,7357.1
coast,1790320691,,,1,,,,,7357.1
coast,1790320696,,,1,,,,,7357.1
coast,1790320701,,,1,,,,,7357.1
coast,1790320706,,,1,,,,,7357.1
coast,1790320711,,,1,,,,,7357.1
coast,1790320716,,,1,,,,,7357.1
coast,1790320721,,,1,,,,,7357.1
coast,1790320726,,,1,,,,,7357.1
coast,1790320731,,,1,,,,,7357.1
coast,1790320736,,,1,,,,,7357.1
coast,1790320741,,,1,,,,,7357.1
coast,1790320746,,,1,,,,,7357.1
coast,1790320751,,,1,,,,,7357.1
coast,1790320756,,,1,,,,,7357.1
coast,1790320761,,,1,,,,,7357.1
coast,1790320766,,,1,,,,,7357.1
coast,1790320771,,,1,,,,,7357.1
coast,1790320776,,,1,,,,,7357.1
coast,1790320781,,,1,,,,,7357.1
coast,1790320786,,,1,,,,,7357.1
coast,1790320791,,,1,,,,,7357.1
coast,1790320796,,,1,,,,,7357.1
coast,1790320801,,,1,,,,,7357.1
coast,1790320806,,,1,,,,,7357.1
coast,1790320811,,,1,,,,,7357.1
coast,1790320816,,,1,,,,,7357.1
coast,1790320821,,,1,,,,,7357.1
coast,1790320826,,,1,,,,,7357.1
coast,1790320831,,,1,,,,,7357.1
coast,1790320836,,,1,,,,,7357.1
coast,1790320841,,,1,,,,,7357.1
coast,1790320846,,,1,,,,,7357.1
coast,1790320851,,,1,,,,,7357.1
coast,1790320856,,,1,,,,,7357.1
coast,1790320861,,,1,,,,,7357.1
coast,1790320866,,,1,,,,,7357.1
coast,1790320871,,,1,,,,,7357.1
coast,1790320876,,,1,,,,,7357.1
coast,1790320881,,,1,,,,,7357.1
coast,1790320886,,,1,,,,,7357.1
coast,1790320891,,,1,,,,,7357.1
coast,1790320896,,,1,,,,,7357.1
coast,1790320901,,,1,,,,,7357.1
coast,1790320906,,,1,,,,,7357.1
coast,1790320911,,,1,,,,,7357.1
coast,1790320916,,,1,,,,,7357.1
coast,1790320921,,,1,,,,,7357.1
coast,1790320926,,,1,,,,,7357.1
coast,1790320931,,,1,,,,,7357.1
coast,1790320936,,,1,,,,,7357.1
coast,1790320941,,,1,,,,,7357.1
coast,1790320946,,,1,,,,,7357.1
coast,1790320951,,,1,,,,,7357.1
coast,1790320956,,,1,,,,,7357.1
coast,1790320961,,,1,,,,,7357.1
coast,1790320966,,,1,,,,,7357.1
coast,1790320971,,,1,,,,,7357.1
coast,1790320976,,,1,,,,,7357.1
coast,1790320981,,,1,,,,,7357.1
coast,1790320986,,,1,,,,,7357.1
coast,1790320991,,,1,,,,,7357.1
coast,1790320996,,,1,,,,,7357.1
coast,1790321001,,,1,,,,,7357.1
coast,1790321006,,,1,,,,,7357.1
coast,1790321011,,,1,,,,,7357.1
coast,1790321016,,,1,,,,,7357.1
coast,1790321021,,,1,,,,,7357.1
coast,1790321026,,,1,,,,,7357.1
coast,1790321031,,,1,,,,,7357.1
coast,1790321036,,,1,,,,,7357.1
coast,1790321041,,,1,,,,,7357.1
coast,1790321046,,,1,,,,,7357.1
coast,1790321051,,,1,,,,,7357.1
coast,1790321056,,,1,,,,,7357.1
coast,1790321061,,,1,,,,,7357.1
coast,1790321066,,,1,,,,,7357.1
coast,1790321071,,,1,,,,,7357.1
coast,1790321076,,,1,,,,,7357.1
coast,1790321081,,,1,,,,,7357.1
coast,1790321086,,,1,,,,,7357.1
coast,1790321091,,,1,,,,,7357.1
coast,1790321096,,,1,,,,,7357.1
coast,1790321101,,,1,,,,,7357.1
coast,1790321106,,,1,,,,,7357.1
coast,1790321111,,,1,,,,,7357.1
coast,1790321116,,,1,,,,,7357.1
coast,1790321121,,,1,,,,,7357.1
coast,1790321126,,,1,,,,,7357.1
coast,1790321131,,,1,,,,,7357.1
coast,1790321136,,,1,,,,,7357.1
coast,1790321141,,,1,,,,,7357.1
coast,1790321146,,,1,,,,,7357.1
coast,1790321151,,,1,,,,,7357.1
coast,1790321156,,,1,,,,,7357.1
coast,1790321161,,,1,,,,,7357.1
coast,1790321166,,,1,,,,,7357.1
coast,1790321171,,,1,,,,,7357.1
coast,1790321176,,,1,,,,,7357.1
coast,1790321181,,,1,,,,,7357.1
coast,1790321186,,,1,,,,,7357.1
coast,1790321191,,,1,,,,,7357.1
coast,1790321196,,,1,,,,,7357.1
coast,1790321201,,,1,,,,,7357.1
coast,1790321206,,,1,,,,,7357.1
coast,1790321211,,,1,,,,,7357.1
coast,1790321216,,,1,,,,,7357.1
coast,1790321221,,,1,,,,,7357.1
coast,1790321226,,,1,,,,,7357.1
coast,1790321231,,,1,,,,,7357.1
coast,1790321236,,,1,,,,,7357.1
coast,1790321241,,,1,,,,,7357.1
coast,1790321246,,,1,,,,,7357.1
coast,1790321251,,,1,,,,,7357.1
coast,1790321256,,,1,,,,,7357.1
coast,1790321261,,,1,,,,,7357.1
coast,1790321266,,,1,,,,,7357.1
coast,1790321271,,,1,,,,,7357.1
coast,1790321276,,,1,,,,,7357.1
coast,1790321281,,,1,,,,,7357.1
coast,1790321286,,,1,,,,,7357.1
coast,1790321291,,,1,,,,,7357.1
coast,1790321296,,,1,,,,,7357.1
coast,1790321301,,,1,,,,,7357.1
coast,1790321306,,,1,,,,,7357.1
coast,1790321311,,,1,,,,,7357.1
coast,1790321316,,,1,,,,,7357.1
coast,1790321321,,,1,,,,,7357.1
coast,1790321326,,,1,,,,,7357.1
coast,1790321331,,,1,,,,,7357.1
coast,1790321336,,,1,,,,,7357.1
coast,1790321341,,,1,,,,,7357.1
coast,1790321346,,,1,,,,,7357.1
coast,1790321351,,,1,,,,,7357.1
coast,1790321356,,,1,,,,,7357.1
coast,1790321361,,,1,,,,,7357.1
coast,1790321366,,,1,,,,,7357.1
coast,1790321371,,,1,,,,,7357.1
coast,1790321376,,,1,,,,,7357.1
coast,1790321381,,,1,,,,,7357.1
coast,1790321386,,,1,,,,,7357.1
coast,1790321391,,,1,,,,,7357.1
coast,1790321396,,,1,,,,,7357.1
coast,1790321401,,,1,,,,,7357.1
coast,1790321406,,,1,,,,,7357.1
coast,1790321411,,,1,,,,,7357.1
coast,1790321416,,,1,,,,,7357.1
coast,1790321421,,,1,,,,,7357.1
coast,1790321426,,,1,,,,,7357.1
coast,1790321431,,,1,,,,,7357.1
coast,1790321436,,,1,,,,,7357.1
coast,1790321441,,,1,,,,,7357.1
coast,1790321446,,,1,,,,,7357.1
coast,1790321451,,,1,,,,,7357.1
coast,1790321456,,,1,,,,,7357.1
coast,1790321461,,,1,,,,,7357.1
coast,1790321466,,,1,,,,,7357.1
coast,1790321471,,,1,,,,,7357.1
coast,1790321476,,,1,,,,,7357.1
coast,1790321481,,,1,,,,,7357.1
coast,1790321486,,,1,,,,,7357.1
coast,1790321491,,,1,,,,,7357.1
coast,1790321496,,,1,,,,,7357.1
coast,1790321501,,,1,,,,,7357.1
coast,1790321506,,,1,,,,,7357.1
coast,1790321511,,,1,,,,,7357.1
coast,1790321516,,,1,,,,,7357.1
coast,1790321521,,,1,,,,,7357.1
coast,1790321526,,,1,,,,,7357.1
coast,1790321531,,,1,,,,,7357.1
coast,1790321536,,,1,,,,,7357.1
coast,1790321541,,,1,,,,,7357.1
coast,1790321546,,,1,,,,,7357.1
coast,1790321551,,,1,,,,,7357.1
coast,1790321556,,,1,,,,,7357.1
coast,1790321561,,,1,,,,,7357.1
coast,1790321566,,,1,,,,,7357.1
coast,1790321571,,,1,,,,,7357.1
coast,1790321576,,,1,,,,,7357.1
coast,1790321581,,,1,,,,,7357.1
coast,1790321586,,,1,,,,,7357.1
coast,1790321591,,,1,,,,,7357.1
coast,1790321596,,,1,,,,,7357.1
coast,1790321601,,,1,,,,,7357.1
coast,1790321606,,,1,,,,,7357.1
coast,1790321611,,,1,,,,,7357.1
coast,1790321616,,,1,,,,,7357.1
coast,1790321621,,,1,,,,,7357.1
coast,1790321626,,,1,,,,,7357.1
coast,1790321631,,,1,,,,,7357.1
coast,1790321636,,,1,,,,,7357.1
coast,1790321641,,,1,,,,,7357.1
coast,1790321646,,,1,,,,,7357.1
coast,1790321651,,,1,,,,,7357.1
coast,1790321656,,,1,,,,,7357.1
coast,1790321661,,,1,,,,,7357.1
coast,1790321666,,,1,,,,,7357.1
coast,1790321671,,,1,,,,,7357.1
coast,1790321676,,,1,,,,,7357.1
coast,1790321681,,,1,,,,,7357.1
coast,1790321686,,,1,,,,,7357.1
coast,1790321691,,,1,,,,,7357.1
coast,1790321696,,,1,,,,,7357.1
coast,1790321701,,,1,,,,,7357.1
coast,1790321706,,,1,,,,,7357.1
coast,1790321711,,,1,,,,,7357.1
coast,1790321716,,,1,,,,,7357.1
coast,1790321721,,,1,,,,,7357.1
coast,1790321726,,,1,,,,,7357.1
coast,1790321731,,,1,,,,,7357.1
coast,1790321736,,,1,,,,,7357.1
coast,1790321741,,,1,,,,,7357.1
coast,1790321746,,,1,,,,,7357.1
coast,1790321751,,,1,,,,,7357.1
coast,1790321756,,,1,,,,,7357.1
coast,1790321761,,,1,,,,,7357.1
coast,1790321766,,,1,,,,,7357.1
coast,1790321771,,,1,,,,,7357.1
coast,1790321776,,,1,,,,,7357.1
coast,1790321781,,,1,,,,,7357.1
coast,1790321786,,,1,,,,,7357.1
coast,1790321791,,,1,,,,,7357.1
coast,1790321796,,,1,,,,,7357.1
coast,1790321801,,,1,,,,,7357.1
coast,1790321806,,,1,,,,,7357.1
coast,1790321811,,,1,,,,,7357.1
coast,1790321816,,,1,,,,,7357.1
coast,1790321821,,,1,,,,,7357.1
coast,1790321826,,,1,,,,,7357.1
coast,1790321831,,,1,,,,,7357.1
coast,1790321836,,,1,,,,,7357.1
coast,1790321841,,,1,,,,,7357.1
coast,1790321846,,,1,,,,,7357.1
coast,1790321851,,,1,,,,,7357.1
coast,1790321856,,,1,,,,,7357.1
coast,1790321861,,,1,,,,,7357.1
coast,1790321866,,,1,,,,,7357.1
coast,1790321871,,,1,,,,,7357.1
coast,1790321876,,,1,,,,,7357.1
coast,1790321881,,,1,,,,,7357.1
coast,1790321886,,,1,,,,,7357.1
coast,1790321891,,,1,,,,,7357.1
coast,1790321896,,,1,,,,,7357.1
coast,1790321901,,,1,,,,,7357.1
coast,1790321906,,,1,,,,,7357.1
coast,1790321911,,,1,,,,,7357.1
coast,1790321916,,,1,,,,,7357.1
coast,1790321921,,,1,,,,,7357.1
coast,1790321926,,,1,,,,,7357.1
coast,1790321931,,,1,,,,,7357.1
coast,1790321936,,,1,,,,,7357.1
coast,1790321941,,,1,,,,,7357.1
coast,1790321946,,,1,,,,,7357.1
coast,1790321951,,,1,,,,,7357.1
coast,1790321956,,,1,,,,,7357.1
coast,1790321961,,,1,,,,,7357.1
coast,1790321966,,,1,,,,,7357.1
coast,1790321971,,,1,,,,,7357.1
coast,1790321976,,,1,,,,,7357.1
coast,1790321981,,,1,,,,,7357.1
coast,1790321986,,,1,,,,,7357.1
coast,1790321991,,,1,,,,,7357.1
coast,1790321996,,,1,,,,,7357.1
coast,1790322001,,,1,,,,,7357.1
coast,1790322006,,,1,,,,,7357.1
coast,1790322011,,,1,,,,,7357.1
coast,1790322016,,,1,,,,,7357.1
coast,1790322021,,,1,,,,,7357.1
coast,1790322026,,,1,,,,,7357.1
coast,1790322031,,,1,,,,,7357.1
coast,1790322036,,,1,,,,,7357.1
coast,1790322041,,,1,,,,,7357.1
coast,1790322046,,,1,,,,,7357.1
coast,1790322051,,,1,,,,,7357.1
coast,1790322056,,,1,,,,,7357.1
coast,1790322061,,,1,,,,,7357.1
coast,1790322066,,,1,,,,,7357.1
coast,1790322071,,,1,,,,,7357.1
coast,1790322076,,,1,,,,,7357.1
coast,1790322081,,,1,,,,,7357.1
coast,1790322086,,,1,,,,,7357.1
coast,1790322091,,,1,,,,,7357.1
coast,1790322096,,,1,,,,,7357.1
coast,1790322101,,,1,,,,,7357.1
coast,1790322106,,,1,,,,,7357.1
coast,1790322111,,,1,,,,,7357.1
coast,1790322116,,,1,,,,,7357.1
coast,1790322121,,,1,,,,,7357.1
coast,1790322126,,,1,,,,,7357.1
coast,1790322131,,,1,,,,,7357.1
coast,1790322136,,,1,,,,,7357.1
coast,1790322141,,,1,,,,,7357.1
coast,1790322146,,,1,,,,,7357.1
coast,1790322151,,,1,,,,,7357.1
coast,1790322156,,,1,,,,,7357.1
coast,1790322161,,,1,,,,,7357.1
coast,1790322166,,,1,,,,,7357.1
coast,1790322171,,,1,,,,,7357.1
coast,1790322176,,,1,,,,,7357.1
coast,1790322181,,,1,,,,,7357.1
coast,1790322186,,,1,,,,,7357.1
coast,1790322191,,,1,,,,,7357.1
coast,1790322196,,,1,,,,,7357.1
coast,1790322201,,,1,,,,,7357.1
coast,1790322206,,,1,,,,,7357.1
coast,1790322211,,,1,,,,,7357.1
coast,1790322216,,,1,,,,,7357.1
coast,1790322221,,,1,,,,,7357.1
coast,1790322226,,,1,,,,,7357.1
coast,1790322231,,,1,,,,,7357.1
coast,1790322236,,,1,,,,,7357.1
coast,1790322241,,,1,,,,,7357.1
coast,1790322246,,,1,,,,,7357.1
coast,1790322251,,,1,,,,,7357.1
coast,1790322256,,,1,,,,,7357.1
coast,1790322261,,,1,,,,,7357.1
coast,1790322266,,,1,,,,,7357.1
coast,1790322271,,,1,,,,,7357.1
coast,1790322276,,,1,,,,,7357.1
coast,1790322281,,,1,,,,,7357.1
coast,1790322286,,,1,,,,,7357.1
coast,1790322291,,,1,,,,,7357.1
coast,1790322296,,,1,,,,,7357.1
coast,1790322301,,,1,,,,,7357.1
coast,1790322306,,,1,,,,,7357.1
coast,1790322311,,,1,,,,,7357.1
coast,1790322316,,,1,,,,,7357.1
coast,1790322321,,,1,,,,,7357.1
coast,1790322326,,,1,,,,,7357.1
coast,1790322331,,,1,,,,,7357.1
coast,1790322336,,,1,,,,,7357.1
coast,1790322341,,,1,,,,,7357.1
coast,1790322346,,,1,,,,,7357.1
coast,1790322351,,,1,,,,,7357.1
coast,1790322356,,,1,,,,,7357.1
coast,1790322361,,,1,,,,,7357.1
coast,1790322366,,,1,,,,,7357.1
coast,1790322371,,,1,,,,,7357.1
coast,1790322376,,,1,,,,,7357.1
coast,1790322381,,,1,,,,,7357.1
coast,1790322386,,,1,,,,,7357.1
coast,1790322391,,,1,,,,,7357.1
coast,1790322396,,,1,,,,,7357.1
coast,1790322401,,,1,,,,,7357.1
coast,1790322406,,,1,,,,,7357.1
coast,1790322411,,,1,,,,,7357.1
coast,1790322416,,,1,,,,,7357.1
coast,1790322421,,,1,,,,,7357.1
coast,1790322426,,,1,,,,,7357.1
coast,1790322431,,,1,,,,,7357.1
coast,1790322436,,,1,,,,,7357.1
coast,1790322441,,,1,,,,,7357.1
coast,1790322446,,,1,,,,,7357.1
coast,1790322451,,,1,,,,,7357.1
coast,1790322456,,,1,,,,,7357.1
coast,1790322461,,,1,,,,,7357.1
coast,1790322466,,,1,,,,,7357.1
coast,1790322471,,,1,,,,,7357.1
coast,1790322476,,,1,,,,,7357.1
coast,1790322481,,,1,,,,,7357.1
coast,1790322486,,,1,,,,,7357.1
coast,1790322491,,,1,,,,,7357.1
coast,1790322496,,,1,,,,,7357.1
coast,1790322501,,,1,,,,,7357.1
coast,1790322506,,,1,,,,,7357.1
coast,1790322511,,,1,,,,,7357.1
coast,1790322516,,,1,,,,,7357.1
coast,1790322521,,,1,,,,,7357.1
coast,1790322526,,,1,,,,,7357.1
coast,1790322531,,,1,,,,,7357.1
coast,1790322536,,,1,,,,,7357.1
coast,1790322541,,,1,,,,,7357.1
coast,1790322546,,,1,,,,,7357.1
coast,1790322551,,,1,,,,,7357.1
coast,1790322556,,,1,,,,,7357.1
coast,1790322561,,,1,,,,,7357.1
coast,1790322566,,,1,,,,,7357.1
coast,1790322571,,,1,,,,,7357.1
coast,1790322576,,,1,,,,,7357.1
coast,1790322581,,,1,,,,,7357.1
coast,1790322586,,,1,,,,,7357.1
coast,1790322591,,,1,,,,,7357.1
coast,1790322596,,,1,,,,,7357.1
coast,1790322601,,,1,,,,,7357.1
coast,1790322606,,,1,,,,,7357.1
coast,1790322611,,,1,,,,,7357.1
coast,1790322616,,,1,,,,,7357.1
coast,1790322621,,,1,,,,,7357.1
coast,1790322626,,,1,,,,,7357.1
coast,1790322631,,,1,,,,,7357.1
coast,1790322636,,,1,,,,,7357.1
coast,1790322641,,,1,,,,,7357.1
coast,1790322646,,,1,,,,,7357.1
coast,1790322651,,,1,,,,,7357.1
coast,1790322656,,,1,,,,,7357.1
coast,1790322661,,,1,,,,,7357.1
fix,1790322666,6637.7,5988.0,0,,,,,
fix,1790323140,0.0,45.0,1,0.0,0.00,9.7,accepted,0.0
coast,1790323145,,,1,,,,,0.0
coast,1790323150,,,1,,,,,0.0
coast,1790323155,,,1,,,,,0.0
coast,1790323160,,,1,,,,,0.0
coast,1790323165,,,1,,,,,0.0
coast,1790323170,,,1,,,,,0.0
coast,1790323175,,,1,,,,,0.0
coast,1790323180,,,1,,,,,0.0
coast,1790323185,,,1,,,,,0.0
coast,1790323190,,,1,,,,,0.0
coast,1790323195,,,1,,,,,0.0
coast,1790323200,,,1,,,,,0.0
coast,1790323205,,,1,,,,,0.0
coast,1790323210,,,1,,,,,0.0
coast,1790323215,,,1,,,,,0.0
coast,1790323220,,,1,,,,,0.0
coast,1790323225,,,1,,,,,0.0
coast,1790323230,,,1,,,,,0.0
coast,1790323235,,,1,,,,,0.0
coast,1790323240,,,1,,,,,0.0
coast,1790323245,,,1,,,,,0.0
coast,1790323250,,,1,,,,,0.0
coast,1790323255,,,1,,,,,0.0
coast,1790323260,,,1,,,,,0.0
coast,1790323265,,,1,,,,,0.0
coast,1790323270,,,1,,,,,0.0
coast,1790323275,,,1,,,,,0.0
coast,1790323280,,,1,,,,,0.0
coast,1790323285,,,1,,,,,0.0
coast,1790323290,,,1,,,,,0.0
coast,1790323295,,,1,,,,,0.0
coast,1790323300,,,1,,,,,0.0
coast,1790323305,,,1,,,,,0.0
coast,1790323310,,,1,,,,,0.0
coast,1790323315,,,1,,,,,0.0
coast,1790323320,,,1,,,,,0.0
coast,1790323325,,,1,,,,,0.0
coast,1790323330,,,1,,,,,0.0
coast,1790323335,,,1,,,,,0.0
coast,1790323340,,,1,,,,,0.0
coast,1790323345,,,1,,,,,0.0
coast,1790323350,,,1,,,,,0.0
coast,1790323355,,,1,,,,,0.0
coast,1790323360,,,1,,,,,0.0
coast,1790323365,,,1,,,,,0.0
coast,1790323370,,,1,,,,,0.0
coast,1790323375,,,1,,,,,0.0
coast,1790323380,,,1,,,,,0.0
coast,1790323385,,,1,,,,,0.0
coast,1790323390,,,1,,,,,0.0
coast,1790323395,,,1,,,,,0.0
coast,1790323400,,,1,,,,,0.0
coast,1790323405,,,1,,,,,0.0
coast,1790323410,,,1,,,,,0.0
coast,1790323415,,,1,,,,,0.0
coast,1790323420,,,1,,,,,0.0
coast,1790323425,,,1,,,,,0.0
coast,1790323430,,,1,,,,,0.0
coast,1790323435,,,1,,,,,0.0
coast,1790323440,,,1,,,,,0.0
coast,1790323445,,,1,,,,,0.0
coast,1790323450,,,1,,,,,0.0
coast,1790323455,,,1,,,,,0.0
coast,1790323460,,,1,,,,,0.0
coast,1790323465,,,1,,,,,0.0
coast,1790323470,,,1,,,,,0.0
coast,1790323475,,,1,,,,,0.0
coast,1790323480,,,1,,,,,0.0
coast,1790323485,,,1,,,,,0.0
coast,1790323490,,,1,,,,,0.0
coast,1790323495,,,1,,,,,0.0
coast,1790323500,,,1,,,,,0.0
coast,1790323505,,,1,,,,,0.0
fix,1790323506,2.4,2.3,1,2.4,0.01,10.2,accepted,2.4
coast,1790323511,,,1,,,,,2.4
coast,1790323516,,,1,,,,,2.5
coast,1790323521,,,1,,,,,2.5
coast,1790323526,,,1,,,,,2.5
coast,1790323531,,,1,,,,,2.5
coast,1790323536,,,1,,,,,2.5
coast,1790323541,,,1,,,,,2.5
coast,1790323546,,,1,,,,,2.5
coast,1790323551,,,1,,,,,2.5
coast,1790323556,,,1,,,,,2.5
fix,1790323559,143.9,5.4,1,143.8,2.88,10.2,accepted,143.8
coast,1790323564,,,1,,,,,155.6
coast,1790323569,,,1,,,,,163.4
fix,1790323571,246.0,6.8,1,244.8,8.81,10.2,accepted,244.8
coast,1790323576,,,1,,,,,280.9
coast,1790323581,,,1,,,,,304.6
coast,1790323586,,,1,,,,,320.3
coast,1790323591,,,1,,,,,330.6
coast,1790323596,,,1,,,,,337.4
coast,1790323601,,,1,,,,,341.9
coast,1790323606,,,1,,,,,344.9
coast,1790323611,,,1,,,,,346.8
coast,1790323616,,,1,,,,,348.1
coast,1790323621,,,1,,,,,348.9
fix,1790323625,305.5,3.9,1,305.8,-1.86,10.2,accepted,305.8
coast,1790323630,,,1,,,,,298.2
coast,1790323635,,,1,,,,,293.2
coast,1790323640,,,1,,,,,289.9
coast,1790323645,,,1,,,,,287.7
coast,1790323650,,,1,,,,,286.3
coast,1790323655,,,1,,,,,285.3
coast,1790323660,,,1,,,,,284.7
coast,1790323665,,,1,,,,,284.3
coast,1790323670,,,1,,,,,284.0
coast,1790323675,,,1,,,,,283.8
coast,1790323680,,,1,,,,,283.7
fix,1790323681,429.1,75.0,1,429.0,3.33,10.2,accepted,429.0
coast,1790323686,,,1,,,,,442.6
coast,1790323691,,,1,,,,,451.6
coast,1790323696,,,1,,,,,457.5
coast,1790323701,,,1,,,,,461.4
coast,1790323706,,,1,,,,,464.0
coast,1790323711,,,1,,,,,465.7
coast,1790323716,,,1,,,,,466.8
coast,1790323721,,,1,,,,,467.5
coast,1790323726,,,1,,,,,468.0
coast,1790323731,,,1,,,,,468.3
coast,1790323736,,,1,,,,,468.6
fix,1790323740,607.7,5.2,1,607.7,2.95,10.2,accepted,607.7
coast,1790323745,,,1,,,,,619.7
coast,1790323750,,,1,,,,,627.7
coast,1790323755,,,1,,,,,632.9
coast,1790323760,,,1,,,,,636.4
fix,1790323765,638.2,8.5,1,638.3,0.95,10.2,accepted,638.3
coast,1790323770,,,1,,,,,642.2
coast,1790323775,,,1,,,,,644.8
coast,1790323780,,,1,,,,,646.5
coast,1790323785,,,1,,,,,647.6
coast,1790323790,,,1,,,,,648.3
coast,1790323795,,,1,,,,,648.8
coast,1790323800,,,1,,,,,649.1
coast,1790323805,,,1,,,,,649.4
coast,1790323810,,,1,,,,,649.5
coast,1790323815,,,1,,,,,649.6
coast,1790323820,,,1,,,,,649.6
fix,1790323823,825.6,3.6,1,825.6,4.03,10.2,accepted,825.6
coast,1790323828,,,1,,,,,842.0
coast,1790323833,,,1,,,,,852.9
coast,1790323838,,,1,,,,,860.1
coast,1790323843,,,1,,,,,864.8
coast,1790323848,,,1,,,,,867.9
coast,1790323853,,,1,,,,,869.9
coast,1790323858,,,1,,,,,871.3
coast,1790323863,,,1,,,,,872.2
coast,1790323868,,,1,,,,,872.8
coast,1790323873,,,1,,,,,873.2
coast,1790323878,,,1,,,,,873.4
fix,1790323882,1013.4,0.0,1,1013.4,2.95,10.2,accepted,1013.4
coast,1790323887,,,1,,,,,1025.5
coast,1790323892,,,1,,,,,1033.4
coast,1790323897,,,1,,,,,1038.7
coast,1790323902,,,1,,,,,1042.1
coast,1790323907,,,1,,,,,1044.4
coast,1790323912,,,1,,,,,1045.9
coast,1790323917,,,1,,,,,1046.9
coast,1790323922,,,1,,,,,1047.5
coast,1790323927,,,1,,,,,1048.0
coast,1790323932,,,1,,,,,1048.3
coast,1790323937,,,1,,,,,1048.4
coast,1790323942,,,1,,,,,1048.6
coast,1790323947,,,1,,,,,1048.7
coast,1790323952,,,1,,,,,1048.7
fix,1790323957,1073.6,10.3,1,1073.6,0.17,10.2,accepted,1073.6
coast,1790323962,,,1,,,,,1074.3
coast,1790323967,,,1,,,,,1074.7
coast,1790323972,,,1,,,,,1075.0
coast,1790323977,,,1,,,,,1075.2
coast,1790323982,,,1,,,,,1075.4
coast,1790323987,,,1,,,,,1075.4
coast,1790323992,,,1,,,,,1075.5
coast,1790323997,,,1,,,,,1075.5
coast,1790324002,,,1,,,,,1075.6
fix,1790324006,1127.9,28.7,1,1127.9,1.31,10.2,accepted,1127.9
coast,1790324011,,,1,,,,,1133.2
coast,1790324016,,,1,,,,,1136.7
coast,1790324021,,,1,,,,,1139.1
coast,1790324026,,,1,,,,,1140.6
coast,1790324031,,,1,,,,,1141.6
coast,1790324036,,,1,,,,,1142.3
coast,1790324041,,,1,,,,,1142.7
coast,1790324046,,,1,,,,,1143.0
fix,1790324049,1313.0,12.7,1,1312.9,5.04,10.2,accepted,1312.9
coast,1790324054,,,1,,,,,1333.5
coast,1790324059,,,1,,,,,1347.1
fix,1790324062,1425.9,3.6,1,1425.0,8.98,10.2,accepted,1425.0
coast,1790324067,,,1,,,,,1461.8
coast,1790324072,,,1,,,,,1486.0
coast,1790324077,,,1,,,,,1502.0
coast,1790324082,,,1,,,,,1512.5
coast,1790324087,,,1,,,,,1519.4
coast,1790324092,,,1,,,,,1524.0
coast,1790324097,,,1,,,,,1527.0
coast,1790324102,,,1,,,,,1529.0
coast,1790324107,,,1,,,,,1530.3
coast,1790324112,,,1,,,,,1531.2
fix,1790324117,1639.3,4.3,1,1639.5,1.92,10.2,accepted,1639.5
coast,1790324122,,,1,,,,,1647.4
coast,1790324127,,,1,,,,,1652.6
coast,1790324132,,,1,,,,,1656.0
coast,1790324137,,,1,,,,,1658.2
coast,1790324142,,,1,,,,,1659.7
coast,1790324147,,,1,,,,,1660.7
fix,1790324150,1639.3,4.3,1,1639.4,-0.40,10.2,accepted,1639.4
coast,1790324155,,,1,,,,,1637.8
coast,1790324160,,,1,,,,,1636.7
coast,1790324165,,,1,,,,,1635.9
coast,1790324170,,,1,,,,,1635.5
coast,1790324175,,,1,,,,,1635.2
coast,1790324180,,,1,,,,,1635.0
coast,1790324185,,,1,,,,,1634.8
coast,1790324190,,,1,,,,,1634.7
coast,1790324195,,,1,,,,,1634.7
fix,1790324199,1692.8,3.0,1,1692.8,1.55,10.2,accepted,1692.8
coast,1790324204,,,1,,,,,1699.1
coast,1790324209,,,1,,,,,1703.3
coast,1790324214,,,1,,,,,1706.0
coast,1790324219,,,1,,,,,1707.8
coast,1790324224,,,1,,,,,1709.0
coast,1790324229,,,1,,,,,1709.8
coast,1790324234,,,1,,,,,1710.3
coast,1790324239,,,1,,,,,1710.7
coast,1790324244,,,1,,,,,1710.9
coast,1790324249,,,1,,,,,1711.0
coast,1790324254,,,1,,,,,1711.1
coast,1790324259,,,1,,,,,1711.2
coast,1790324264,,,1,,,,,1711.2
coast,1790324269,,,1,,,,,1711.3
coast,1790324274,,,1,,,,,1711.3
coast,1790324279,,,1,,,,,1711.3
coast,1790324284,,,1,,,,,1711.3
fix,1790324288,1779.6,0.9,1,1779.6,0.78,10.2,accepted,1779.6
coast,1790324293,,,1,,,,,1782.8
coast,1790324298,,,1,,,,,1784.9
coast,1790324303,,,1,,,,,1786.3
coast,1790324308,,,1,,,,,1787.2
coast,1790324313,,,1,,,,,1787.8
coast,1790324318,,,1,,,,,1788.2
coast,1790324323,,,1,,,,,1788.5
coast,1790324328,,,1,,,,,1788.7
coast,1790324333,,,1,,,,,1788.8
fix,1790324337,1813.2,2.1,1,1813.2,0.67,10.2,accepted,1813.2
coast,1790324342,,,1,,,,,1815.9
coast,1790324347,,,1,,,,,1817.7
coast,1790324352,,,1,,,,,1818.9
coast,1790324357,,,1,,,,,1819.7
coast,1790324362,,,1,,,,,1820.2
coast,1790324367,,,1,,,,,1820.6
coast,1790324372,,,1,,,,,1820.8
coast,1790324377,,,1,,,,,1820.9
coast,1790324382,,,1,,,,,1821.0
coast,1790324387,,,1,,,,,1821.1
coast,1790324392,,,1,,,,,1821.1
fix,1790324393,1909.7,4.9,1,1909.7,2.02,10.2,accepted,1909.7
coast,1790324398,,,1,,,,,1917.9
coast,1790324403,,,1,,,,,1923.4
coast,1790324408,,,1,,,,,1927.0
coast,1790324413,,,1,,,,,1929.3
coast,1790324418,,,1,,,,,1930.9
coast,1790324423,,,1,,,,,1931.9
coast,1790324428,,,1,,,,,1932.6
fix,1790324429,1924.7,0.9,1,1924.8,0.08,10.2,accepted,1924.8
coast,1790324434,,,1,,,,,1925.1
coast,1790324439,,,1,,,,,1925.4
coast,1790324444,,,1,,,,,1925.5
coast,1790324449,,,1,,,,,1925.6
coast,1790324454,,,1,,,,,1925.7
coast,1790324459,,,1,,,,,1925.7
fix,1790324463,2021.2,2.5,1,2021.0,3.51,10.2,accepted,2021.0
coast,1790324468,,,1,,,,,2035.3
coast,1790324473,,,1,,,,,2044.8
coast,1790324478,,,1,,,,,2051.0
coast,1790324483,,,1,,,,,2055.2
coast,1790324488,,,1,,,,,2057.9
coast,1790324493,,,1,,,,,2059.7
coast,1790324498,,,1,,,,,2060.8
coast,1790324503,,,1,,,,,2061.6
coast,1790324508,,,1,,,,,2062.1
fix,1790324512,2067.1,4.5,1,2067.2,0.16,10.2,accepted,2067.2
coast,1790324517,,,1,,,,,2067.9
coast,1790324522,,,1,,,,,2068.3
coast,1790324527,,,1,,,,,2068.6
coast,1790324532,,,1,,,,,2068.8
coast,1790324537,,,1,,,,,2068.9
coast,1790324542,,,1,,,,,2069.0
coast,1790324547,,,1,,,,,2069.0
coast,1790324552,,,1,,,,,2069.1
coast,1790324557,,,1,,,,,2069.1
coast,1790324562,,,1,,,,,2069.1
coast,1790324567,,,1,,,,,2069.1
fix,1790324571,2178.5,4.5,1,2178.4,2.39,10.2,accepted,2178.4
coast,1790324576,,,1,,,,,2188.2
coast,1790324581,,,1,,,,,2194.6
coast,1790324586,,,1,,,,,2198.9
coast,1790324591,,,1,,,,,2201.7
coast,1790324596,,,1,,,,,2203.5
coast,1790324601,,,1,,,,,2204.7
coast,1790324606,,,1,,,,,2205.5
coast,1790324611,,,1,,,,,2206.1
coast,1790324616,,,1,,,,,2206.4
coast,1790324621,,,1,,,,,2206.7
fix,1790324626,2226.9,0.5,1,2226.9,0.49,10.2,accepted,2226.9
coast,1790324631,,,1,,,,,2229.0
coast,1790324636,,,1,,,,,2230.3
coast,1790324641,,,1,,,,,2231.2
coast,1790324646,,,1,,,,,2231.7
coast,1790324651,,,1,,,,,2232.1
coast,1790324656,,,1,,,,,2232.4
fix,1790324659,2242.2,3.2,1,2242.2,0.46,10.2,accepted,2242.2
coast,1790324664,,,1,,,,,2244.1
coast,1790324669,,,1,,,,,2245.3
fix,1790324671,2260.4,5.4,1,2260.1,1.60,10.1,accepted,2260.1
coast,1790324676,,,1,,,,,2266.6
coast,1790324681,,,1,,,,,2270.9
coast,1790324686,,,1,,,,,2273.8
coast,1790324691,,,1,,,,,2275.6
coast,1790324696,,,1,,,,,2276.9
coast,1790324701,,,1,,,,,2277.7
coast,1790324706,,,1,,,,,2278.2
coast,1790324711,,,1,,,,,2278.6
coast,1790324716,,,1,,,,,2278.8
coast,1790324721,,,1,,,,,2279.0
coast,1790324726,,,1,,,,,2279.1
fix,1790324729,2460.5,43.0,1,2460.5,4.19,10.2,accepted,2460.5
coast,1790324734,,,1,,,,,2477.6
coast,1790324739,,,1,,,,,2488.9
coast,1790324744,,,1,,,,,2496.3
fix,1790324748,2551.4,2.2,1,2551.3,4.86,10.2,accepted,2551.3
coast,1790324753,,,1,,,,,2571.1
coast,1790324758,,,1,,,,,2584.2
coast,1790324763,,,1,,,,,2592.9
coast,1790324768,,,1,,,,,2598.6
coast,1790324773,,,1,,,,,2602.3
coast,1790324778,,,1,,,,,2604.8
coast,1790324783,,,1,,,,,2606.4
coast,1790324788,,,1,,,,,2607.5
fix,1790324789,2600.2,15.0,1,2600.4,-0.03,10.2,accepted,2600.4
coast,1790324794,,,1,,,,,2600.3
coast,1790324799,,,1,,,,,2600.2
fix,1790324802,2683.7,11.6,1,2682.2,6.95,10.2,accepted,2682.2
coast,1790324807,,,1,,,,,2710.6
coast,1790324812,,,1,,,,,2729.3
coast,1790324817,,,1,,,,,2741.7
coast,1790324822,,,1,,,,,2749.8
coast,1790324827,,,1,,,,,2755.2
coast,1790324832,,,1,,,,,2758.8
coast,1790324837,,,1,,,,,2761.1
coast,1790324842,,,1,,,,,2762.6
coast,1790324847,,,1,,,,,2763.6
coast,1790324852,,,1,,,,,2764.3
fix,1790324853,2726.4,9.4,1,2726.7,-1.44,10.2,accepted,2726.7
coast,1790324858,,,1,,,,,2720.8
coast,1790324863,,,1,,,,,2716.9
coast,1790324868,,,1,,,,,2714.3
coast,1790324873,,,1,,,,,2712.7
fix,1790324877,2828.9,14.8,1,2828.3,5.22,10.2,accepted,2828.3
coast,1790324882,,,1,,,,,2849.6
fix,1790324887,2905.8,3.1,1,2904.7,7.82,10.0,accepted,2904.7
coast,1790324892,,,1,,,,,2936.7
coast,1790324897,,,1,,,,,2957.8
coast,1790324902,,,1,,,,,2971.7
coast,1790324907,,,1,,,,,2980.9
coast,1790324912,,,1,,,,,2986.9
coast,1790324917,,,1,,,,,2990.9
coast,1790324922,,,1,,,,,2993.5
coast,1790324927,,,1,,,,,2995.2
coast,1790324932,,,1,,,,,2996.4
coast,1790324937,,,1,,,,,2997.1
fix,1790324940,2935.8,1.3,1,2936.1,-2.24,10.2,accepted,2936.1
coast,1790324945,,,1,,,,,2927.0
coast,1790324950,,,1,,,,,2921.0
coast,1790324955,,,1,,,,,2917.0
coast,1790324960,,,1,,,,,2914.4
coast,1790324965,,,1,,,,,2912.6
coast,1790324970,,,1,,,,,2911.5
coast,1790324975,,,1,,,,,2910.8
coast,1790324980,,,1,,,,,2910.3
coast,1790324985,,,1,,,,,2909.9
coast,1790324990,,,1,,,,,2909.7
coast,1790324995,,,1,,,,,2909.6
fix,1790325000,3047.2,5.6,1,3047.1,3.03,10.2,accepted,3047.1
coast,1790325005,,,1,,,,,3059.5
coast,1790325010,,,1,,,,,3067.7
coast,1790325015,,,1,,,,,3073.1
coast,1790325020,,,1,,,,,3076.7
coast,1790325025,,,1,,,,,3079.0
coast,1790325030,,,1,,,,,3080.6
coast,1790325035,,,1,,,,,3081.6
coast,1790325040,,,1,,,,,3082.2
coast,1790325045,,,1,,,,,3082.7
coast,1790325050,,,1,,,,,3083.0
coast,1790325055,,,1,,,,,3083.2
fix,1790325059,3269.6,10.0,1,3269.6,3.97,10.2,accepted,3269.6
coast,1790325064,,,1,,,,,3285.8
coast,1790325069,,,1,,,,,3296.5
coast,1790325074,,,1,,,,,3303.5
coast,1790325079,,,1,,,,,3308.2
fix,1790325080,3413.6,3.7,1,3413.3,7.24,10.2,accepted,3413.3
coast,1790325085,,,1,,,,,3442.9
coast,1790325090,,,1,,,,,3462.4
coast,1790325095,,,1,,,,,3475.3
coast,1790325100,,,1,,,,,3483.7
coast,1790325105,,,1,,,,,3489.3
coast,1790325110,,,1,,,,,3493.0
coast,1790325115,,,1,,,,,3495.4
coast,1790325120,,,1,,,,,3497.0
coast,1790325125,,,1,,,,,3498.1
coast,1790325130,,,1,,,,,3498.8
coast,1790325135,,,1,,,,,3499.3
fix,1790325139,3581.3,2.5,1,3581.4,1.24,10.2,accepted,3581.4
coast,1790325144,,,1,,,,,3586.5
coast,1790325149,,,1,,,,,3589.8
coast,1790325154,,,1,,,,,3592.0
coast,1790325159,,,1,,,,,3593.5
coast,1790325164,,,1,,,,,3594.5
coast,1790325169,,,1,,,,,3595.1
coast,1790325174,,,1,,,,,3595.5
coast,1790325179,,,1,,,,,3595.8
fix,1790325183,3722.6,6.2,1,3722.5,3.67,10.2,accepted,3722.5
coast,1790325188,,,1,,,,,3737.5
coast,1790325193,,,1,,,,,3747.4
coast,1790325198,,,1,,,,,3753.9
coast,1790325203,,,1,,,,,3758.2
coast,1790325208,,,1,,,,,3761.1
coast,1790325213,,,1,,,,,3763.0
coast,1790325218,,,1,,,,,3764.2
coast,1790325223,,,1,,,,,3765.0
coast,1790325228,,,1,,,,,3765.5
coast,1790325233,,,1,,,,,3765.9
fix,1790325234,3891.1,7.0,1,3891.1,3.20,10.2,accepted,3891.1
coast,1790325239,,,1,,,,,3904.2
coast,1790325244,,,1,,,,,3912.9
coast,1790325249,,,1,,,,,3918.6
coast,1790325254,,,1,,,,,3922.3
coast,1790325259,,,1,,,,,3924.8
coast,1790325264,,,1,,,,,3926.4
coast,1790325269,,,1,,,,,3927.5
coast,1790325274,,,1,,,,,3928.2
coast,1790325279,,,1,,,,,3928.7
coast,1790325284,,,1,,,,,3929.0
coast,1790325289,,,1,,,,,3929.2
fix,1790325291,3984.5,50.7,1,3984.6,1.20,10.2,accepted,3984.6
coast,1790325296,,,1,,,,,3989.5
coast,1790325301,,,1,,,,,3992.7
coast,1790325306,,,1,,,,,3994.9
coast,1790325311,,,1,,,,,3996.3
coast,1790325316,,,1,,,,,3997.2
coast,1790325321,,,1,,,,,3997.8
coast,1790325326,,,1,,,,,3998.2
fix,1790325329,4116.9,5.1,1,4116.8,3.97,10.2,accepted,4116.8
coast,1790325334,,,1,,,,,4133.0
coast,1790325339,,,1,,,,,4143.7
coast,1790325344,,,1,,,,,4150.8
coast,1790325349,,,1,,,,,4155.4
coast,1790325354,,,1,,,,,4158.5
fix,1790325358,4169.9,1.9,1,4170.1,1.37,10.2,accepted,4170.1
coast,1790325363,,,1,,,,,4175.7
coast,1790325368,,,1,,,,,4179.4
coast,1790325373,,,1,,,,,4181.8
coast,1790325378,,,1,,,,,4183.4
coast,1790325383,,,1,,,,,4184.5
coast,1790325388,,,1,,,,,4185.1
coast,1790325393,,,1,,,,,4185.6
coast,1790325398,,,1,,,,,4185.9
coast,1790325403,,,1,,,,,4186.1
coast,1790325408,,,1,,,,,4186.2
coast,1790325413,,,1,,,,,4186.3
fix,1790325416,4320.2,4.8,1,4320.2,3.00,10.2,accepted,4320.2
coast,1790325421,,,1,,,,,4332.4
coast,1790325426,,,1,,,,,4340.5
coast,1790325431,,,1,,,,,4345.9
fix,1790325436,4454.7,1.2,1,4454.3,7.21,10.2,accepted,4454.3
coast,1790325441,,,1,,,,,4483.8
coast,1790325446,,,1,,,,,4503.2
coast,1790325451,,,1,,,,,4516.0
coast,1790325456,,,1,,,,,4524.5
coast,1790325461,,,1,,,,,4530.1
coast,1790325466,,,1,,,,,4533.7
coast,1790325471,,,1,,,,,4536.2
coast,1790325476,,,1,,,,,4537.7
fix,1790325478,4548.2,3.0,1,4548.5,0.59,10.2,accepted,4548.5
coast,1790325483,,,1,,,,,4550.9
coast,1790325488,,,1,,,,,4552.5
coast,1790325493,,,1,,,,,4553.6
coast,1790325498,,,1,,,,,4554.2
coast,1790325503,,,1,,,,,4554.7
coast,1790325508,,,1,,,,,4555.0
coast,1790325513,,,1,,,,,4555.2
coast,1790325518,,,1,,,,,4555.3
coast,1790325523,,,1,,,,,4555.4
coast,1790325528,,,1,,,,,4555.5
fix,1790325531,4695.1,0.7,1,4695.0,3.41,10.2,accepted,4695.0
coast,1790325536,,,1,,,,,4709.0
coast,1790325541,,,1,,,,,4718.2
coast,1790325546,,,1,,,,,4724.2
coast,1790325551,,,1,,,,,4728.2
coast,1790325556,,,1,,,,,4730.8
coast,1790325561,,,1,,,,,4732.6
coast,1790325566,,,1,,,,,4733.7
coast,1790325571,,,1,,,,,4734.5
coast,1790325576,,,1,,,,,4735.0
coast,1790325581,,,1,,,,,4735.3
coast,1790325586,,,1,,,,,4735.5
fix,1790325589,4895.3,4.4,1,4895.3,3.46,10.2,accepted,4895.3
coast,1790325594,,,1,,,,,4909.4
coast,1790325599,,,1,,,,,4918.8
coast,1790325604,,,1,,,,,4924.9
coast,1790325609,,,1,,,,,4929.0
coast,1790325614,,,1,,,,,4931.7
coast,1790325619,,,1,,,,,4933.4
coast,1790325624,,,1,,,,,4934.6
coast,1790325629,,,1,,,,,4935.3
coast,1790325634,,,1,,,,,4935.9
coast,1790325639,,,1,,,,,4936.2
coast,1790325644,,,1,,,,,4936.4
coast,1790325649,,,1,,,,,4936.6
coast,1790325654,,,1,,,,,4936.6
coast,1790325659,,,1,,,,,4936.7
coast,1790325664,,,1,,,,,4936.8
coast,1790325669,,,1,,,,,4936.8
coast,1790325674,,,1,,,,,4936.8
fix,1790325679,5008.7,3.0,1,5008.7,0.55,10.2,accepted,5008.7
coast,1790325684,,,1,,,,,5011.0
coast,1790325689,,,1,,,,,5012.5
coast,1790325694,,,1,,,,,5013.5
coast,1790325699,,,1,,,,,5014.1
coast,1790325704,,,1,,,,,5014.5
coast,1790325709,,,1,,,,,5014.8
fix,1790325710,5061.9,1.5,1,5061.8,1.88,10.2,accepted,5061.8
coast,1790325715,,,1,,,,,5069.5
coast,1790325720,,,1,,,,,5074.6
coast,1790325725,,,1,,,,,5077.9
coast,1790325730,,,1,,,,,5080.1
coast,1790325735,,,1,,,,,5081.6
coast,1790325740,,,1,,,,,5082.5
coast,1790325745,,,1,,,,,5083.2
fix,1790325750,5075.8,5.5,1,5075.8,-0.08,10.2,accepted,5075.8
coast,1790325755,,,1,,,,,5075.5
coast,1790325760,,,1,,,,,5075.3
coast,1790325765,,,1,,,,,5075.1
coast,1790325770,,,1,,,,,5075.0
coast,1790325775,,,1,,,,,5075.0
coast,1790325780,,,1,,,,,5074.9
coast,1790325785,,,1,,,,,5074.9
coast,1790325790,,,1,,,,,5074.9
coast,1790325795,,,1,,,,,5074.9
coast,1790325800,,,1,,,,,5074.8
coast,1790325805,,,1,,,,,5074.8
fix,1790325810,5175.8,6.4,1,5175.8,2.22,10.2,accepted,5175.8
coast,1790325815,,,1,,,,,5184.9
coast,1790325820,,,1,,,,,5190.8
coast,1790325825,,,1,,,,,5194.8
coast,1790325830,,,1,,,,,5197.4
coast,1790325835,,,1,,,,,5199.1
coast,1790325840,,,1,,,,,5200.2
coast,1790325845,,,1,,,,,5201.0
coast,1790325850,,,1,,,,,5201.4
coast,1790325855,,,1,,,,,5201.8
coast,1790325860,,,1,,,,,5202.0
coast,1790325865,,,1,,,,,5202.1
fix,1790325869,5289.8,3.9,1,5289.9,1.86,10.2,accepted,5289.9
coast,1790325874,,,1,,,,,5297.4
coast,1790325879,,,1,,,,,5302.5
coast,1790325884,,,1,,,,,5305.8
coast,1790325889,,,1,,,,,5307.9
coast,1790325894,,,1,,,,,5309.4
coast,1790325899,,,1,,,,,5310.3
coast,1790325904,,,1,,,,,5310.9
coast,1790325909,,,1,,,,,5311.3
coast,1790325914,,,1,,,,,5311.6
coast,1790325919,,,1,,,,,5311.8
fix,1790325923,5403.4,3.1,1,5403.4,2.16,10.2,accepted,5403.4
coast,1790325928,,,1,,,,,5412.2
coast,1790325933,,,1,,,,,5418.0
coast,1790325938,,,1,,,,,5421.9
coast,1790325943,,,1,,,,,5424.4
coast,1790325948,,,1,,,,,5426.1
coast,1790325953,,,1,,,,,5427.2
fix,1790325958,5686.7,1.9,1,5686.4,9.32,10.2,accepted,5686.4
coast,1790325963,,,1,,,,,5724.5
coast,1790325968,,,1,,,,,5749.7
coast,1790325973,,,1,,,,,5766.2
coast,1790325978,,,1,,,,,5777.1
coast,1790325983,,,1,,,,,5784.3
coast,1790325988,,,1,,,,,5789.1
coast,1790325993,,,1,,,,,5792.2
coast,1790325998,,,1,,,,,5794.3
coast,1790326003,,,1,,,,,5795.6
coast,1790326008,,,1,,,,,5796.5
coast,1790326013,,,1,,,,,5797.1
fix,1790326016,5779.8,5.3,1,5780.0,-0.86,10.2,accepted,5780.0
coast,1790326021,,,1,,,,,5776.5
coast,1790326026,,,1,,,,,5774.2
coast,1790326031,,,1,,,,,5772.6
coast,1790326036,,,1,,,,,5771.6
coast,1790326041,,,1,,,,,5771.0
coast,1790326046,,,1,,,,,5770.5
coast,1790326051,,,1,,,,,5770.2
coast,1790326056,,,1,,,,,5770.0
coast,1790326061,,,1,,,,,5769.9
fix,1790326064,5813.5,1.8,1,5813.5,1.08,10.2,accepted,5813.5
coast,1790326069,,,1,,,,,5817.9
coast,1790326074,,,1,,,,,5820.8
coast,1790326079,,,1,,,,,5822.7
coast,1790326084,,,1,,,,,5824.0
coast,1790326089,,,1,,,,,5824.8
coast,1790326094,,,1,,,,,5825.4
coast,1790326099,,,1,,,,,5825.7
coast,1790326104,,,1,,,,,5826.0
coast,1790326109,,,1,,,,,5826.1
coast,1790326114,,,1,,,,,5826.2
coast,1790326119,,,1,,,,,5826.3
fix,1790326124,5900.1,2.8,1,5900.1,1.55,10.2,accepted,5900.1
coast,1790326129,,,1,,,,,5906.4
coast,1790326134,,,1,,,,,5910.6
coast,1790326139,,,1,,,,,5913.4
coast,1790326144,,,1,,,,,5915.2
coast,1790326149,,,1,,,,,5916.4
coast,1790326154,,,1,,,,,5917.2
coast,1790326159,,,1,,,,,5917.7
coast,1790326164,,,1,,,,,5918.0
coast,1790326169,,,1,,,,,5918.3
fix,1790326170,6130.8,6.3,1,6130.7,5.82,10.2,accepted,6130.7
coast,1790326175,,,1,,,,,6154.5
coast,1790326180,,,1,,,,,6170.2
coast,1790326185,,,1,,,,,6180.6
coast,1790326190,,,1,,,,,6187.4
coast,1790326195,,,1,,,,,6191.9
coast,1790326200,,,1,,,,,6194.9
coast,1790326205,,,1,,,,,6196.8
coast,1790326210,,,1,,,,,6198.1
coast,1790326215,,,1,,,,,6199.0
coast,1790326220,,,1,,,,,6199.5
coast,1790326225,,,1,,,,,6199.9
coast,1790326230,,,1,,,,,6200.1
coast,1790326235,,,1,,,,,6200.3
coast,1790326240,,,1,,,,,6200.4
coast,1790326245,,,1,,,,,6200.5
coast,1790326250,,,1,,,,,6200.5
coast,1790326255,,,1,,,,,6200.6
coast,1790326260,,,1,,,,,6200.6
coast,1790326265,,,1,,,,,6200.6
coast,1790326270,,,1,,,,,6200.6
coast,1790326275,,,1,,,,,6200.6
coast,1790326280,,,1,,,,,6200.6
fix,1790326285,6517.0,2.0,1,6517.0,2.45,10.2,accepted,6517.0
coast,1790326290,,,1,,,,,6527.0
coast,1790326295,,,1,,,,,6533.6
fix,1790326299,6577.7,0.0,1,6577.5,4.43,10.2,accepted,6577.5
coast,1790326304,,,1,,,,,6595.6
coast,1790326309,,,1,,,,,6607.6
coast,1790326314,,,1,,,,,6615.4
fix,1790326315,6720.0,5.2,1,6718.7,9.70,10.2,accepted,6718.7
coast,1790326320,,,1,,,,,6758.4
coast,1790326325,,,1,,,,,6784.5
coast,1790326330,,,1,,,,,6801.8
coast,1790326335,,,1,,,,,6813.1
coast,1790326340,,,1,,,,,6820.6
coast,1790326345,,,1,,,,,6825.6
fix,1790326350,6734.6,0.0,1,6735.4,-2.55,10.2,accepted,6735.4
coast,1790326355,,,1,,,,,6725.0
coast,1790326360,,,1,,,,,6718.2
coast,1790326365,,,1,,,,,6713.6
coast,1790326370,,,1,,,,,6710.6
coast,1790326375,,,1,,,,,6708.7
coast,1790326380,,,1,,,,,6707.4
coast,1790326385,,,1,,,,,6706.5
coast,1790326390,,,1,,,,,6706.0
coast,1790326395,,,1,,,,,6705.6
coast,1790326400,,,1,,,,,6705.3
fix,1790326403,6791.7,8.2,1,6791.6,2.20,10.2,accepted,6791.6
coast,1790326408,,,1,,,,,6800.6
coast,1790326413,,,1,,,,,6806.6
coast,1790326418,,,1,,,,,6810.5
coast,1790326423,,,1,,,,,6813.1
coast,1790326428,,,1,,,,,6814.8
coast,1790326433,,,1,,,,,6815.9
coast,1790326438,,,1,,,,,6816.6
coast,1790326443,,,1,,,,,6817.1
fix,1790326448,6881.7,7.6,1,6881.7,1.95,10.2,accepted,6881.7
coast,1790326453,,,1,,,,,6889.7
coast,1790326458,,,1,,,,,6895.0
fix,1790326459,6991.7,1.5,1,6989.5,10.37,10.1,accepted,6989.5
coast,1790326464,,,1,,,,,7031.9
coast,1790326469,,,1,,,,,7059.9
coast,1790326474,,,1,,,,,7078.3
coast,1790326479,,,1,,,,,7090.4
coast,1790326484,,,1,,,,,7098.4
coast,1790326489,,,1,,,,,7103.7
coast,1790326494,,,1,,,,,7107.2
fix,1790326497,7122.6,1.9,1,7123.2,1.10,10.2,accepted,7123.2
coast,1790326502,,,1,,,,,7127.7
coast,1790326507,,,1,,,,,7130.6
coast,1790326512,,,1,,,,,7132.6
coast,1790326517,,,1,,,,,7133.9
coast,1790326522,,,1,,,,,7134.7
coast,1790326527,,,1,,,,,7135.3
coast,1790326532,,,1,,,,,7135.6
coast,1790326537,,,1,,,,,7135.9
coast,1790326542,,,1,,,,,7136.0
coast,1790326547,,,1,,,,,7136.2
fix,1790326549,7462.1,0.0,1,7461.9,8.18,10.2,accepted,7461.9
coast,1790326554,,,1,,,,,7495.3
coast,1790326559,,,1,,,,,7517.4
coast,1790326564,,,1,,,,,7531.9
coast,1790326569,,,1,,,,,7541.5
coast,1790326574,,,1,,,,,7547.8
fix,1790326577,7273.4,1.3,1,7274.5,-9.49,10.2,accepted,7274.5
coast,1790326582,,,1,,,,,7235.7
coast,1790326587,,,1,,,,,7210.2
coast,1790326592,,,1,,,,,7193.3
coast,1790326597,,,1,,,,,7182.2
coast,1790326602,,,1,,,,,7174.9
coast,1790326607,,,1,,,,,7170.1
coast,1790326612,,,1,,,,,7166.9
coast,1790326617,,,1,,,,,7164.8
coast,1790326622,,,1,,,,,7163.4
coast,1790326627,,,1,,,,,7162.5
coast,1790326632,,,1,,,,,7161.9
coast,1790326637,,,1,,,,,7161.5
coast,1790326642,,,1,,,,,7161.2
coast,1790326647,,,1,,,,,7161.0
coast,1790326652,,,1,,,,,7160.9
fix,1790326657,7307.5,27.3,1,7307.3,4.13,10.2,accepted,7307.3
coast,1790326662,,,1,,,,,7324.2
coast,1790326667,,,1,,,,,7335.4
coast,1790326672,,,1,,,,,7342.7
coast,1790326677,,,1,,,,,7347.5
coast,1790326682,,,1,,,,,7350.7
coast,1790326687,,,1,,,,,7352.8
coast,1790326692,,,1,,,,,7354.2
coast,1790326697,,,1,,,,,7355.1
coast,1790326702,,,1,,,,,7355.7
coast,1790326707,,,1,,,,,7356.1
coast,1790326712,,,1,,,,,7356.4
coast,1790326717,,,1,,,,,7356.6
coast,1790326722,,,1,,,,,7356.7
coast,1790326727,,,1,,,,,7356.7
coast,1790326732,,,1,,,,,7356.8
coast,1790326737,,,1,,,,,7356.8
coast,1790326742,,,1,,,,,7356.9
coast,1790326747,,,1,,,,,7356.9
coast,1790326752,,,1,,,,,7356.9
coast,1790326757,,,1,,,,,7356.9
coast,1790326762,,,1,,,,,7356.9
coast,1790326767,,,1,,,,,7356.9
coast,1790326772,,,1,,,,,7356.9
coast,1790326777,,,1,,,,,7356.9
coast,1790326782,,,1,,,,,7356.9
coast,1790326787,,,1,,,,,7356.9
coast,1790326792,,,1,,,,,7356.9
coast,1790326797,,,1,,,,,7356.9
coast,1790326802,,,1,,,,,7356.9
coast,1790326807,,,1,,,,,7356.9
coast,1790326812,,,1,,,,,7356.9
coast,1790326817,,,1,,,,,7356.9
coast,1790326822,,,1,,,,,7356.9
coast,1790326827,,,1,,,,,7356.9
coast,1790326832,,,1,,,,,7356.9
fix,1790326836,7307.5,8.7,1,7307.5,-1.51,10.2,accepted,7307.5
coast,1790326841,,,1,,,,,7301.3
coast,1790326846,,,1,,,,,7297.3
coast,1790326851,,,1,,,,,7294.6
coast,1790326856,,,1,,,,,7292.8
coast,1790326861,,,1,,,,,7291.6
coast,1790326866,,,1,,,,,7290.9
coast,1790326871,,,1,,,,,7290.4
coast,1790326876,,,1,,,,,7290.0
coast,1790326881,,,1,,,,,7289.8
coast,1790326886,,,1,,,,,7289.7
coast,1790326891,,,1,,,,,7289.6
coast,1790326896,,,1,,,,,7289.5
coast,1790326901,,,1,,,,,7289.5
coast,1790326906,,,1,,,,,7289.4
coast,1790326911,,,1,,,,,7289.4
coast,1790326916,,,1,,,,,7289.4
coast,1790326921,,,1,,,,,7289.4
coast,1790326926,,,1,,,,,7289.4
coast,1790326931,,,1,,,,,7289.4
coast,1790326936,,,1,,,,,7289.4
coast,1790326941,,,1,,,,,7289.4
coast,1790326946,,,1,,,,,7289.4
coast,1790326951,,,1,,,,,7289.4
coast,1790326956,,,1,,,,,7289.4
coast,1790326961,,,1,,,,,7289.4
coast,1790326966,,,1,,,,,7289.4
coast,1790326971,,,1,,,,,7289.4
coast,1790326976,,,1,,,,,7289.4
coast,1790326981,,,1,,,,,7289.4
coast,1790326986,,,1,,,,,7289.4
coast,1790326991,,,1,,,,,7289.4
coast,1790326996,,,1,,,,,7289.4
coast,1790327001,,,1,,,,,7289.4
coast,1790327006,,,1,,,,,7289.4
coast,1790327011,,,1,,,,,7289.4
coast,1790327016,,,1,,,,,7289.4
coast,1790327021,,,1,,,,,7289.4
coast,1790327026,,,1,,,,,7289.4
coast,1790327031,,,1,,,,,7289.4
coast,1790327036,,,1,,,,,7289.4
coast,1790327041,,,1,,,,,7289.4
coast,1790327046,,,1,,,,,7289.4
coast,1790327051,,,1,,,,,7289.4
coast,1790327056,,,1,,,,,7289.4
coast,1790327061,,,1,,,,,7289.4
coast,1790327066,,,1,,,,,7289.4
coast,1790327071,,,1,,,,,7289.4
coast,1790327076,,,1,,,,,7289.4
coast,1790327081,,,1,,,,,7289.4
coast,1790327086,,,1,,,,,7289.4
coast,1790327091,,,1,,,,,7289.4
coast,1790327096,,,1,,,,,7289.4
coast,1790327101,,,1,,,,,7289.4
coast,1790327106,,,1,,,,,7289.4
coast,1790327111,,,1,,,,,7289.4
coast,1790327116,,,1,,,,,7289.4
coast,1790327121,,,1,,,,,7289.4
coast,1790327126,,,1,,,,,7289.4
coast,1790327131,,,1,,,,,7289.4
coast,1790327136,,,1,,,,,7289.4
coast,1790327141,,,1,,,,,7289.4
coast,1790327146,,,1,,,,,7289.4
coast,1790327151,,,1,,,,,7289.4
coast,1790327156,,,1,,,,,7289.4
coast,1790327161,,,1,,,,,7289.4
coast,1790327166,,,1,,,,,7289.4
coast,1790327171,,,1,,,,,7289.4
coast,1790327176,,,1,,,,,7289.4
coast,1790327181,,,1,,,,,7289.4
coast,1790327186,,,1,,,,,7289.4
coast,1790327191,,,1,,,,,7289.4
coast,1790327196,,,1,,,,,7289.4
coast,1790327201,,,1,,,,,7289.4
coast,1790327206,,,1,,,,,7289.4
coast,1790327211,,,1,,,,,7289.4
coast,1790327216,,,1,,,,,7289.4
coast,1790327221,,,1,,,,,7289.4
coast,1790327226,,,1,,,,,7289.4
coast,1790327231,,,1,,,,,7289.4
coast,1790327236,,,1,,,,,7289.4
coast,1790327241,,,1,,,,,7289.4
coast,1790327246,,,1,,,,,7289.4
coast,1790327251,,,1,,,,,7289.4
coast,1790327256,,,1,,,,,7289.4
coast,1790327261,,,1,,,,,7289.4
coast,1790327266,,,1,,,,,7289.4
coast,1790327271,,,1,,,,,7289.4
coast,1790327276,,,1,,,,,7289.4
coast,1790327281,,,1,,,,,7289.4
coast,1790327286,,,1,,,,,7289.4
coast,1790327291,,,1,,,,,7289.4
coast,1790327296,,,1,,,,,7289.4
coast,1790327301,,,1,,,,,7289.4
coast,1790327306,,,1,,,,,7289.4
coast,1790327311,,,1,,,,,7289.4
coast,1790327316,,,1,,,,,7289.4
coast,1790327321,,,1,,,,,7289.4
coast,1790327326,,,1,,,,,7289.4
coast,1790327331,,,1,,,,,7289.4
coast,1790327336,,,1,,,,,7289.4
coast,1790327341,,,1,,,,,7289.4
coast,1790327346,,,1,,,,,7289.4
coast,1790327351,,,1,,,,,7289.4
coast,1790327356,,,1,,,,,7289.4
coast,1790327361,,,1,,,,,7289.4
coast,1790327366,,,1,,,,,7289.4
coast,1790327371,,,1,,,,,7289.4
coast,1790327376,,,1,,,,,7289.4
coast,1790327381,,,1,,,,,7289.4
coast,1790327386,,,1,,,,,7289.4
coast,1790327391,,,1,,,,,7289.4
coast,1790327396,,,1,,,,,7289.4
coast,1790327401,,,1,,,,,7289.4
coast,1790327406,,,1,,,,,7289.4
coast,1790327411,,,1,,,,,7289.4
coast,1790327416,,,1,,,,,7289.4
coast,1790327421,,,1,,,,,7289.4
coast,1790327426,,,1,,,,,7289.4
coast,1790327431,,,1,,,,,7289.4
coast,1790327436,,,1,,,,,7289.4
coast,1790327441,,,1,,,,,7289.4
coast,1790327446,,,1,,,,,7289.4
coast,1790327451,,,1,,,,,7289.4
coast,1790327456,,,1,,,,,7289.4
coast,1790327461,,,1,,,,,7289.4
coast,1790327466,,,1,,,,,7289.4
coast,1790327471,,,1,,,,,7289.4
coast,1790327476,,,1,,,,,7289.4
coast,1790327481,,,1,,,,,7289.4
coast,1790327486,,,1,,,,,7289.4
coast,1790327491,,,1,,,,,7289.4
coast,1790327496,,,1,,,,,7289.4
coast,1790327501,,,1,,,,,7289.4
coast,1790327506,,,1,,,,,7289.4
coast,1790327511,,,1,,,,,7289.4
coast,1790327516,,,1,,,,,7289.4
coast,1790327521,,,1,,,,,7289.4
coast,1790327526,,,1,,,,,7289.4
coast,1790327531,,,1,,,,,7289.4
coast,1790327536,,,1,,,,,7289.4
coast,1790327541,,,1,,,,,7289.4
coast,1790327546,,,1,,,,,7289.4
coast,1790327551,,,1,,,,,7289.4
coast,1790327556,,,1,,,,,7289.4
coast,1790327561,,,1,,,,,7289.4
coast,1790327566,,,1,,,,,7289.4
coast,1790327571,,,1,,,,,7289.4
coast,1790327576,,,1,,,,,7289.4
coast,1790327581,,,1,,,,,7289.4
coast,1790327586,,,1,,,,,7289.4
coast,1790327591,,,1,,,,,7289.4
coast,1790327596,,,1,,,,,7289.4
coast,1790327601,,,1,,,,,7289.4
coast,1790327606,,,1,,,,,7289.4
coast,1790327611,,,1,,,,,7289.4
coast,1790327616,,,1,,,,,7289.4
coast,1790327621,,,1,,,,,7289.4
coast,1790327626,,,1,,,,,7289.4
coast,1790327631,,,1,,,,,7289.4
coast,1790327636,,,1,,,,,7289.4
coast,1790327641,,,1,,,,,7289.4
coast,1790327646,,,1,,,,,7289.4
coast,1790327651,,,1,,,,,7289.4
coast,1790327656,,,1,,,,,7289.4
coast,1790327661,,,1,,,,,7289.4
coast,1790327666,,,1,,,,,7289.4
coast,1790327671,,,1,,,,,7289.4
coast,1790327676,,,1,,,,,7289.4
coast,1790327681,,,1,,,,,7289.4
coast,1790327686,,,1,,,,,7289.4
coast,1790327691,,,1,,,,,7289.4
coast,1790327696,,,1,,,,,7289.4
coast,1790327701,,,1,,,,,7289.4
coast,1790327706,,,1,,,,,7289.4
coast,1790327711,,,1,,,,,7289.4
coast,1790327716,,,1,,,,,7289.4
coast,1790327721,,,1,,,,,7289.4
coast,1790327726,,,1,,,,,7289.4
fix,1790327729,7307.5,8.7,1,7307.5,0.65,10.2,accepted,7307.5
coast,1790327734,,,1,,,,,7310.2
coast,1790327739,,,1,,,,,7311.9
coast,1790327744,,,1,,,,,7313.1
coast,1790327749,,,1,,,,,7313.8
coast,1790327754,,,1,,,,,7314.3
coast,1790327759,,,1,,,,,7314.7
coast,1790327764,,,1,,,,,7314.9
coast,1790327769,,,1,,,,,7315.0
coast,1790327774,,,1,,,,,7315.1
coast,1790327779,,,1,,,,,7315.2
coast,1790327784,,,1,,,,,7315.2
fix,1790327786,7172.7,4.1,1,7172.7,-2.48,10.2,accepted,7172.7
coast,1790327791,,,1,,,,,7162.6
coast,1790327796,,,1,,,,,7155.9
coast,1790327801,,,1,,,,,7151.5
coast,1790327806,,,1,,,,,7148.6
coast,1790327811,,,1,,,,,7146.7
coast,1790327816,,,1,,,,,7145.4
coast,1790327821,,,1,,,,,7144.6
coast,1790327826,,,1,,,,,7144.0
coast,1790327831,,,1,,,,,7143.6
coast,1790327836,,,1,,,,,7143.4
coast,1790327841,,,1,,,,,7143.3
coast,1790327846,,,1,,,,,7143.2
coast,1790327851,,,1,,,,,7143.1
coast,1790327856,,,1,,,,,7143.0
coast,1790327861,,,1,,,,,7143.0
coast,1790327866,,,1,,,,,7143.0
coast,1790327871,,,1,,,,,7143.0
coast,1790327876,,,1,,,,,7143.0
coast,1790327881,,,1,,,,,7143.0
coast,1790327886,,,1,,,,,7143.0
coast,1790327891,,,1,,,,,7143.0
coast,1790327896,,,1,,,,,7143.0
coast,1790327901,,,1,,,,,7143.0
coast,1790327906,,,1,,,,,7143.0
coast,1790327911,,,1,,,,,7143.0
coast,1790327916,,,1,,,,,7143.0
coast,1790327921,,,1,,,,,7143.0
coast,1790327926,,,1,,,,,7143.0
coast,1790327931,,,1,,,,,7143.0
coast,1790327936,,,1,,,,,7143.0
coast,1790327941,,,1,,,,,7143.0
coast,1790327946,,,1,,,,,7143.0
coast,1790327951,,,1,,,,,7143.0
coast,1790327956,,,1,,,,,7143.0
coast,1790327961,,,1,,,,,7143.0
coast,1790327966,,,1,,,,,7143.0
coast,1790327971,,,1,,,,,7143.0
coast,1790327976,,,1,,,,,7143.0
coast,1790327981,,,1,,,,,7143.0
coast,1790327986,,,1,,,,,7143.0
coast,1790327991,,,1,,,,,7143.0
coast,1790327996,,,1,,,,,7143.0
coast,1790328001,,,1,,,,,7143.0
coast,1790328006,,,1,,,,,7143.0
coast,1790328011,,,1,,,,,7143.0
coast,1790328016,,,1,,,,,7143.0
coast,1790328021,,,1,,,,,7143.0
coast,1790328026,,,1,,,,,7143.0
coast,1790328031,,,1,,,,,7143.0
coast,1790328036,,,1,,,,,7143.0
coast,1790328041,,,1,,,,,7143.0
coast,1790328046,,,1,,,,,7143.0
coast,1790328051,,,1,,,,,7143.0
coast,1790328056,,,1,,,,,7143.0
coast,1790328061,,,1,,,,,7143.0
coast,1790328066,,,1,,,,,7143.0
coast,1790328071,,,1,,,,,7143.0
coast,1790328076,,,1,,,,,7143.0
coast,1790328081,,,1,,,,,7143.0
coast,1790328086,,,1,,,,,7143.0
coast,1790328091,,,1,,,,,7143.0
coast,1790328096,,,1,,,,,7143.0
coast,1790328101,,,1,,,,,7143.0
coast,1790328106,,,1,,,,,7143.0
coast,1790328111,,,1,,,,,7143.0
coast,1790328116,,,1,,,,,7143.0
coast,1790328121,,,1,,,,,7143.0
coast,1790328126,,,1,,,,,7143.0
coast,1790328131,,,1,,,,,7143.0
coast,1790328136,,,1,,,,,7143.0
coast,1790328141,,,1,,,,,7143.0
coast,1790328146,,,1,,,,,7143.0
coast,1790328151,,,1,,,,,7143.0
coast,1790328156,,,1,,,,,7143.0
coast,1790328161,,,1,,,,,7143.0
coast,1790328166,,,1,,,,,7143.0
coast,1790328171,,,1,,,,,7143.0
coast,1790328176,,,1,,,,,7143.0
coast,1790328181,,,1,,,,,7143.0
coast,1790328186,,,1,,,,,7143.0
coast,1790328191,,,1,,,,,7143.0
coast,1790328196,,,1,,,,,7143.0
coast,1790328201,,,1,,,,,7143.0
coast,1790328206,,,1,,,,,7143.0
coast,1790328211,,,1,,,,,7143.0
coast,1790328216,,,1,,,,,7143.0
coast,1790328221,,,1,,,,,7143.0
coast,1790328226,,,1,,,,,7143.0
coast,1790328231,,,1,,,,,7143.0
coast,1790328236,,,1,,,,,7143.0
coast,1790328241,,,1,,,,,7143.0
coast,1790328246,,,1,,,,,7143.0
coast,1790328251,,,1,,,,,7143.0
coast,1790328256,,,1,,,,,7143.0
coast,1790328261,,,1,,,,,7143.0
coast,1790328266,,,1,,,,,7143.0
coast,1790328271,,,1,,,,,7143.0
coast,1790328276,,,1,,,,,7143.0
coast,1790328281,,,1,,,,,7143.0
coast,1790328286,,,1,,,,,7143.0
coast,1790328291,,,1,,,,,7143.0
coast,1790328296,,,1,,,,,7143.0
coast,1790328301,,,1,,,,,7143.0
coast,1790328306,,,1,,,,,7143.0
coast,1790328311,,,1,,,,,7143.0
coast,1790328316,,,1,,,,,7143.0
coast,1790328321,,,1,,,,,7143.0
coast,1790328326,,,1,,,,,7143.0
coast,1790328331,,,1,,,,,7143.0
coast,1790328336,,,1,,,,,7143.0
coast,1790328341,,,1,,,,,7143.0
coast,1790328346,,,1,,,,,7143.0
coast,1790328351,,,1,,,,,7143.0
coast,1790328356,,,1,,,,,7143.0
coast,1790328361,,,1,,,,,7143.0
coast,1790328366,,,1,,,,,7143.0
coast,1790328371,,,1,,,,,7143.0
coast,1790328376,,,1,,,,,7143.0
coast,1790328381,,,1,,,,,7143.0
coast,1790328386,,,1,,,,,7143.0
coast,1790328391,,,1,,,,,7143.0
coast,1790328396,,,1,,,,,7143.0
coast,1790328401,,,1,,,,,7143.0
coast,1790328406,,,1,,,,,7143.0
coast,1790328411,,,1,,,,,7143.0
coast,1790328416,,,1,,,,,7143.0
coast,1790328421,,,1,,,,,7143.0
coast,1790328426,,,1,,,,,7143.0
coast,1790328431,,,1,,,,,7143.0
coast,1790328436,,,1,,,,,7143.0
coast,1790328441,,,1,,,,,7143.0
coast,1790328446,,,1,,,,,7143.0
coast,1790328451,,,1,,,,,7143.0
coast,1790328456,,,1,,,,,7143.0
coast,1790328461,,,1,,,,,7143.0
coast,1790328466,,,1,,,,,7143.0
coast,1790328471,,,1,,,,,7143.0
coast,1790328476,,,1,,,,,7143.0
coast,1790328481,,,1,,,,,7143.0
coast,1790328486,,,1,,,,,7143.0
coast,1790328491,,,1,,,,,7143.0
coast,1790328496,,,1,,,,,7143.0
coast,1790328501,,,1,,,,,7143.0
coast,1790328506,,,1,,,,,7143.0
coast,1790328511,,,1,,,,,7143.0
coast,1790328516,,,1,,,,,7143.0
coast,1790328521,,,1,,,,,7143.0
coast,1790328526,,,1,,,,,7143.0
coast,1790328531,,,1,,,,,7143.0
coast,1790328536,,,1,,,,,7143.0
coast,1790328541,,,1,,,,,7143.0
coast,1790328546,,,1,,,,,7143.0
coast,1790328551,,,1,,,,,7143.0
coast,1790328556,,,1,,,,,7143.0
coast,1790328561,,,1,,,,,7143.0
coast,1790328566,,,1,,,,,7143.0
coast,1790328571,,,1,,,,,7143.0
coast,1790328576,,,1,,,,,7143.0
coast,1790328581,,,1,,,,,7143.0
coast,1790328586,,,1,,,,,7143.0
coast,1790328591,,,1,,,,,7143.0
coast,1790328596,,,1,,,,,7143.0
coast,1790328601,,,1,,,,,7143.0
coast,1790328606,,,1,,,,,7143.0
coast,1790328611,,,1,,,,,7143.0
coast,1790328616,,,1,,,,,7143.0
coast,1790328621,,,1,,,,,7143.0
coast,1790328626,,,1,,,,,7143.0
coast,1790328631,,,1,,,,,7143.0
coast,1790328636,,,1,,,,,7143.0
coast,1790328641,,,1,,,,,7143.0
coast,1790328646,,,1,,,,,7143.0
coast,1790328651,,,1,,,,,7143.0
coast,1790328656,,,1,,,,,7143.0
coast,1790328661,,,1,,,,,7143.0
coast,1790328666,,,1,,,,,7143.0
coast,1790328671,,,1,,,,,7143.0
coast,1790328676,,,1,,,,,7143.0
coast,1790328681,,,1,,,,,7143.0
coast,1790328686,,,1,,,,,7143.0
coast,1790328691,,,1,,,,,7143.0
coast,1790328696,,,1,,,,,7143.0
coast,1790328701,,,1,,,,,7143.0
coast,1790328706,,,1,,,,,7143.0
coast,1790328711,,,1,,,,,7143.0
coast,1790328716,,,1,,,,,7143.0
coast,1790328721,,,1,,,,,7143.0
coast,1790328726,,,1,,,,,7143.0
coast,1790328731,,,1,,,,,7143.0
coast,1790328736,,,1,,,,,7143.0
coast,1790328741,,,1,,,,,7143.0
coast,1790328746,,,1,,,,,7143.0
coast,1790328751,,,1,,,,,7143.0
coast,1790328756,,,1,,,,,7143.0
coast,1790328761,,,1,,,,,7143.0
coast,1790328766,,,1,,,,,7143.0
coast,1790328771,,,1,,,,,7143.0
coast,1790328776,,,1,,,,,7143.0
coast,1790328781,,,1,,,,,7143.0
coast,1790328786,,,1,,,,,7143.0
coast,1790328791,,,1,,,,,7143.0
coast,1790328796,,,1,,,,,7143.0
coast,1790328801,,,1,,,,,7143.0
coast,1790328806,,,1,,,,,7143.0
coast,1790328811,,,1,,,,,7143.0
coast,1790328816,,,1,,,,,7143.0
coast,1790328821,,,1,,,,,7143.0
coast,1790328826,,,1,,,,,7143.0
coast,1790328831,,,1,,,,,7143.0
coast,1790328836,,,1,,,,,7143.0
coast,1790328841,,,1,,,,,7143.0
coast,1790328846,,,1,,,,,7143.0
coast,1790328851,,,1,,,,,7143.0
coast,1790328856,,,1,,,,,7143.0
coast,1790328861,,,1,,,,,7143.0
coast,1790328866,,,1,,,,,7143.0
coast,1790328871,,,1,,,,,7143.0
coast,1790328876,,,1,,,,,7143.0
coast,1790328881,,,1,,,,,7143.0
coast,1790328886,,,1,,,,,7143.0
coast,1790328891,,,1,,,,,7143.0
coast,1790328896,,,1,,,,,7143.0
coast,1790328901,,,1,,,,,7143.0
coast,1790328906,,,1,,,,,7143.0
coast,1790328911,,,1,,,,,7143.0
coast,1790328916,,,1,,,,,7143.0
coast,1790328921,,,1,,,,,7143.0
coast,1790328926,,,1,,,,,7143.0
coast,1790328931,,,1,,,,,7143.0
coast,1790328936,,,1,,,,,7143.0
coast,1790328941,,,1,,,,,7143.0
coast,1790328946,,,1,,,,,7143.0
coast,1790328951,,,1,,,,,7143.0
coast,1790328956,,,1,,,,,7143.0
coast,1790328961,,,1,,,,,7143.0
coast,1790328966,,,1,,,,,7143.0
coast,1790328971,,,1,,,,,7143.0
coast,1790328976,,,1,,,,,7143.0
coast,1790328981,,,1,,,,,7143.0
coast,1790328986,,,1,,,,,7143.0
coast,1790328991,,,1,,,,,7143.0
coast,1790328996,,,1,,,,,7143.0
coast,1790329001,,,1,,,,,7143.0
coast,1790329006,,,1,,,,,7143.0
coast,1790329011,,,1,,,,,7143.0
coast,1790329016,,,1,,,,,7143.0
coast,1790329021,,,1,,,,,7143.0
coast,1790329026,,,1,,,,,7143.0
coast,1790329031,,,1,,,,,7143.0
coast,1790329036,,,1,,,,,7143.0
coast,1790329041,,,1,,,,,7143.0
coast,1790329046,,,1,,,,,7143.0
coast,1790329051,,,1,,,,,7143.0
coast,1790329056,,,1,,,,,7143.0
coast,1790329061,,,1,,,,,7143.0
coast,1790329066,,,1,,,,,7143.0
coast,1790329071,,,1,,,,,7143.0
coast,1790329076,,,1,,,,,7143.0
coast,1790329081,,,1,,,,,7143.0
coast,1790329086,,,1,,,,,7143.0
coast,1790329091,,,1,,,,,7143.0
coast,1790329096,,,1,,,,,7143.0
coast,1790329101,,,1,,,,,7143.0
coast,1790329106,,,1,,,,,7143.0
coast,1790329111,,,1,,,,,7143.0
coast,1790329116,,,1,,,,,7143.0
coast,1790329121,,,1,,,,,7143.0
coast,1790329126,,,1,,,,,7143.0
coast,1790329131,,,1,,,,,7143.0
coast,1790329136,,,1,,,,,7143.0
coast,1790329141,,,1,,,,,7143.0
coast,1790329146,,,1,,,,,7143.0
coast,1790329151,,,1,,,,,7143.0
coast,1790329156,,,1,,,,,7143.0
coast,1790329161,,,1,,,,,7143.0
coast,1790329166,,,1,,,,,7143.0
coast,1790329171,,,1,,,,,7143.0
coast,1790329176,,,1,,,,,7143.0
coast,1790329181,,,1,,,,,7143.0
coast,1790329186,,,1,,,,,7143.0
coast,1790329191,,,1,,,,,7143.0
coast,1790329196,,,1,,,,,7143.0
coast,1790329201,,,1,,,,,7143.0
coast,1790329206,,,1,,,,,7143.0
coast,1790329211,,,1,,,,,7143.0
coast,1790329216,,,1,,,,,7143.0
coast,1790329221,,,1,,,,,7143.0
coast,1790329226,,,1,,,,,7143.0
coast,1790329231,,,1,,,,,7143.0
coast,1790329236,,,1,,,,,7143.0
coast,1790329241,,,1,,,,,7143.0
coast,1790329246,,,1,,,,,7143.0
coast,1790329251,,,1,,,,,7143.0
coast,1790329256,,,1,,,,,7143.0
coast,1790329261,,,1,,,,,7143.0
coast,1790329266,,,1,,,,,7143.0
coast,1790329271,,,1,,,,,7143.0
coast,1790329276,,,1,,,,,7143.0
coast,1790329281,,,1,,,,,7143.0
coast,1790329286,,,1,,,,,7143.0
coast,1790329291,,,1,,,,,7143.0
coast,1790329296,,,1,,,,,7143.0
coast,1790329301,,,1,,,,,7143.0
coast,1790329306,,,1,,,,,7143.0
coast,1790329311,,,1,,,,,7143.0
coast,1790329316,,,1,,,,,7143.0
coast,1790329321,,,1,,,,,7143.0
coast,1790329326,,,1,,,,,7143.0
coast,1790329331,,,1,,,,,7143.0
coast,1790329336,,,1,,,,,7143.0
coast,1790329341,,,1,,,,,7143.0
coast,1790329346,,,1,,,,,7143.0
coast,1790329351,,,1,,,,,7143.0
coast,1790329356,,,1,,,,,7143.0
coast,1790329361,,,1,,,,,7143.0
coast,1790329366,,,1,,,,,7143.0
coast,1790329371,,,1,,,,,7143.0
coast,1790329376,,,1,,,,,7143.0
coast,1790329381,,,1,,,,,7143.0
coast,1790329386,,,1,,,,,7143.0
coast,1790329391,,,1,,,,,7143.0
coast,1790329396,,,1,,,,,7143.0
coast,1790329401,,,1,,,,,7143.0
coast,1790329406,,,1,,,,,7143.0
coast,1790329411,,,1,,,,,7143.0
coast,1790329416,,,1,,,,,7143.0
coast,1790329421,,,1,,,,,7143.0
coast,1790329426,,,1,,,,,7143.0
coast,1790329431,,,1,,,,,7143.0
coast,1790329436,,,1,,,,,7143.0
coast,1790329441,,,1,,,,,7143.0
coast,1790329446,,,1,,,,,7143.0
coast,1790329451,,,1,,,,,7143.0
coast,1790329456,,,1,,,,,7143.0
coast,1790329461,,,1,,,,,7143.0
coast,1790329466,,,1,,,,,7143.0
coast,1790329471,,,1,,,,,7143.0
coast,1790329476,,,1,,,,,7143.0
coast,1790329481,,,1,,,,,7143.0
coast,1790329486,,,1,,,,,7143.0
coast,1790329491,,,1,,,,,7143.0
coast,1790329496,,,1,,,,,7143.0
coast,1790329501,,,1,,,,,7143.0
coast,1790329506,,,1,,,,,7143.0
coast,1790329511,,,1,,,,,7143.0
coast,1790329516,,,1,,,,,7143.0
coast,1790329521,,,1,,,,,7143.0
coast,1790329526,,,1,,,,,7143.0
coast,1790329531,,,1,,,,,7143.0
coast,1790329536,,,1,,,,,7143.0
coast,1790329541,,,1,,,,,7143.0
coast,1790329546,,,1,,,,,7143.0
coast,1790329551,,,1,,,,,7143.0
coast,1790329556,,,1,,,,,7143.0
coast,1790329561,,,1,,,,,7143.0
coast,1790329566,,,1,,,,,7143.0
coast,1790329571,,,1,,,,,7143.0
coast,1790329576,,,1,,,,,7143.0
coast,1790329581,,,1,,,,,7143.0
coast,1790329586,,,1,,,,,7143.0
coast,1790329591,,,1,,,,,7143.0
coast,1790329596,,,1,,,,,7143.0
coast,1790329601,,,1,,,,,7143.0
coast,1790329606,,,1,,,,,7143.0
coast,1790329611,,,1,,,,,7143.0
coast,1790329616,,,1,,,,,7143.0
coast,1790329621,,,1,,,,,7143.0
coast,1790329626,,,1,,,,,7143.0
coast,1790329631,,,1,,,,,7143.0
coast,1790329636,,,1,,,,,7143.0
coast,1790329641,,,1,,,,,7143.0
coast,1790329646,,,1,,,,,7143.0
coast,1790329651,,,1,,,,,7143.0
coast,1790329656,,,1,,,,,7143.0
coast,1790329661,,,1,,,,,7143.0
coast,1790329666,,,1,,,,,7143.0
coast,1790329671,,,1,,,,,7143.0
coast,1790329676,,,1,,,,,7143.0
coast,1790329681,,,1,,,,,7143.0
coast,1790329686,,,1,,,,,7143.0
coast,1790329691,,,1,,,,,7143.0
coast,1790329696,,,1,,,,,7143.0
coast,1790329701,,,1,,,,,7143.0
coast,1790329706,,,1,,,,,7143.0
coast,1790329711,,,1,,,,,7143.0
coast,1790329716,,,1,,,,,7143.0
coast,1790329721,,,1,,,,,7143.0
coast,1790329726,,,1,,,,,7143.0
coast,1790329731,,,1,,,,,7143.0
coast,1790329736,,,1,,,,,7143.0
coast,1790329741,,,1,,,,,7143.0
coast,1790329746,,,1,,,,,7143.0
coast,1790329751,,,1,,,,,7143.0
coast,1790329756,,,1,,,,,7143.0
coast,1790329761,,,1,,,,,7143.0
coast,1790329766,,,1,,,,,7143.0
coast,1790329771,,,1,,,,,7143.0
coast,1790329776,,,1,,,,,7143.0
coast,1790329781,,,1,,,,,7143.0
coast,1790329786,,,1,,,,,7143.0
coast,1790329791,,,1,,,,,7143.0
coast,1790329796,,,1,,,,,7143.0
coast,1790329801,,,1,,,,,7143.0
coast,1790329806,,,1,,,,,7143.0
coast,1790329811,,,1,,,,,7143.0
coast,1790329816,,,1,,,,,7143.0
coast,1790329821,,,1,,,,,7143.0
coast,1790329826,,,1,,,,,7143.0
coast,1790329831,,,1,,,,,7143.0
coast,1790329836,,,1,,,,,7143.0
coast,1790329841,,,1,,,,,7143.0
coast,1790329846,,,1,,,,,7143.0
coast,1790329851,,,1,,,,,7143.0
coast,1790329856,,,1,,,,,7143.0
coast,1790329861,,,1,,,,,7143.0
coast,1790329866,,,1,,,,,7143.0
coast,1790329871,,,1,,,,,7143.0
coast,1790329876,,,1,,,,,7143.0
coast,1790329881,,,1,,,,,7143.0
coast,1790329886,,,1,,,,,7143.0
coast,1790329891,,,1,,,,,7143.0
coast,1790329896,,,1,,,,,7143.0
coast,1790329901,,,1,,,,,7143.0
coast,1790329906,,,1,,,,,7143.0
coast,1790329911,,,1,,,,,7143.0
coast,1790329916,,,1,,,,,7143.0
coast,1790329921,,,1,,,,,7143.0
coast,1790329926,,,1,,,,,7143.0
coast,1790329931,,,1,,,,,7143.0
coast,1790329936,,,1,,,,,7143.0
coast,1790329941,,,1,,,,,7143.0
coast,1790329946,,,1,,,,,7143.0
coast,1790329951,,,1,,,,,7143.0
coast,1790329956,,,1,,,,,7143.0
coast,1790329961,,,1,,,,,7143.0
coast,1790329966,,,1,,,,,7143.0
coast,1790329971,,,1,,,,,7143.0
coast,1790329976,,,1,,,,,7143.0
coast,1790329981,,,1,,,,,7143.0
coast,1790329986,,,1,,,,,7143.0
coast,1790329991,,,1,,,,,7143.0
coast,1790329996,,,1,,,,,7143.0
coast,1790330001,,,1,,,,,7143.0
coast,1790330006,,,1,,,,,7143.0
coast,1790330011,,,1,,,,,7143.0
coast,1790330016,,,1,,,,,7143.0
coast,1790330021,,,1,,,,,7143.0
coast,1790330026,,,1,,,,,7143.0
coast,1790330031,,,1,,,,,7143.0
coast,1790330036,,,1,,,,,7143.0
coast,1790330041,,,1,,,,,7143.0
coast,1790330046,,,1,,,,,7143.0
coast,1790330051,,,1,,,,,7143.0
coast,1790330056,,,1,,,,,7143.0
coast,1790330061,,,1,,,,,7143.0
coast,1790330066,,,1,,,,,7143.0
coast,1790330071,,,1,,,,,7143.0
coast,1790330076,,,1,,,,,7143.0
coast,1790330081,,,1,,,,,7143.0
coast,1790330086,,,1,,,,,7143.0
coast,1790330091,,,1,,,,,7143.0
coast,1790330096,,,1,,,,,7143.0
coast,1790330101,,,1,,,,,7143.0
coast,1790330106,,,1,,,,,7143.0
coast,1790330111,,,1,,,,,7143.0
coast,1790330116,,,1,,,,,7143.0
coast,1790330121,,,1,,,,,7143.0
coast,1790330126,,,1,,,,,7143.0
coast,1790330131,,,1,,,,,7143.0
coast,1790330136,,,1,,,,,7143.0
coast,1790330141,,,1,,,,,7143.0
coast,1790330146,,,1,,,,,7143.0
coast,1790330151,,,1,,,,,7143.0
coast,1790330156,,,1,,,,,7143.0
coast,1790330161,,,1,,,,,7143.0
coast,1790330166,,,1,,,,,7143.0
coast,1790330171,,,1,,,,,7143.0
coast,1790330176,,,1,,,,,7143.0
coast,1790330181,,,1,,,,,7143.0
coast,1790330186,,,1,,,,,7143.0
coast,1790330191,,,1,,,,,7143.0
coast,1790330196,,,1,,,,,7143.0
coast,1790330201,,,1,,,,,7143.0
coast,1790330206,,,1,,,,,7143.0
coast,1790330211,,,1,,,,,7143.0
coast,1790330216,,,1,,,,,7143.0
coast,1790330221,,,1,,,,,7143.0
coast,1790330226,,,1,,,,,7143.0
coast,1790330231,,,1,,,,,7143.0
coast,1790330236,,,1,,,,,7143.0
coast,1790330241,,,1,,,,,7143.0
coast,1790330246,,,1,,,,,7143.0
coast,1790330251,,,1,,,,,7143.0
coast,1790330256,,,1,,,,,7143.0
coast,1790330261,,,1,,,,,7143.0
coast,1790330266,,,1,,,,,7143.0
coast,1790330271,,,1,,,,,7143.0
coast,1790330276,,,1,,,,,7143.0
coast,1790330281,,,1,,,,,7143.0
coast,1790330286,,,1,,,,,7143.0
coast,1790330291,,,1,,,,,7143.0
coast,1790330296,,,1,,,,,7143.0
coast,1790330301,,,1,,,,,7143.0
coast,1790330306,,,1,,,,,7143.0
coast,1790330311,,,1,,,,,7143.0
coast,1790330316,,,1,,,,,7143.0
coast,1790330321,,,1,,,,,7143.0
coast,1790330326,,,1,,,,,7143.0
coast,1790330331,,,1,,,,,7143.0
coast,1790330336,,,1,,,,,7143.0
coast,1790330341,,,1,,,,,7143.0
coast,1790330346,,,1,,,,,7143.0
coast,1790330351,,,1,,,,,7143.0
coast,1790330356,,,1,,,,,7143.0
coast,1790330361,,,1,,,,,7143.0
coast,1790330366,,,1,,,,,7143.0
coast,1790330371,,,1,,,,,7143.0
coast,1790330376,,,1,,,,,7143.0
coast,1790330381,,,1,,,,,7143.0
coast,1790330386,,,1,,,,,7143.0
coast,1790330391,,,1,,,,,7143.0
coast,1790330396,,,1,,,,,7143.0
coast,1790330401,,,1,,,,,7143.0
coast,1790330406,,,1,,,,,7143.0
coast,1790330411,,,1,,,,,7143.0
coast,1790330416,,,1,,,,,7143.0
coast,1790330421,,,1,,,,,7143.0
coast,1790330426,,,1,,,,,7143.0
coast,1790330431,,,1,,,,,7143.0
coast,1790330436,,,1,,,,,7143.0
coast,1790330441,,,1,,,,,7143.0
coast,1790330446,,,1,,,,,7143.0
coast,1790330451,,,1,,,,,7143.0
coast,1790330456,,,1,,,,,7143.0
coast,1790330461,,,1,,,,,7143.0
coast,1790330466,,,1,,,,,7143.0
coast,1790330471,,,1,,,,,7143.0
coast,1790330476,,,1,,,,,7143.0
coast,1790330481,,,1,,,,,7143.0
coast,1790330486,,,1,,,,,7143.0
coast,1790330491,,,1,,,,,7143.0
coast,1790330496,,,1,,,,,7143.0
coast,1790330501,,,1,,,,,7143.0
coast,1790330506,,,1,,,,,7143.0
coast,1790330511,,,1,,,,,7143.0
coast,1790330516,,,1,,,,,7143.0
coast,1790330521,,,1,,,,,7143.0
coast,1790330526,,,1,,,,,7143.0
coast,1790330531,,,1,,,,,7143.0
coast,1790330536,,,1,,,,,7143.0
coast,1790330541,,,1,,,,,7143.0
coast,1790330546,,,1,,,,,7143.0
coast,1790330551,,,1,,,,,7143.0
coast,1790330556,,,1,,,,,7143.0
coast,1790330561,,,1,,,,,7143.0
coast,1790330566,,,1,,,,,7143.0
coast,1790330571,,,1,,,,,7143.0
coast,1790330576,,,1,,,,,7143.0
coast,1790330581,,,1,,,,,7143.0
coast,1790330586,,,1,,,,,7143.0
coast,1790330591,,,1,,,,,7143.0
coast,1790330596,,,1,,,,,7143.0
coast,1790330601,,,1,,,,,7143.0
coast,1790330606,,,1,,,,,7143.0
coast,1790330611,,,1,,,,,7143.0
coast,1790330616,,,1,,,,,7143.0
coast,1790330621,,,1,,,,,7143.0
coast,1790330626,,,1,,,,,7143.0
coast,1790330631,,,1,,,,,7143.0
coast,1790330636,,,1,,,,,7143.0
coast,1790330641,,,1,,,,,7143.0
coast,1790330646,,,1,,,,,7143.0
coast,1790330651,,,1,,,,,7143.0
coast,1790330656,,,1,,,,,7143.0
coast,1790330661,,,1,,,,,7143.0
coast,1790330666,,,1,,,,,7143.0
coast,1790330671,,,1,,,,,7143.0
coast,1790330676,,,1,,,,,7143.0
coast,1790330681,,,1,,,,,7143.0
coast,1790330686,,,1,,,,,7143.0
coast,1790330691,,,1,,,,,7143.0
coast,1790330696,,,1,,,,,7143.0
coast,1790330701,,,1,,,,,7143.0
coast,1790330706,,,1,,,,,7143.0
coast,1790330711,,,1,,,,,7143.0
coast,1790330716,,,1,,,,,7143.0
coast,1790330721,,,1,,,,,7143.0
coast,1790330726,,,1,,,,,7143.0
coast,1790330731,,,1,,,,,7143.0
coast,1790330736,,,1,,,,,7143.0
coast,1790330741,,,1,,,,,7143.0
coast,1790330746,,,1,,,,,7143.0
coast,1790330751,,,1,,,,,7143.0
coast,1790330756,,,1,,,,,7143.0
coast,1790330761,,,1,,,,,7143.0
coast,1790330766,,,1,,,,,7143.0
coast,1790330771,,,1,,,,,7143.0
coast,1790330776,,,1,,,,,7143.0
coast,1790330781,,,1,,,,,7143.0
coast,1790330786,,,1,,,,,7143.0
coast,1790330791,,,1,,,,,7143.0
coast,1790330796,,,1,,,,,7143.0
coast,1790330801,,,1,,,,,7143.0
coast,1790330806,,,1,,,,,7143.0
coast,1790330811,,,1,,,,,7143.0
coast,1790330816,,,1,,,,,7143.0
coast,1790330821,,,1,,,,,7143.0
coast,1790330826,,,1,,,,,7143.0
coast,1790330831,,,1,,,,,7143.0
coast,1790330836,,,1,,,,,7143.0
coast,1790330841,,,1,,,,,7143.0
coast,1790330846,,,1,,,,,7143.0
coast,1790330851,,,1,,,,,7143.0
coast,1790330856,,,1,,,,,7143.0
coast,1790330861,,,1,,,,,7143.0
coast,1790330866,,,1,,,,,7143.0
coast,1790330871,,,1,,,,,7143.0
coast,1790330876,,,1,,,,,7143.0
coast,1790330881,,,1,,,,,7143.0
coast,1790330886,,,1,,,,,7143.0
coast,1790330891,,,1,,,,,7143.0
coast,1790330896,,,1,,,,,7143.0
coast,1790330901,,,1,,,,,7143.0
coast,1790330906,,,1,,,,,7143.0
coast,1790330911,,,1,,,,,7143.0
coast,1790330916,,,1,,,,,7143.0
coast,1790330921,,,1,,,,,7143.0
coast,1790330926,,,1,,,,,7143.0
coast,1790330931,,,1,,,,,7143.0
coast,1790330936,,,1,,,,,7143.0
coast,1790330941,,,1,,,,,7143.0
coast,1790330946,,,1,,,,,7143.0
fix,1790330947,6408.6,5781.8,0,,,,,
fix,1790331485,0.0,45.0,1,0.0,0.00,9.7,accepted,0.0
coast,1790331490,,,1,,,,,0.0
coast,1790331495,,,1,,,,,0.0
coast,1790331500,,,1,,,,,0.0
coast,1790331505,,,1,,,,,0.0
coast,1790331510,,,1,,,,,0.0
coast,1790331515,,,1,,,,,0.0
coast,1790331520,,,1,,,,,0.0
coast,1790331525,,,1,,,,,0.0
coast,1790331530,,,1,,,,,0.0
coast,1790331535,,,1,,,,,0.0
coast,1790331540,,,1,,,,,0.0
coast,1790331545,,,1,,,,,0.0
coast,1790331550,,,1,,,,,0.0
coast,1790331555,,,1,,,,,0.0
coast,1790331560,,,1,,,,,0.0
coast,1790331565,,,1,,,,,0.0
coast,1790331570,,,1,,,,,0.0
coast,1790331575,,,1,,,,,0.0
coast,1790331580,,,1,,,,,0.0
coast,1790331585,,,1,,,,,0.0
coast,1790331590,,,1,,,,,0.0
coast,1790331595,,,1,,,,,0.0
coast,1790331600,,,1,,,,,0.0
coast,1790331605,,,1,,,,,0.0
coast,1790331610,,,1,,,,,0.0
coast,1790331615,,,1,,,,,0.0
coast,1790331620,,,1,,,,,0.0
coast,1790331625,,,1,,,,,0.0
coast,1790331630,,,1,,,,,0.0
coast,1790331635,,,1,,,,,0.0
coast,1790331640,,,1,,,,,0.0
coast,1790331645,,,1,,,,,0.0
coast,1790331650,,,1,,,,,0.0
coast,1790331655,,,1,,,,,0.0
coast,1790331660,,,1,,,,,0.0
coast,1790331665,,,1,,,,,0.0
coast,1790331670,,,1,,,,,0.0
coast,1790331675,,,1,,,,,0.0
coast,1790331680,,,1,,,,,0.0
coast,1790331685,,,1,,,,,0.0
coast,1790331690,,,1,,,,,0.0
coast,1790331695,,,1,,,,,0.0
coast,1790331700,,,1,,,,,0.0
coast,1790331705,,,1,,,,,0.0
coast,1790331710,,,1,,,,,0.0
coast,1790331715,,,1,,,,,0.0
coast,1790331720,,,1,,,,,0.0
coast,1790331725,,,1,,,,,0.0
coast,1790331730,,,1,,,,,0.0
coast,1790331735,,,1,,,,,0.0
coast,1790331740,,,1,,,,,0.0
coast,1790331745,,,1,,,,,0.0
coast,1790331750,,,1,,,,,0.0
coast,1790331755,,,1,,,,,0.0
coast,1790331760,,,1,,,,,0.0
coast,1790331765,,,1,,,,,0.0
coast,1790331770,,,1,,,,,0.0
coast,1790331775,,,1,,,,,0.0
coast,1790331780,,,1,,,,,0.0
coast,1790331785,,,1,,,,,0.0
coast,1790331790,,,1,,,,,0.0
coast,1790331795,,,1,,,,,0.0
coast,1790331800,,,1,,,,,0.0
coast,1790331805,,,1,,,,,0.0
coast,1790331810,,,1,,,,,0.0
coast,1790331815,,,1,,,,,0.0
coast,1790331820,,,1,,,,,0.0
coast,1790331825,,,1,,,,,0.0
coast,1790331830,,,1,,,,,0.0
coast,1790331835,,,1,,,,,0.0
coast,1790331840,,,1,,,,,0.0
coast,1790331845,,,1,,,,,0.0
coast,1790331850,,,1,,,,,0.0
coast,1790331855,,,1,,,,,0.0
coast,1790331860,,,1,,,,,0.0
coast,1790331865,,,1,,,,,0.0
coast,1790331870,,,1,,,,,0.0
coast,1790331875,,,1,,,,,0.0
coast,1790331880,,,1,,,,,0.0
coast,1790331885,,,1,,,,,0.0
coast,1790331890,,,1,,,,,0.0
coast,1790331895,,,1,,,,,0.0
coast,1790331900,,,1,,,,,0.0
coast,1790331905,,,1,,,,,0.0
coast,1790331910,,,1,,,,,0.0
coast,1790331915,,,1,,,,,0.0
coast,1790331920,,,1,,,,,0.0
coast,1790331925,,,1,,,,,0.0
coast,1790331930,,,1,,,,,0.0
coast,1790331935,,,1,,,,,0.0
coast,1790331940,,,1,,,,,0.0
coast,1790331945,,,1,,,,,0.0
coast,1790331950,,,1,,,,,0.0
coast,1790331955,,,1,,,,,0.0
coast,1790331960,,,1,,,,,0.0
coast,1790331965,,,1,,,,,0.0
coast,1790331970,,,1,,,,,0.0
coast,1790331975,,,1,,,,,0.0
coast,1790331980,,,1,,,,,0.0
coast,1790331985,,,1,,,,,0.0
coast,1790331990,,,1,,,,,0.0
coast,1790331995,,,1,,,,,0.0
coast,1790332000,,,1,,,,,0.0
coast,1790332005,,,1,,,,,0.0
coast,1790332010,,,1,,,,,0.0
coast,1790332015,,,1,,,,,0.0
coast,1790332020,,,1,,,,,0.0
coast,1790332025,,,1,,,,,0.0
coast,1790332030,,,1,,,,,0.0
coast,1790332035,,,1,,,,,0.0
coast,1790332040,,,1,,,,,0.0
coast,1790332045,,,1,,,,,0.0
coast,1790332050,,,1,,,,,0.0
coast,1790332055,,,1,,,,,0.0
coast,1790332060,,,1,,,,,0.0
fix,1790332065,2.4,2.3,1,2.4,0.01,10.2,accepted,2.4
coast,1790332070,,,1,,,,,2.4
coast,1790332075,,,1,,,,,2.4
coast,1790332080,,,1,,,,,2.5
coast,1790332085,,,1,,,,,2.5
coast,1790332090,,,1,,,,,2.5
coast,1790332095,,,1,,,,,2.5
coast,1790332100,,,1,,,,,2.5
coast,1790332105,,,1,,,,,2.5
coast,1790332110,,,1,,,,,2.5
coast,1790332115,,,1,,,,,2.5
coast,1790332120,,,1,,,,,2.5
fix,1790332123,59.0,25.6,1,59.0,1.03,10.2,accepted,59.0
coast,1790332128,,,1,,,,,63.2
coast,1790332133,,,1,,,,,66.0
coast,1790332138,,,1,,,,,67.8
coast,1790332143,,,1,,,,,69.0
coast,1790332148,,,1,,,,,69.8
coast,1790332153,,,1,,,,,70.3
coast,1790332158,,,1,,,,,70.7
coast,1790332163,,,1,,,,,70.9
coast,1790332168,,,1,,,,,71.1
coast,1790332173,,,1,,,,,71.2
coast,1790332178,,,1,,,,,71.2
fix,1790332179,133.4,13.1,1,133.4,1.40,10.2,accepted,133.4
coast,1790332184,,,1,,,,,139.2
coast,1790332189,,,1,,,,,143.0
coast,1790332194,,,1,,,,,145.5
coast,1790332199,,,1,,,,,147.1
fix,1790332202,264.8,0.9,1,264.4,6.35,10.2,accepted,264.4
coast,1790332207,,,1,,,,,290.4
coast,1790332212,,,1,,,,,307.5
coast,1790332217,,,1,,,,,318.7
coast,1790332222,,,1,,,,,326.2
coast,1790332227,,,1,,,,,331.1
coast,1790332232,,,1,,,,,334.3
coast,1790332237,,,1,,,,,336.4
fix,1790332240,294.4,5.6,1,294.8,-0.91,10.2,accepted,294.8
coast,1790332245,,,1,,,,,291.0
coast,1790332250,,,1,,,,,288.6
coast,1790332255,,,1,,,,,287.0
coast,1790332260,,,1,,,,,285.9
coast,1790332265,,,1,,,,,285.2
coast,1790332270,,,1,,,,,284.7
coast,1790332275,,,1,,,,,284.4
coast,1790332280,,,1,,,,,284.2
coast,1790332285,,,1,,,,,284.1
fix,1790332289,376.0,44.7,1,375.9,2.42,10.2,accepted,375.9
coast,1790332294,,,1,,,,,385.8
coast,1790332299,,,1,,,,,392.4
coast,1790332304,,,1,,,,,396.7
coast,1790332309,,,1,,,,,399.5
coast,1790332314,,,1,,,,,401.4
coast,1790332319,,,1,,,,,402.6
coast,1790332324,,,1,,,,,403.4
coast,1790332329,,,1,,,,,404.0
coast,1790332334,,,1,,,,,404.3
coast,1790332339,,,1,,,,,404.5
coast,1790332344,,,1,,,,,404.7
fix,1790332348,546.3,10.8,1,546.3,3.02,10.2,accepted,546.3
coast,1790332353,,,1,,,,,558.7
coast,1790332358,,,1,,,,,566.8
coast,1790332363,,,1,,,,,572.2
coast,1790332368,,,1,,,,,575.8
coast,1790332373,,,1,,,,,578.1
coast,1790332378,,,1,,,,,579.6
fix,1790332383,655.4,2.1,1,655.4,3.13,10.2,accepted,655.4
coast,1790332388,,,1,,,,,668.2
coast,1790332393,,,1,,,,,676.6
coast,1790332398,,,1,,,,,682.2
coast,1790332403,,,1,,,,,685.9
coast,1790332408,,,1,,,,,688.3
coast,1790332413,,,1,,,,,689.9
coast,1790332418,,,1,,,,,690.9
coast,1790332423,,,1,,,,,691.6
coast,1790332428,,,1,,,,,692.1
coast,1790332433,,,1,,,,,692.4
coast,1790332438,,,1,,,,,692.6
fix,1790332441,856.4,9.5,1,856.4,3.57,10.2,accepted,856.4
coast,1790332446,,,1,,,,,871.0
coast,1790332451,,,1,,,,,880.6
coast,1790332456,,,1,,,,,887.0
coast,1790332461,,,1,,,,,891.1
coast,1790332466,,,1,,,,,893.9
coast,1790332471,,,1,,,,,895.7
coast,1790332476,,,1,,,,,896.9
coast,1790332481,,,1,,,,,897.7
coast,1790332486,,,1,,,,,898.2
coast,1790332491,,,1,,,,,898.6
coast,1790332496,,,1,,,,,898.8
coast,1790332501,,,1,,,,,898.9
coast,1790332506,,,1,,,,,899.0
coast,1790332511,,,1,,,,,899.1
coast,1790332516,,,1,,,,,899.2
coast,1790332521,,,1,,,,,899.2
coast,1790332526,,,1,,,,,899.2
fix,1790332531,1044.1,3.6,1,1044.1,1.61,10.2,accepted,1044.1
coast,1790332536,,,1,,,,,1050.7
coast,1790332541,,,1,,,,,1055.0
coast,1790332546,,,1,,,,,1057.9
coast,1790332551,,,1,,,,,1059.8
coast,1790332556,,,1,,,,,1061.0
coast,1790332561,,,1,,,,,1061.8
coast,1790332566,,,1,,,,,1062.4
coast,1790332571,,,1,,,,,1062.7
coast,1790332576,,,1,,,,,1063.0
coast,1790332581,,,1,,,,,1063.1
coast,1790332586,,,1,,,,,1063.2
coast,1790332591,,,1,,,,,1063.3
coast,1790332596,,,1,,,,,1063.3
coast,1790332601,,,1,,,,,1063.3
coast,1790332606,,,1,,,,,1063.4
coast,1790332611,,,1,,,,,1063.4
coast,1790332616,,,1,,,,,1063.4
coast,1790332621,,,1,,,,,1063.4
coast,1790332626,,,1,,,,,1063.4
coast,1790332631,,,1,,,,,1063.4
coast,1790332636,,,1,,,,,1063.4
coast,1790332641,,,1,,,,,1063.4
coast,1790332646,,,1,,,,,1063.4
coast,1790332651,,,1,,,,,1063.4
fix,1790332653,1212.4,0.9,1,1212.4,1.31,10.2,accepted,1212.4
coast,1790332658,,,1,,,,,1217.8
fix,1790332663,1285.9,3.3,1,1285.1,7.43,10.2,accepted,1285.1
coast,1790332668,,,1,,,,,1315.5
coast,1790332673,,,1,,,,,1335.5
coast,1790332678,,,1,,,,,1348.7
coast,1790332683,,,1,,,,,1357.4
fix,1790332687,1405.9,7.0,1,1406.3,4.37,10.2,accepted,1406.3
coast,1790332692,,,1,,,,,1424.2
coast,1790332697,,,1,,,,,1435.9
coast,1790332702,,,1,,,,,1443.7
fix,1790332703,1499.1,0.6,1,1498.8,6.03,10.2,accepted,1498.8
coast,1790332708,,,1,,,,,1523.4
coast,1790332713,,,1,,,,,1539.7
coast,1790332718,,,1,,,,,1550.4
coast,1790332723,,,1,,,,,1557.4
coast,1790332728,,,1,,,,,1562.1
coast,1790332733,,,1,,,,,1565.2
coast,1790332738,,,1,,,,,1567.2
fix,1790332739,1692.8,3.0,1,1692.9,5.18,10.2,accepted,1692.9
coast,1790332744,,,1,,,,,1714.1
coast,1790332749,,,1,,,,,1728.0
coast,1790332754,,,1,,,,,1737.2
coast,1790332759,,,1,,,,,1743.3
coast,1790332764,,,1,,,,,1747.3
coast,1790332769,,,1,,,,,1750.0
coast,1790332774,,,1,,,,,1751.7
coast,1790332779,,,1,,,,,1752.8
coast,1790332784,,,1,,,,,1753.6
coast,1790332789,,,1,,,,,1754.1
fix,1790332792,1731.9,7.5,1,1732.1,-0.66,10.2,accepted,1732.1
coast,1790332797,,,1,,,,,1729.4
coast,1790332802,,,1,,,,,1727.6
coast,1790332807,,,1,,,,,1726.4
coast,1790332812,,,1,,,,,1725.7
coast,1790332817,,,1,,,,,1725.1
coast,1790332822,,,1,,,,,1724.8
coast,1790332827,,,1,,,,,1724.6
coast,1790332832,,,1,,,,,1724.4
coast,1790332837,,,1,,,,,1724.3
coast,1790332842,,,1,,,,,1724.3
fix,1790332847,1794.0,4.9,1,1794.0,1.61,10.2,accepted,1794.0
coast,1790332852,,,1,,,,,1800.6
coast,1790332857,,,1,,,,,1804.9
coast,1790332862,,,1,,,,,1807.8
coast,1790332867,,,1,,,,,1809.7
coast,1790332872,,,1,,,,,1810.9
fix,1790332876,1798.6,7.3,1,1798.7,-0.10,10.2,accepted,1798.7
coast,1790332881,,,1,,,,,1798.3
coast,1790332886,,,1,,,,,1798.0
fix,1790332890,1813.2,2.1,1,1812.9,1.17,10.2,accepted,1812.9
coast,1790332895,,,1,,,,,1817.7
coast,1790332900,,,1,,,,,1820.8
fix,1790332905,1906.4,7.6,1,1904.8,7.04,10.1,accepted,1904.8
coast,1790332910,,,1,,,,,1933.6
coast,1790332915,,,1,,,,,1952.5
coast,1790332920,,,1,,,,,1965.0
coast,1790332925,,,1,,,,,1973.3
coast,1790332930,,,1,,,,,1978.7
coast,1790332935,,,1,,,,,1982.3
coast,1790332940,,,1,,,,,1984.7
fix,1790332943,2018.1,10.3,1,2018.4,1.61,10.2,accepted,2018.4
coast,1790332948,,,1,,,,,2025.0
coast,1790332953,,,1,,,,,2029.3
coast,1790332958,,,1,,,,,2032.2
coast,1790332963,,,1,,,,,2034.1
coast,1790332968,,,1,,,,,2035.3
coast,1790332973,,,1,,,,,2036.1
coast,1790332978,,,1,,,,,2036.7
coast,1790332983,,,1,,,,,2037.0
coast,1790332988,,,1,,,,,2037.2
coast,1790332993,,,1,,,,,2037.4
coast,1790332998,,,1,,,,,2037.5
coast,1790333003,,,1,,,,,2037.6
coast,1790333008,,,1,,,,,2037.6
coast,1790333013,,,1,,,,,2037.6
coast,1790333018,,,1,,,,,2037.7
coast,1790333023,,,1,,,,,2037.7
coast,1790333028,,,1,,,,,2037.7
coast,1790333033,,,1,,,,,2037.7
fix,1790333035,2211.6,2.0,1,2211.6,2.28,10.2,accepted,2211.6
coast,1790333040,,,1,,,,,2220.9
fix,1790333045,2211.6,2.0,1,2212.0,-0.04,10.2,accepted,2212.0
coast,1790333050,,,1,,,,,2211.8
coast,1790333055,,,1,,,,,2211.7
coast,1790333060,,,1,,,,,2211.6
coast,1790333065,,,1,,,,,2211.6
coast,1790333070,,,1,,,,,2211.6
coast,1790333075,,,1,,,,,2211.5
coast,1790333080,,,1,,,,,2211.5
fix,1790333082,2256.8,7.1,1,2256.7,1.65,10.2,accepted,2256.7
coast,1790333087,,,1,,,,,2263.4
coast,1790333092,,,1,,,,,2267.8
coast,1790333097,,,1,,,,,2270.8
coast,1790333102,,,1,,,,,2272.7
coast,1790333107,,,1,,,,,2274.0
coast,1790333112,,,1,,,,,2274.8
coast,1790333117,,,1,,,,,2275.4
coast,1790333122,,,1,,,,,2275.7
coast,1790333127,,,1,,,,,2276.0
coast,1790333132,,,1,,,,,2276.1
coast,1790333137,,,1,,,,,2276.2
fix,1790333142,2321.5,0.4,1,2321.5,0.90,10.2,accepted,2321.5
coast,1790333147,,,1,,,,,2325.1
coast,1790333152,,,1,,,,,2327.6
coast,1790333157,,,1,,,,,2329.2
coast,1790333162,,,1,,,,,2330.2
coast,1790333167,,,1,,,,,2330.9
coast,1790333172,,,1,,,,,2331.3
fix,1790333174,2432.4,25.0,1,2432.2,3.95,10.2,accepted,2432.2
coast,1790333179,,,1,,,,,2448.4
coast,1790333184,,,1,,,,,2459.0
coast,1790333189,,,1,,,,,2466.0
coast,1790333194,,,1,,,,,2470.6
coast,1790333199,,,1,,,,,2473.7
coast,1790333204,,,1,,,,,2475.7
coast,1790333209,,,1,,,,,2477.0
coast,1790333214,,,1,,,,,2477.9
coast,1790333219,,,1,,,,,2478.5
coast,1790333224,,,1,,,,,2478.9
coast,1790333229,,,1,,,,,2479.1
fix,1790333233,2551.4,2.2,1,2551.4,1.38,10.2,accepted,2551.4
coast,1790333238,,,1,,,,,2557.1
coast,1790333243,,,1,,,,,2560.8
coast,1790333248,,,1,,,,,2563.2
coast,1790333253,,,1,,,,,2564.9
coast,1790333258,,,1,,,,,2565.9
coast,1790333263,,,1,,,,,2566.6
coast,1790333268,,,1,,,,,2567.1
coast,1790333273,,,1,,,,,2567.4
fix,1790333278,2683.7,11.6,1,2683.7,3.31,10.2,accepted,2683.7
coast,1790333283,,,1,,,,,2697.2
coast,1790333288,,,1,,,,,2706.1
coast,1790333293,,,1,,,,,2712.0
coast,1790333298,,,1,,,,,2715.8
coast,1790333303,,,1,,,,,2718.4
coast,1790333308,,,1,,,,,2720.1
coast,1790333313,,,1,,,,,2721.2
coast,1790333318,,,1,,,,,2721.9
coast,1790333323,,,1,,,,,2722.4
fix,1790333324,2713.9,15.1,1,2714.0,-0.04,10.2,accepted,2714.0
coast,1790333329,,,1,,,,,2713.8
coast,1790333334,,,1,,,,,2713.7
coast,1790333339,,,1,,,,,2713.6
fix,1790333343,2809.7,5.5,1,2809.0,5.74,10.2,accepted,2809.0
coast,1790333348,,,1,,,,,2832.5
fix,1790333351,2893.8,2.0,1,2891.0,10.30,9.9,accepted,2891.0
coast,1790333356,,,1,,,,,2933.1
coast,1790333361,,,1,,,,,2960.8
coast,1790333366,,,1,,,,,2979.2
coast,1790333371,,,1,,,,,2991.2
coast,1790333376,,,1,,,,,2999.2
fix,1790333378,2996.9,3.7,1,2997.8,2.02,10.2,accepted,2997.8
coast,1790333383,,,1,,,,,3006.1
coast,1790333388,,,1,,,,,3011.6
coast,1790333393,,,1,,,,,3015.2
coast,1790333398,,,1,,,,,3017.5
coast,1790333403,,,1,,,,,3019.1
coast,1790333408,,,1,,,,,3020.1
coast,1790333413,,,1,,,,,3020.8
coast,1790333418,,,1,,,,,3021.2
fix,1790333421,3037.7,6.6,1,3037.7,0.58,10.2,accepted,3037.7
coast,1790333426,,,1,,,,,3040.1
coast,1790333431,,,1,,,,,3041.7
coast,1790333436,,,1,,,,,3042.7
coast,1790333441,,,1,,,,,3043.4
coast,1790333446,,,1,,,,,3043.8
coast,1790333451,,,1,,,,,3044.1
coast,1790333456,,,1,,,,,3044.3
coast,1790333461,,,1,,,,,3044.5
coast,1790333466,,,1,,,,,3044.5
coast,1790333471,,,1,,,,,3044.6
coast,1790333476,,,1,,,,,3044.6
fix,1790333480,3287.1,0.3,1,3287.0,5.34,10.2,accepted,3287.0
coast,1790333485,,,1,,,,,3308.8
coast,1790333490,,,1,,,,,3323.2
coast,1790333495,,,1,,,,,3332.7
coast,1790333500,,,1,,,,,3339.0
coast,1790333505,,,1,,,,,3343.1
fix,1790333509,3350.5,1.5,1,3350.8,1.64,10.2,accepted,3350.8
coast,1790333514,,,1,,,,,3357.4
coast,1790333519,,,1,,,,,3361.9
coast,1790333524,,,1,,,,,3364.8
coast,1790333529,,,1,,,,,3366.7
coast,1790333534,,,1,,,,,3368.0
coast,1790333539,,,1,,,,,3368.8
coast,1790333544,,,1,,,,,3369.3
coast,1790333549,,,1,,,,,3369.7
coast,1790333554,,,1,,,,,3369.9
coast,1790333559,,,1,,,,,3370.1
coast,1790333564,,,1,,,,,3370.2
fix,1790333569,3480.5,3.7,1,3480.5,2.34,10.2,accepted,3480.5
coast,1790333574,,,1,,,,,3490.1
coast,1790333579,,,1,,,,,3496.4
coast,1790333584,,,1,,,,,3500.6
coast,1790333589,,,1,,,,,3503.3
coast,1790333594,,,1,,,,,3505.1
coast,1790333599,,,1,,,,,3506.3
fix,1790333600,3648.1,13.8,1,3647.9,5.97,10.2,accepted,3647.9
coast,1790333605,,,1,,,,,3672.3
coast,1790333610,,,1,,,,,3688.4
coast,1790333615,,,1,,,,,3699.0
coast,1790333620,,,1,,,,,3706.0
coast,1790333625,,,1,,,,,3710.6
coast,1790333630,,,1,,,,,3713.7
coast,1790333635,,,1,,,,,3715.7
coast,1790333640,,,1,,,,,3717.0
fix,1790333641,3713.3,11.8,1,3713.5,0.33,10.2,accepted,3713.5
coast,1790333646,,,1,,,,,3714.9
coast,1790333651,,,1,,,,,3715.8
coast,1790333656,,,1,,,,,3716.4
coast,1790333661,,,1,,,,,3716.8
coast,1790333666,,,1,,,,,3717.0
coast,1790333671,,,1,,,,,3717.2
coast,1790333676,,,1,,,,,3717.3
coast,1790333681,,,1,,,,,3717.4
coast,1790333686,,,1,,,,,3717.5
fix,1790333689,3891.1,7.0,1,3891.0,4.65,10.2,accepted,3891.0
coast,1790333694,,,1,,,,,3910.0
coast,1790333699,,,1,,,,,3922.6
coast,1790333704,,,1,,,,,3930.8
coast,1790333709,,,1,,,,,3936.3
coast,1790333714,,,1,,,,,3939.9
coast,1790333719,,,1,,,,,3942.3
coast,1790333724,,,1,,,,,3943.8
coast,1790333729,,,1,,,,,3944.9
coast,1790333734,,,1,,,,,3945.5
coast,1790333739,,,1,,,,,3946.0
coast,1790333744,,,1,,,,,3946.3
coast,1790333749,,,1,,,,,3946.5
coast,1790333754,,,1,,,,,3946.6
coast,1790333759,,,1,,,,,3946.7
coast,1790333764,,,1,,,,,3946.7
coast,1790333769,,,1,,,,,3946.8
coast,1790333774,,,1,,,,,3946.8
coast,1790333779,,,1,,,,,3946.8
coast,1790333784,,,1,,,,,3946.8
coast,1790333789,,,1,,,,,3946.8
coast,1790333794,,,1,,,,,3946.8
coast,1790333799,,,1,,,,,3946.8
fix,1790333801,4059.0,6.4,1,4059.0,0.35,10.2,accepted,4059.0
coast,1790333806,,,1,,,,,4060.4
coast,1790333811,,,1,,,,,4061.4
coast,1790333816,,,1,,,,,4062.0
coast,1790333821,,,1,,,,,4062.4
coast,1790333826,,,1,,,,,4062.7
coast,1790333831,,,1,,,,,4062.9
coast,1790333836,,,1,,,,,4063.0
coast,1790333841,,,1,,,,,4063.1
coast,1790333846,,,1,,,,,4063.1
fix,1790333850,4169.9,1.9,1,4169.9,2.59,10.2,accepted,4169.9
coast,1790333855,,,1,,,,,4180.5
coast,1790333860,,,1,,,,,4187.5
coast,1790333865,,,1,,,,,4192.1
coast,1790333870,,,1,,,,,4195.1
coast,1790333875,,,1,,,,,4197.1
coast,1790333880,,,1,,,,,4198.4
coast,1790333885,,,1,,,,,4199.3
coast,1790333890,,,1,,,,,4199.9
coast,1790333895,,,1,,,,,4200.3
fix,1790333899,4198.4,7.5,1,4198.5,0.06,10.2,accepted,4198.5
coast,1790333904,,,1,,,,,4198.7
coast,1790333909,,,1,,,,,4198.9
coast,1790333914,,,1,,,,,4199.0
coast,1790333919,,,1,,,,,4199.1
coast,1790333924,,,1,,,,,4199.2
coast,1790333929,,,1,,,,,4199.2
coast,1790333934,,,1,,,,,4199.2
coast,1790333939,,,1,,,,,4199.2
coast,1790333944,,,1,,,,,4199.2
coast,1790333949,,,1,,,,,4199.2
coast,1790333954,,,1,,,,,4199.2
fix,1790333956,4320.2,4.8,1,4320.1,2.72,10.2,accepted,4320.1
coast,1790333961,,,1,,,,,4331.3
coast,1790333966,,,1,,,,,4338.6
coast,1790333971,,,1,,,,,4343.4
coast,1790333976,,,1,,,,,4346.6
fix,1790333978,4454.7,1.2,1,4454.4,6.60,10.2,accepted,4454.4
coast,1790333983,,,1,,,,,4481.4
coast,1790333988,,,1,,,,,4499.1
coast,1790333993,,,1,,,,,4510.9
coast,1790333998,,,1,,,,,4518.6
coast,1790334003,,,1,,,,,4523.7
coast,1790334008,,,1,,,,,4527.0
coast,1790334013,,,1,,,,,4529.3
coast,1790334018,,,1,,,,,4530.7
coast,1790334023,,,1,,,,,4531.7
coast,1790334028,,,1,,,,,4532.3
coast,1790334033,,,1,,,,,4532.7
fix,1790334034,4508.5,3.8,1,4508.7,-1.05,10.2,accepted,4508.7
coast,1790334039,,,1,,,,,4504.4
coast,1790334044,,,1,,,,,4501.6
coast,1790334049,,,1,,,,,4499.8
coast,1790334054,,,1,,,,,4498.5
coast,1790334059,,,1,,,,,4497.7
coast,1790334064,,,1,,,,,4497.2
coast,1790334069,,,1,,,,,4496.8
coast,1790334074,,,1,,,,,4496.6
coast,1790334079,,,1,,,,,4496.5
coast,1790334084,,,1,,,,,4496.4
coast,1790334089,,,1,,,,,4496.3
coast,1790334094,,,1,,,,,4496.3
coast,1790334099,,,1,,,,,4496.2
coast,1790334104,,,1,,,,,4496.2
coast,1790334109,,,1,,,,,4496.2
coast,1790334114,,,1,,,,,4496.2
coast,1790334119,,,1,,,,,4496.2
coast,1790334124,,,1,,,,,4496.2
coast,1790334129,,,1,,,,,4496.2
coast,1790334134,,,1,,,,,4496.2
coast,1790334139,,,1,,,,,4496.2
coast,1790334144,,,1,,,,,4496.2
coast,1790334149,,,1,,,,,4496.2
coast,1790334154,,,1,,,,,4496.2
coast,1790334159,,,1,,,,,4496.2
coast,1790334164,,,1,,,,,4496.2
coast,1790334169,,,1,,,,,4496.2
coast,1790334174,,,1,,,,,4496.2
coast,1790334179,,,1,,,,,4496.2
coast,1790334184,,,1,,,,,4496.2
coast,1790334189,,,1,,,,,4496.2
coast,1790334194,,,1,,,,,4496.2
coast,1790334199,,,1,,,,,4496.2
coast,1790334204,,,1,,,,,4496.2
coast,1790334209,,,1,,,,,4496.2
coast,1790334214,,,1,,,,,4496.2
coast,1790334219,,,1,,,,,4496.2
coast,1790334224,,,1,,,,,4496.2
coast,1790334229,,,1,,,,,4496.2
coast,1790334234,,,1,,,,,4496.2
coast,1790334239,,,1,,,,,4496.2
coast,1790334244,,,1,,,,,4496.2
coast,1790334249,,,1,,,,,4496.2
coast,1790334254,,,1,,,,,4496.2
fix,1790334257,4541.5,8.0,1,4541.5,0.64,10.2,accepted,4541.5
coast,1790334262,,,1,,,,,4544.2
coast,1790334267,,,1,,,,,4545.9
coast,1790334272,,,1,,,,,4547.0
coast,1790334277,,,1,,,,,4547.8
coast,1790334282,,,1,,,,,4548.3
coast,1790334287,,,1,,,,,4548.6
coast,1790334292,,,1,,,,,4548.8
coast,1790334297,,,1,,,,,4549.0
coast,1790334302,,,1,,,,,4549.1
coast,1790334307,,,1,,,,,4549.1
coast,1790334312,,,1,,,,,4549.2
coast,1790334317,,,1,,,,,4549.2
fix,1790334320,4695.1,0.7,1,4695.1,2.67,10.2,accepted,4695.1
coast,1790334325,,,1,,,,,4706.0
coast,1790334330,,,1,,,,,4713.2
coast,1790334335,,,1,,,,,4717.9
coast,1790334340,,,1,,,,,4721.1
coast,1790334345,,,1,,,,,4723.1
coast,1790334350,,,1,,,,,4724.5
coast,1790334355,,,1,,,,,4725.4
coast,1790334360,,,1,,,,,4726.0
coast,1790334365,,,1,,,,,4726.4
coast,1790334370,,,1,,,,,4726.6
coast,1790334375,,,1,,,,,4726.8
fix,1790334380,4828.8,4.5,1,4828.8,2.12,10.2,accepted,4828.8
coast,1790334385,,,1,,,,,4837.4
coast,1790334390,,,1,,,,,4843.2
coast,1790334395,,,1,,,,,4846.9
coast,1790334400,,,1,,,,,4849.4
coast,1790334405,,,1,,,,,4851.0
coast,1790334410,,,1,,,,,4852.1
coast,1790334415,,,1,,,,,4852.8
coast,1790334420,,,1,,,,,4853.3
fix,1790334422,4988.6,0.2,1,4988.5,4.17,10.2,accepted,4988.5
coast,1790334427,,,1,,,,,5005.6
coast,1790334432,,,1,,,,,5016.9
coast,1790334437,,,1,,,,,5024.3
coast,1790334442,,,1,,,,,5029.2
coast,1790334447,,,1,,,,,5032.4
coast,1790334452,,,1,,,,,5034.5
coast,1790334457,,,1,,,,,5035.9
coast,1790334462,,,1,,,,,5036.9
coast,1790334467,,,1,,,,,5037.5
fix,1790334469,5075.8,5.5,1,5075.8,1.22,10.2,accepted,5075.8
coast,1790334474,,,1,,,,,5080.8
coast,1790334479,,,1,,,,,5084.1
coast,1790334484,,,1,,,,,5086.3
coast,1790334489,,,1,,,,,5087.7
coast,1790334494,,,1,,,,,5088.7
coast,1790334499,,,1,,,,,5089.3
coast,1790334504,,,1,,,,,5089.7
coast,1790334509,,,1,,,,,5090.0
coast,1790334514,,,1,,,,,5090.2
coast,1790334519,,,1,,,,,5090.3
coast,1790334524,,,1,,,,,5090.4
fix,1790334528,5208.8,0.2,1,5208.8,2.56,10.2,accepted,5208.8
coast,1790334533,,,1,,,,,5219.2
coast,1790334538,,,1,,,,,5226.1
coast,1790334543,,,1,,,,,5230.7
coast,1790334548,,,1,,,,,5233.6
coast,1790334553,,,1,,,,,5235.6
coast,1790334558,,,1,,,,,5236.9
fix,1790334562,5208.8,0.2,1,5208.9,-0.50,10.2,accepted,5208.9
coast,1790334567,,,1,,,,,5206.9
coast,1790334572,,,1,,,,,5205.5
coast,1790334577,,,1,,,,,5204.7
coast,1790334582,,,1,,,,,5204.1
coast,1790334587,,,1,,,,,5203.7
coast,1790334592,,,1,,,,,5203.4
coast,1790334597,,,1,,,,,5203.3
coast,1790334602,,,1,,,,,5203.2
coast,1790334607,,,1,,,,,5203.1
coast,1790334612,,,1,,,,,5203.0
coast,1790334617,,,1,,,,,5203.0
fix,1790334621,5310.1,4.6,1,5310.0,2.43,10.2,accepted,5310.0
coast,1790334626,,,1,,,,,5320.0
coast,1790334631,,,1,,,,,5326.6
coast,1790334636,,,1,,,,,5330.9
coast,1790334641,,,1,,,,,5333.7
coast,1790334646,,,1,,,,,5335.6
coast,1790334651,,,1,,,,,5336.9
coast,1790334656,,,1,,,,,5337.7
coast,1790334661,,,1,,,,,5338.2
coast,1790334666,,,1,,,,,5338.6
coast,1790334671,,,1,,,,,5338.8
coast,1790334676,,,1,,,,,5339.0
fix,1790334680,5363.1,5.6,1,5363.1,0.49,10.2,accepted,5363.1
coast,1790334685,,,1,,,,,5365.1
coast,1790334690,,,1,,,,,5366.4
coast,1790334695,,,1,,,,,5367.3
coast,1790334700,,,1,,,,,5367.8
coast,1790334705,,,1,,,,,5368.2
coast,1790334710,,,1,,,,,5368.5
coast,1790334715,,,1,,,,,5368.6
coast,1790334720,,,1,,,,,5368.7
coast,1790334725,,,1,,,,,5368.8
fix,1790334729,5403.4,3.1,1,5403.4,0.90,10.2,accepted,5403.4
fix,1790334731,5403.4,3.1,1,5403.9,0.56,8.5,accepted,5403.9
coast,1790334736,,,1,,,,,5406.2
coast,1790334741,,,1,,,,,5407.8
coast,1790334746,,,1,,,,,5408.8
coast,1790334751,,,1,,,,,5409.4
coast,1790334756,,,1,,,,,5409.9
coast,1790334761,,,1,,,,,5410.1
coast,1790334766,,,1,,,,,5410.3
coast,1790334771,,,1,,,,,5410.5
coast,1790334776,,,1,,,,,5410.5
coast,1790334781,,,1,,,,,5410.6
fix,1790334782,5613.3,3.1,1,5613.2,5.16,10.2,accepted,5613.2
coast,1790334787,,,1,,,,,5634.3
coast,1790334792,,,1,,,,,5648.2
coast,1790334797,,,1,,,,,5657.4
coast,1790334802,,,1,,,,,5663.4
coast,1790334807,,,1,,,,,5667.4
coast,1790334812,,,1,,,,,5670.1
coast,1790334817,,,1,,,,,5671.8
coast,1790334822,,,1,,,,,5672.9
coast,1790334827,,,1,,,,,5673.7
coast,1790334832,,,1,,,,,5674.2
coast,1790334837,,,1,,,,,5674.5
fix,1790334839,5760.1,0.5,1,5760.2,1.85,10.2,accepted,5760.2
coast,1790334844,,,1,,,,,5767.7
coast,1790334849,,,1,,,,,5772.7
coast,1790334854,,,1,,,,,5776.0
coast,1790334859,,,1,,,,,5778.2
coast,1790334864,,,1,,,,,5779.6
fix,1790334865,5813.5,1.8,1,5813.5,2.09,10.2,accepted,5813.5
coast,1790334870,,,1,,,,,5822.0
coast,1790334875,,,1,,,,,5827.7
coast,1790334880,,,1,,,,,5831.4
coast,1790334885,,,1,,,,,5833.8
coast,1790334890,,,1,,,,,5835.4
coast,1790334895,,,1,,,,,5836.5
coast,1790334900,,,1,,,,,5837.2
coast,1790334905,,,1,,,,,5837.6
fix,1790334909,5847.0,2.4,1,5847.0,0.34,10.2,accepted,5847.0
coast,1790334914,,,1,,,,,5848.4
coast,1790334919,,,1,,,,,5849.4
coast,1790334924,,,1,,,,,5850.0
coast,1790334929,,,1,,,,,5850.4
coast,1790334934,,,1,,,,,5850.6
coast,1790334939,,,1,,,,,5850.8
coast,1790334944,,,1,,,,,5850.9
coast,1790334949,,,1,,,,,5851.0
coast,1790334954,,,1,,,,,5851.1
coast,1790334959,,,1,,,,,5851.1
fix,1790334963,5914.8,1.9,1,5914.8,1.52,10.2,accepted,5914.8
coast,1790334968,,,1,,,,,5921.0
coast,1790334973,,,1,,,,,5925.1
coast,1790334978,,,1,,,,,5927.8
coast,1790334983,,,1,,,,,5929.6
coast,1790334988,,,1,,,,,5930.8
coast,1790334993,,,1,,,,,5931.6
coast,1790334998,,,1,,,,,5932.1
coast,1790335003,,,1,,,,,5932.4
fix,1790335005,6097.7,5.3,1,6097.5,5.02,10.2,accepted,6097.5
coast,1790335010,,,1,,,,,6118.1
coast,1790335015,,,1,,,,,6131.6
coast,1790335020,,,1,,,,,6140.5
coast,1790335025,,,1,,,,,6146.4
coast,1790335030,,,1,,,,,6150.2
coast,1790335035,,,1,,,,,6152.8
coast,1790335040,,,1,,,,,6154.5
coast,1790335045,,,1,,,,,6155.6
coast,1790335050,,,1,,,,,6156.3
coast,1790335055,,,1,,,,,6156.8
coast,1790335060,,,1,,,,,6157.1
fix,1790335064,6223.8,2.0,1,6223.9,1.27,10.2,accepted,6223.9
coast,1790335069,,,1,,,,,6229.1
coast,1790335074,,,1,,,,,6232.5
coast,1790335079,,,1,,,,,6234.7
fix,1790335082,6237.0,6.3,1,6237.1,0.67,10.2,accepted,6237.1
coast,1790335087,,,1,,,,,6239.8
coast,1790335092,,,1,,,,,6241.6
coast,1790335097,,,1,,,,,6242.8
fix,1790335098,6366.5,4.2,1,6364.5,9.34,10.2,accepted,6364.5
coast,1790335103,,,1,,,,,6402.7
coast,1790335108,,,1,,,,,6427.9
coast,1790335113,,,1,,,,,6444.5
fix,1790335118,6496.8,3.3,1,6497.4,6.00,10.2,accepted,6497.4
coast,1790335123,,,1,,,,,6521.9
coast,1790335128,,,1,,,,,6538.0
coast,1790335133,,,1,,,,,6548.7
coast,1790335138,,,1,,,,,6555.7
coast,1790335143,,,1,,,,,6560.4
coast,1790335148,,,1,,,,,6563.4
coast,1790335153,,,1,,,,,6565.4
coast,1790335158,,,1,,,,,6566.8
coast,1790335163,,,1,,,,,6567.6
fix,1790335168,6566.0,10.2,1,6566.2,-0.27,10.2,accepted,6566.2
coast,1790335173,,,1,,,,,6565.1
coast,1790335178,,,1,,,,,6564.3
coast,1790335183,,,1,,,,,6563.9
coast,1790335188,,,1,,,,,6563.5
coast,1790335193,,,1,,,,,6563.3
coast,1790335198,,,1,,,,,6563.2
coast,1790335203,,,1,,,,,6563.1
coast,1790335208,,,1,,,,,6563.0
coast,1790335213,,,1,,,,,6563.0
coast,1790335218,,,1,,,,,6563.0
coast,1790335223,,,1,,,,,6563.0
fix,1790335228,6701.0,1.6,1,6700.9,2.99,10.2,accepted,6700.9
coast,1790335233,,,1,,,,,6713.1
coast,1790335238,,,1,,,,,6721.2
coast,1790335243,,,1,,,,,6726.5
coast,1790335248,,,1,,,,,6730.0
coast,1790335253,,,1,,,,,6732.3
coast,1790335258,,,1,,,,,6733.8
fix,1790335260,6852.0,2.2,1,6851.9,5.04,10.2,accepted,6851.9
coast,1790335265,,,1,,,,,6872.5
coast,1790335270,,,1,,,,,6886.1
coast,1790335275,,,1,,,,,6895.1
coast,1790335280,,,1,,,,,6901.0
coast,1790335285,,,1,,,,,6904.9
fix,1790335290,6891.6,4.7,1,6892.0,0.43,10.2,accepted,6892.0
coast,1790335295,,,1,,,,,6893.7
coast,1790335300,,,1,,,,,6894.9
fix,1790335302,6991.7,1.5,1,6989.2,8.92,10.1,accepted,6989.2
coast,1790335307,,,1,,,,,7025.7
coast,1790335312,,,1,,,,,7049.7
coast,1790335317,,,1,,,,,7065.6
fix,1790335318,7122.6,1.9,1,7122.8,8.23,10.2,accepted,7122.8
coast,1790335323,,,1,,,,,7156.5
coast,1790335328,,,1,,,,,7178.7
coast,1790335333,,,1,,,,,7193.3
coast,1790335338,,,1,,,,,7203.0
coast,1790335343,,,1,,,,,7209.3
coast,1790335348,,,1,,,,,7213.5
coast,1790335353,,,1,,,,,7216.3
coast,1790335358,,,1,,,,,7218.1
coast,1790335363,,,1,,,,,7219.3
coast,1790335368,,,1,,,,,7220.1
fix,1790335369,7431.2,0.4,1,7431.3,5.24,10.2,accepted,7431.3
coast,1790335374,,,1,,,,,7452.8
coast,1790335379,,,1,,,,,7466.9
coast,1790335384,,,1,,,,,7476.2
coast,1790335389,,,1,,,,,7482.3
coast,1790335394,,,1,,,,,7486.4
coast,1790335399,,,1,,,,,7489.0
coast,1790335404,,,1,,,,,7490.8
coast,1790335409,,,1,,,,,7491.9
coast,1790335414,,,1,,,,,7492.7
coast,1790335419,,,1,,,,,7493.2
coast,1790335424,,,1,,,,,7493.5
coast,1790335429,,,1,,,,,7493.7
coast,1790335434,,,1,,,,,7493.9
coast,1790335439,,,1,,,,,7494.0
coast,1790335444,,,1,,,,,7494.1
fix,1790335449,7307.5,27.3,1,7307.6,-3.77,10.2,accepted,7307.6
coast,1790335454,,,1,,,,,7292.2
coast,1790335459,,,1,,,,,7282.1
coast,1790335464,,,1,,,,,7275.4
coast,1790335469,,,1,,,,,7271.0
coast,1790335474,,,1,,,,,7268.0
coast,1790335479,,,1,,,,,7266.1
coast,1790335484,,,1,,,,,7264.9
coast,1790335489,,,1,,,,,7264.0
coast,1790335494,,,1,,,,,7263.5
coast,1790335499,,,1,,,,,7263.1
coast,1790335504,,,1,,,,,7262.9
coast,1790335509,,,1,,,,,7262.7
coast,1790335514,,,1,,,,,7262.6
coast,1790335519,,,1,,,,,7262.5
coast,1790335524,,,1,,,,,7262.5
coast,1790335529,,,1,,,,,7262.5
coast,1790335534,,,1,,,,,7262.5
coast,1790335539,,,1,,,,,7262.4
coast,1790335544,,,1,,,,,7262.4
coast,1790335549,,,1,,,,,7262.4
coast,1790335554,,,1,,,,,7262.4
coast,1790335559,,,1,,,,,7262.4
coast,1790335564,,,1,,,,,7262.4
coast,1790335569,,,1,,,,,7262.4
coast,1790335574,,,1,,,,,7262.4
coast,1790335579,,,1,,,,,7262.4
coast,1790335584,,,1,,,,,7262.4
coast,1790335589,,,1,,,,,7262.4
coast,1790335594,,,1,,,,,7262.4
coast,1790335599,,,1,,,,,7262.4
coast,1790335604,,,1,,,,,7262.4
coast,1790335609,,,1,,,,,7262.4
coast,1790335614,,,1,,,,,7262.4
coast,1790335619,,,1,,,,,7262.4
coast,1790335624,,,1,,,,,7262.4
coast,1790335629,,,1,,,,,7262.4
coast,1790335634,,,1,,,,,7262.4
coast,1790335639,,,1,,,,,7262.4
coast,1790335644,,,1,,,,,7262.4
coast,1790335649,,,1,,,,,7262.4
coast,1790335654,,,1,,,,,7262.4
coast,1790335659,,,1,,,,,7262.4
coast,1790335664,,,1,,,,,7262.4
coast,1790335669,,,1,,,,,7262.4
coast,1790335674,,,1,,,,,7262.4
coast,1790335679,,,1,,,,,7262.4
coast,1790335684,,,1,,,,,7262.4
coast,1790335689,,,1,,,,,7262.4
coast,1790335694,,,1,,,,,7262.4
coast,1790335699,,,1,,,,,7262.4
coast,1790335704,,,1,,,,,7262.4
coast,1790335709,,,1,,,,,7262.4
coast,1790335714,,,1,,,,,7262.4
coast,1790335719,,,1,,,,,7262.4
coast,1790335724,,,1,,,,,7262.4
coast,1790335729,,,1,,,,,7262.4
coast,1790335734,,,1,,,,,7262.4
coast,1790335739,,,1,,,,,7262.4
coast,1790335744,,,1,,,,,7262.4
coast,1790335749,,,1,,,,,7262.4
coast,1790335754,,,1,,,,,7262.4
coast,1790335759,,,1,,,,,7262.4
coast,1790335764,,,1,,,,,7262.4
coast,1790335769,,,1,,,,,7262.4
coast,1790335774,,,1,,,,,7262.4
coast,1790335779,,,1,,,,,7262.4
coast,1790335784,,,1,,,,,7262.4
coast,1790335789,,,1,,,,,7262.4
coast,1790335794,,,1,,,,,7262.4
coast,1790335799,,,1,,,,,7262.4
fix,1790335803,7307.5,8.7,1,7307.5,1.58,10.2,accepted,7307.5
coast,1790335808,,,1,,,,,7314.0
coast,1790335813,,,1,,,,,7318.3
coast,1790335818,,,1,,,,,7321.1
coast,1790335823,,,1,,,,,7322.9
coast,1790335828,,,1,,,,,7324.1
coast,1790335833,,,1,,,,,7325.0
coast,1790335838,,,1,,,,,7325.5
coast,1790335843,,,1,,,,,7325.8
coast,1790335848,,,1,,,,,7326.1
coast,1790335853,,,1,,,,,7326.2
coast,1790335858,,,1,,,,,7326.3
coast,1790335863,,,1,,,,,7326.4
coast,1790335868,,,1,,,,,7326.4
coast,1790335873,,,1,,,,,7326.5
coast,1790335878,,,1,,,,,7326.5
coast,1790335883,,,1,,,,,7326.5
coast,1790335888,,,1,,,,,7326.5
coast,1790335893,,,1,,,,,7326.5
coast,1790335898,,,1,,,,,7326.5
coast,1790335903,,,1,,,,,7326.5
coast,1790335908,,,1,,,,,7326.5
coast,1790335913,,,1,,,,,7326.5
coast,1790335918,,,1,,,,,7326.5
coast,1790335923,,,1,,,,,7326.5
coast,1790335928,,,1,,,,,7326.5
coast,1790335933,,,1,,,,,7326.5
coast,1790335938,,,1,,,,,7326.5
coast,1790335943,,,1,,,,,7326.5
coast,1790335948,,,1,,,,,7326.5
coast,1790335953,,,1,,,,,7326.5
coast,1790335958,,,1,,,,,7326.5
coast,1790335963,,,1,,,,,7326.5
coast,1790335968,,,1,,,,,7326.5
coast,1790335973,,,1,,,,,7326.5
coast,1790335978,,,1,,,,,7326.5
coast,1790335983,,,1,,,,,7326.5
coast,1790335988,,,1,,,,,7326.5
coast,1790335993,,,1,,,,,7326.5
coast,1790335998,,,1,,,,,7326.5
coast,1790336003,,,1,,,,,7326.5
coast,1790336008,,,1,,,,,7326.5
coast,1790336013,,,1,,,,,7326.5
coast,1790336018,,,1,,,,,7326.5
coast,1790336023,,,1,,,,,7326.5
coast,1790336028,,,1,,,,,7326.5
coast,1790336033,,,1,,,,,7326.5
coast,1790336038,,,1,,,,,7326.5
coast,1790336043,,,1,,,,,7326.5
coast,1790336048,,,1,,,,,7326.5
coast,1790336053,,,1,,,,,7326.5
coast,1790336058,,,1,,,,,7326.5
coast,1790336063,,,1,,,,,7326.5
coast,1790336068,,,1,,,,,7326.5
coast,1790336073,,,1,,,,,7326.5
coast,1790336078,,,1,,,,,7326.5
coast,1790336083,,,1,,,,,7326.5
coast,1790336088,,,1,,,,,7326.5
coast,1790336093,,,1,,,,,7326.5
coast,1790336098,,,1,,,,,7326.5
coast,1790336103,,,1,,,,,7326.5
coast,1790336108,,,1,,,,,7326.5
coast,1790336113,,,1,,,,,7326.5
coast,1790336118,,,1,,,,,7326.5
coast,1790336123,,,1,,,,,7326.5
coast,1790336128,,,1,,,,,7326.5
coast,1790336133,,,1,,,,,7326.5
coast,1790336138,,,1,,,,,7326.5
coast,1790336143,,,1,,,,,7326.5
coast,1790336148,,,1,,,,,7326.5
coast,1790336153,,,1,,,,,7326.5
coast,1790336158,,,1,,,,,7326.5
coast,1790336163,,,1,,,,,7326.5
coast,1790336168,,,1,,,,,7326.5
coast,1790336173,,,1,,,,,7326.5
coast,1790336178,,,1,,,,,7326.5
coast,1790336183,,,1,,,,,7326.5
coast,1790336188,,,1,,,,,7326.5
coast,1790336193,,,1,,,,,7326.5
coast,1790336198,,,1,,,,,7326.5
coast,1790336203,,,1,,,,,7326.5
coast,1790336208,,,1,,,,,7326.5
coast,1790336213,,,1,,,,,7326.5
coast,1790336218,,,1,,,,,7326.5
coast,1790336223,,,1,,,,,7326.5
coast,1790336228,,,1,,,,,7326.5
coast,1790336233,,,1,,,,,7326.5
coast,1790336238,,,1,,,,,7326.5
coast,1790336243,,,1,,,,,7326.5
coast,1790336248,,,1,,,,,7326.5
coast,1790336253,,,1,,,,,7326.5
fix,1790336254,7307.5,8.7,1,7307.5,-0.49,10.2,accepted,7307.5
coast,1790336259,,,1,,,,,7305.5
coast,1790336264,,,1,,,,,7304.2
coast,1790336269,,,1,,,,,7303.3
coast,1790336274,,,1,,,,,7302.8
coast,1790336279,,,1,,,,,7302.4
coast,1790336284,,,1,,,,,7302.1
coast,1790336289,,,1,,,,,7302.0
coast,1790336294,,,1,,,,,7301.9
coast,1790336299,,,1,,,,,7301.8
coast,1790336304,,,1,,,,,7301.7
coast,1790336309,,,1,,,,,7301.7
coast,1790336314,,,1,,,,,7301.7
coast,1790336319,,,1,,,,,7301.7
coast,1790336324,,,1,,,,,7301.7
coast,1790336329,,,1,,,,,7301.7
fix,1790336334,7390.7,1.2,1,7390.7,1.17,10.2,accepted,7390.7
coast,1790336339,,,1,,,,,7395.5
fix,1790336342,7462.1,0.0,1,7460.4,8.82,10.1,accepted,7460.4
coast,1790336347,,,1,,,,,7496.5
coast,1790336352,,,1,,,,,7520.3
coast,1790336357,,,1,,,,,7535.9
coast,1790336362,,,1,,,,,7546.3
coast,1790336367,,,1,,,,,7553.1
coast,1790336372,,,1,,,,,7557.6
coast,1790336377,,,1,,,,,7560.5
coast,1790336382,,,1,,,,,7562.5
coast,1790336387,,,1,,,,,7563.8
coast,1790336392,,,1,,,,,7564.6
coast,1790336397,,,1,,,,,7565.2
coast,1790336402,,,1,,,,,7565.5
coast,1790336407,,,1,,,,,7565.8
coast,1790336412,,,1,,,,,7565.9
coast,1790336417,,,1,,,,,7566.1
coast,1790336422,,,1,,,,,7566.1
coast,1790336427,,,1,,,,,7566.2
coast,1790336432,,,1,,,,,7566.2
coast,1790336437,,,1,,,,,7566.2
coast,1790336442,,,1,,,,,7566.2
coast,1790336447,,,1,,,,,7566.2
coast,1790336452,,,1,,,,,7566.2
coast,1790336457,,,1,,,,,7566.2
coast,1790336462,,,1,,,,,7566.3
coast,1790336467,,,1,,,,,7566.3
coast,1790336472,,,1,,,,,7566.3
coast,1790336477,,,1,,,,,7566.3
coast,1790336482,,,1,,,,,7566.3
coast,1790336487,,,1,,,,,7566.3
coast,1790336492,,,1,,,,,7566.3
coast,1790336497,,,1,,,,,7566.3
coast,1790336502,,,1,,,,,7566.3
coast,1790336507,,,1,,,,,7566.3
coast,1790336512,,,1,,,,,7566.3
coast,1790336517,,,1,,,,,7566.3
coast,1790336522,,,1,,,,,7566.3
coast,1790336527,,,1,,,,,7566.3
coast,1790336532,,,1,,,,,7566.3
coast,1790336537,,,1,,,,,7566.3
coast,1790336542,,,1,,,,,7566.3
coast,1790336547,,,1,,,,,7566.3
coast,1790336552,,,1,,,,,7566.3
coast,1790336557,,,1,,,,,7566.3
coast,1790336562,,,1,,,,,7566.3
coast,1790336567,,,1,,,,,7566.3
coast,1790336572,,,1,,,,,7566.3
coast,1790336577,,,1,,,,,7566.3
coast,1790336582,,,1,,,,,7566.3
coast,1790336587,,,1,,,,,7566.3
coast,1790336592,,,1,,,,,7566.3
coast,1790336597,,,1,,,,,7566.3
coast,1790336602,,,1,,,,,7566.3
coast,1790336607,,,1,,,,,7566.3
coast,1790336612,,,1,,,,,7566.3
coast,1790336617,,,1,,,,,7566.3
coast,1790336622,,,1,,,,,7566.3
coast,1790336627,,,1,,,,,7566.3
coast,1790336632,,,1,,,,,7566.3
coast,1790336637,,,1,,,,,7566.3
coast,1790336642,,,1,,,,,7566.3
coast,1790336647,,,1,,,,,7566.3
coast,1790336652,,,1,,,,,7566.3
coast,1790336657,,,1,,,,,7566.3
coast,1790336662,,,1,,,,,7566.3
coast,1790336667,,,1,,,,,7566.3
coast,1790336672,,,1,,,,,7566.3
coast,1790336677,,,1,,,,,7566.3
coast,1790336682,,,1,,,,,7566.3
coast,1790336687,,,1,,,,,7566.3
coast,1790336692,,,1,,,,,7566.3
coast,1790336697,,,1,,,,,7566.3
coast,1790336702,,,1,,,,,7566.3
coast,1790336707,,,1,,,,,7566.3
coast,1790336712,,,1,,,,,7566.3
coast,1790336717,,,1,,,,,7566.3
coast,1790336722,,,1,,,,,7566.3
coast,1790336727,,,1,,,,,7566.3
coast,1790336732,,,1,,,,,7566.3
coast,1790336737,,,1,,,,,7566.3
coast,1790336742,,,1,,,,,7566.3
coast,1790336747,,,1,,,,,7566.3
coast,1790336752,,,1,,,,,7566.3
coast,1790336757,,,1,,,,,7566.3
coast,1790336762,,,1,,,,,7566.3
coast,1790336767,,,1,,,,,7566.3
coast,1790336772,,,1,,,,,7566.3
coast,1790336777,,,1,,,,,7566.3
coast,1790336782,,,1,,,,,7566.3
coast,1790336787,,,1,,,,,7566.3
coast,1790336792,,,1,,,,,7566.3
coast,1790336797,,,1,,,,,7566.3
coast,1790336802,,,1,,,,,7566.3
coast,1790336807,,,1,,,,,7566.3
coast,1790336812,,,1,,,,,7566.3
coast,1790336817,,,1,,,,,7566.3
coast,1790336822,,,1,,,,,7566.3
coast,1790336827,,,1,,,,,7566.3
coast,1790336832,,,1,,,,,7566.3
coast,1790336837,,,1,,,,,7566.3
coast,1790336842,,,1,,,,,7566.3
coast,1790336847,,,1,,,,,7566.3
coast,1790336852,,,1,,,,,7566.3
coast,1790336857,,,1,,,,,7566.3
coast,1790336862,,,1,,,,,7566.3
coast,1790336867,,,1,,,,,7566.3
coast,1790336872,,,1,,,,,7566.3
coast,1790336877,,,1,,,,,7566.3
coast,1790336882,,,1,,,,,7566.3
coast,1790336887,,,1,,,,,7566.3
coast,1790336892,,,1,,,,,7566.3
coast,1790336897,,,1,,,,,7566.3
coast,1790336902,,,1,,,,,7566.3
coast,1790336907,,,1,,,,,7566.3
coast,1790336912,,,1,,,,,7566.3
coast,1790336917,,,1,,,,,7566.3
coast,1790336922,,,1,,,,,7566.3
coast,1790336927,,,1,,,,,7566.3
coast,1790336932,,,1,,,,,7566.3
coast,1790336937,,,1,,,,,7566.3
coast,1790336942,,,1,,,,,7566.3
coast,1790336947,,,1,,,,,7566.3
coast,1790336952,,,1,,,,,7566.3
coast,1790336957,,,1,,,,,7566.3
coast,1790336962,,,1,,,,,7566.3
coast,1790336967,,,1,,,,,7566.3
coast,1790336972,,,1,,,,,7566.3
coast,1790336977,,,1,,,,,7566.3
coast,1790336982,,,1,,,,,7566.3
coast,1790336987,,,1,,,,,7566.3
coast,1790336992,,,1,,,,,7566.3
coast,1790336997,,,1,,,,,7566.3
coast,1790337002,,,1,,,,,7566.3
coast,1790337007,,,1,,,,,7566.3
coast,1790337012,,,1,,,,,7566.3
coast,1790337017,,,1,,,,,7566.3
coast,1790337022,,,1,,,,,7566.3
coast,1790337027,,,1,,,,,7566.3
coast,1790337032,,,1,,,,,7566.3
coast,1790337037,,,1,,,,,7566.3
coast,1790337042,,,1,,,,,7566.3
coast,1790337047,,,1,,,,,7566.3
coast,1790337052,,,1,,,,,7566.3
coast,1790337057,,,1,,,,,7566.3
coast,1790337062,,,1,,,,,7566.3
coast,1790337067,,,1,,,,,7566.3
coast,1790337072,,,1,,,,,7566.3
coast,1790337077,,,1,,,,,7566.3
coast,1790337082,,,1,,,,,7566.3
coast,1790337087,,,1,,,,,7566.3
coast,1790337092,,,1,,,,,7566.3
coast,1790337097,,,1,,,,,7566.3
coast,1790337102,,,1,,,,,7566.3
coast,1790337107,,,1,,,,,7566.3
coast,1790337112,,,1,,,,,7566.3
coast,1790337117,,,1,,,,,7566.3
coast,1790337122,,,1,,,,,7566.3
coast,1790337127,,,1,,,,,7566.3
coast,1790337132,,,1,,,,,7566.3
coast,1790337137,,,1,,,,,7566.3
coast,1790337142,,,1,,,,,7566.3
coast,1790337147,,,1,,,,,7566.3
coast,1790337152,,,1,,,,,7566.3
coast,1790337157,,,1,,,,,7566.3
coast,1790337162,,,1,,,,,7566.3
coast,1790337167,,,1,,,,,7566.3
coast,1790337172,,,1,,,,,7566.3
coast,1790337177,,,1,,,,,7566.3
coast,1790337182,,,1,,,,,7566.3
coast,1790337187,,,1,,,,,7566.3
coast,1790337192,,,1,,,,,7566.3
coast,1790337197,,,1,,,,,7566.3
coast,1790337202,,,1,,,,,7566.3
coast,1790337207,,,1,,,,,7566.3
coast,1790337212,,,1,,,,,7566.3
coast,1790337217,,,1,,,,,7566.3
coast,1790337222,,,1,,,,,7566.3
coast,1790337227,,,1,,,,,7566.3
coast,1790337232,,,1,,,,,7566.3
coast,1790337237,,,1,,,,,7566.3
coast,1790337242,,,1,,,,,7566.3
coast,1790337247,,,1,,,,,7566.3
coast,1790337252,,,1,,,,,7566.3
coast,1790337257,,,1,,,,,7566.3
coast,1790337262,,,1,,,,,7566.3
coast,1790337267,,,1,,,,,7566.3
coast,1790337272,,,1,,,,,7566.3
coast,1790337277,,,1,,,,,7566.3
coast,1790337282,,,1,,,,,7566.3
coast,1790337287,,,1,,,,,7566.3
coast,1790337292,,,1,,,,,7566.3
coast,1790337297,,,1,,,,,7566.3
coast,1790337302,,,1,,,,,7566.3
coast,1790337307,,,1,,,,,7566.3
coast,1790337312,,,1,,,,,7566.3
coast,1790337317,,,1,,,,,7566.3
coast,1790337322,,,1,,,,,7566.3
coast,1790337327,,,1,,,,,7566.3
coast,1790337332,,,1,,,,,7566.3
coast,1790337337,,,1,,,,,7566.3
coast,1790337342,,,1,,,,,7566.3
coast,1790337347,,,1,,,,,7566.3
coast,1790337352,,,1,,,,,7566.3
coast,1790337357,,,1,,,,,7566.3
coast,1790337362,,,1,,,,,7566.3
coast,1790337367,,,1,,,,,7566.3
coast,1790337372,,,1,,,,,7566.3
coast,1790337377,,,1,,,,,7566.3
coast,1790337382,,,1,,,,,7566.3
coast,1790337387,,,1,,,,,7566.3
coast,1790337392,,,1,,,,,7566.3
coast,1790337397,,,1,,,,,7566.3
coast,1790337402,,,1,,,,,7566.3
coast,1790337407,,,1,,,,,7566.3
coast,1790337412,,,1,,,,,7566.3
coast,1790337417,,,1,,,,,7566.3
coast,1790337422,,,1,,,,,7566.3
coast,1790337427,,,1,,,,,7566.3
coast,1790337432,,,1,,,,,7566.3
coast,1790337437,,,1,,,,,7566.3
coast,1790337442,,,1,,,,,7566.3
coast,1790337447,,,1,,,,,7566.3
coast,1790337452,,,1,,,,,7566.3
coast,1790337457,,,1,,,,,7566.3
coast,1790337462,,,1,,,,,7566.3
coast,1790337467,,,1,,,,,7566.3
coast,1790337472,,,1,,,,,7566.3
coast,1790337477,,,1,,,,,7566.3
coast,1790337482,,,1,,,,,7566.3
coast,1790337487,,,1,,,,,7566.3
coast,1790337492,,,1,,,,,7566.3
coast,1790337497,,,1,,,,,7566.3
coast,1790337502,,,1,,,,,7566.3
coast,1790337507,,,1,,,,,7566.3
coast,1790337512,,,1,,,,,7566.3
coast,1790337517,,,1,,,,,7566.3
coast,1790337522,,,1,,,,,7566.3
coast,1790337527,,,1,,,,,7566.3
coast,1790337532,,,1,,,,,7566.3
coast,1790337537,,,1,,,,,7566.3
coast,1790337542,,,1,,,,,7566.3
coast,1790337547,,,1,,,,,7566.3
coast,1790337552,,,1,,,,,7566.3
coast,1790337557,,,1,,,,,7566.3
coast,1790337562,,,1,,,,,7566.3
coast,1790337567,,,1,,,,,7566.3
coast,1790337572,,,1,,,,,7566.3
coast,1790337577,,,1,,,,,7566.3
coast,1790337582,,,1,,,,,7566.3
coast,1790337587,,,1,,,,,7566.3
coast,1790337592,,,1,,,,,7566.3
coast,1790337597,,,1,,,,,7566.3
coast,1790337602,,,1,,,,,7566.3
coast,1790337607,,,1,,,,,7566.3
coast,1790337612,,,1,,,,,7566.3
coast,1790337617,,,1,,,,,7566.3
coast,1790337622,,,1,,,,,7566.3
coast,1790337627,,,1,,,,,7566.3
coast,1790337632,,,1,,,,,7566.3
coast,1790337637,,,1,,,,,7566.3
coast,1790337642,,,1,,,,,7566.3
coast,1790337647,,,1,,,,,7566.3
coast,1790337652,,,1,,,,,7566.3
coast,1790337657,,,1,,,,,7566.3
coast,1790337662,,,1,,,,,7566.3
coast,1790337667,,,1,,,,,7566.3
coast,1790337672,,,1,,,,,7566.3
coast,1790337677,,,1,,,,,7566.3
coast,1790337682,,,1,,,,,7566.3
coast,1790337687,,,1,,,,,7566.3
coast,1790337692,,,1,,,,,7566.3
coast,1790337697,,,1,,,,,7566.3
coast,1790337702,,,1,,,,,7566.3
coast,1790337707,,,1,,,,,7566.3
coast,1790337712,,,1,,,,,7566.3
coast,1790337717,,,1,,,,,7566.3
coast,1790337722,,,1,,,,,7566.3
coast,1790337727,,,1,,,,,7566.3
coast,1790337732,,,1,,,,,7566.3
coast,1790337737,,,1,,,,,7566.3
coast,1790337742,,,1,,,,,7566.3
coast,1790337747,,,1,,,,,7566.3
coast,1790337752,,,1,,,,,7566.3
coast,1790337757,,,1,,,,,7566.3
coast,1790337762,,,1,,,,,7566.3
coast,1790337767,,,1,,,,,7566.3
coast,1790337772,,,1,,,,,7566.3
coast,1790337777,,,1,,,,,7566.3
coast,1790337782,,,1,,,,,7566.3
coast,1790337787,,,1,,,,,7566.3
coast,1790337792,,,1,,,,,7566.3
coast,1790337797,,,1,,,,,7566.3
coast,1790337802,,,1,,,,,7566.3
coast,1790337807,,,1,,,,,7566.3
coast,1790337812,,,1,,,,,7566.3
coast,1790337817,,,1,,,,,7566.3
coast,1790337822,,,1,,,,,7566.3
coast,1790337827,,,1,,,,,7566.3
coast,1790337832,,,1,,,,,7566.3
coast,1790337837,,,1,,,,,7566.3
coast,1790337842,,,1,,,,,7566.3
coast,1790337847,,,1,,,,,7566.3
coast,1790337852,,,1,,,,,7566.3
coast,1790337857,,,1,,,,,7566.3
coast,1790337862,,,1,,,,,7566.3
coast,1790337867,,,1,,,,,7566.3
coast,1790337872,,,1,,,,,7566.3
coast,1790337877,,,1,,,,,7566.3
coast,1790337882,,,1,,,,,7566.3
coast,1790337887,,,1,,,,,7566.3
coast,1790337892,,,1,,,,,7566.3
coast,1790337897,,,1,,,,,7566.3
coast,1790337902,,,1,,,,,7566.3
coast,1790337907,,,1,,,,,7566.3
coast,1790337912,,,1,,,,,7566.3
coast,1790337917,,,1,,,,,7566.3
coast,1790337922,,,1,,,,,7566.3
coast,1790337927,,,1,,,,,7566.3
coast,1790337932,,,1,,,,,7566.3
coast,1790337937,,,1,,,,,7566.3
coast,1790337942,,,1,,,,,7566.3
coast,1790337947,,,1,,,,,7566.3
coast,1790337952,,,1,,,,,7566.3
coast,1790337957,,,1,,,,,7566.3
coast,1790337962,,,1,,,,,7566.3
coast,1790337967,,,1,,,,,7566.3
coast,1790337972,,,1,,,,,7566.3
coast,1790337977,,,1,,,,,7566.3
coast,1790337982,,,1,,,,,7566.3
coast,1790337987,,,1,,,,,7566.3
coast,1790337992,,,1,,,,,7566.3
coast,1790337997,,,1,,,,,7566.3
coast,1790338002,,,1,,,,,7566.3
coast,1790338007,,,1,,,,,7566.3
coast,1790338012,,,1,,,,,7566.3
coast,1790338017,,,1,,,,,7566.3
coast,1790338022,,,1,,,,,7566.3
coast,1790338027,,,1,,,,,7566.3
coast,1790338032,,,1,,,,,7566.3
coast,1790338037,,,1,,,,,7566.3
coast,1790338042,,,1,,,,,7566.3
coast,1790338047,,,1,,,,,7566.3
coast,1790338052,,,1,,,,,7566.3
coast,1790338057,,,1,,,,,7566.3
coast,1790338062,,,1,,,,,7566.3
coast,1790338067,,,1,,,,,7566.3
coast,1790338072,,,1,,,,,7566.3
coast,1790338077,,,1,,,,,7566.3
coast,1790338082,,,1,,,,,7566.3
coast,1790338087,,,1,,,,,7566.3
coast,1790338092,,,1,,,,,7566.3
coast,1790338097,,,1,,,,,7566.3
coast,1790338102,,,1,,,,,7566.3
coast,1790338107,,,1,,,,,7566.3
coast,1790338112,,,1,,,,,7566.3
coast,1790338117,,,1,,,,,7566.3
coast,1790338122,,,1,,,,,7566.3
coast,1790338127,,,1,,,,,7566.3
coast,1790338132,,,1,,,,,7566.3
coast,1790338137,,,1,,,,,7566.3
coast,1790338142,,,1,,,,,7566.3
coast,1790338147,,,1,,,,,7566.3
coast,1790338152,,,1,,,,,7566.3
coast,1790338157,,,1,,,,,7566.3
coast,1790338162,,,1,,,,,7566.3
coast,1790338167,,,1,,,,,7566.3
coast,1790338172,,,1,,,,,7566.3
coast,1790338177,,,1,,,,,7566.3
coast,1790338182,,,1,,,,,7566.3
coast,1790338187,,,1,,,,,7566.3
coast,1790338192,,,1,,,,,7566.3
coast,1790338197,,,1,,,,,7566.3
coast,1790338202,,,1,,,,,7566.3
coast,1790338207,,,1,,,,,7566.3
coast,1790338212,,,1,,,,,7566.3
coast,1790338217,,,1,,,,,7566.3
coast,1790338222,,,1,,,,,7566.3
coast,1790338227,,,1,,,,,7566.3
coast,1790338232,,,1,,,,,7566.3
coast,1790338237,,,1,,,,,7566.3
coast,1790338242,,,1,,,,,7566.3
coast,1790338247,,,1,,,,,7566.3
coast,1790338252,,,1,,,,,7566.3
coast,1790338257,,,1,,,,,7566.3
coast,1790338262,,,1,,,,,7566.3
coast,1790338267,,,1,,,,,7566.3
coast,1790338272,,,1,,,,,7566.3
coast,1790338277,,,1,,,,,7566.3
coast,1790338282,,,1,,,,,7566.3
coast,1790338287,,,1,,,,,7566.3
coast,1790338292,,,1,,,,,7566.3
coast,1790338297,,,1,,,,,7566.3
coast,1790338302,,,1,,,,,7566.3
coast,1790338307,,,1,,,,,7566.3
coast,1790338312,,,1,,,,,7566.3
coast,1790338317,,,1,,,,,7566.3
coast,1790338322,,,1,,,,,7566.3
coast,1790338327,,,1,,,,,7566.3
coast,1790338332,,,1,,,,,7566.3
coast,1790338337,,,1,,,,,7566.3
coast,1790338342,,,1,,,,,7566.3
coast,1790338347,,,1,,,,,7566.3
coast,1790338352,,,1,,,,,7566.3
coast,1790338357,,,1,,,,,7566.3
coast,1790338362,,,1,,,,,7566.3
coast,1790338367,,,1,,,,,7566.3
coast,1790338372,,,1,,,,,7566.3
coast,1790338377,,,1,,,,,7566.3
coast,1790338382,,,1,,,,,7566.3
coast,1790338387,,,1,,,,,7566.3
coast,1790338392,,,1,,,,,7566.3
coast,1790338397,,,1,,,,,7566.3
coast,1790338402,,,1,,,,,7566.3
coast,1790338407,,,1,,,,,7566.3
coast,1790338412,,,1,,,,,7566.3
coast,1790338417,,,1,,,,,7566.3
coast,1790338422,,,1,,,,,7566.3
coast,1790338427,,,1,,,,,7566.3
coast,1790338432,,,1,,,,,7566.3
coast,1790338437,,,1,,,,,7566.3
coast,1790338442,,,1,,,,,7566.3
coast,1790338447,,,1,,,,,7566.3
coast,1790338452,,,1,,,,,7566.3
coast,1790338457,,,1,,,,,7566.3
coast,1790338462,,,1,,,,,7566.3
coast,1790338467,,,1,,,,,7566.3
coast,1790338472,,,1,,,,,7566.3
coast,1790338477,,,1,,,,,7566.3
coast,1790338482,,,1,,,,,7566.3
coast,1790338487,,,1,,,,,7566.3
coast,1790338492,,,1,,,,,7566.3
coast,1790338497,,,1,,,,,7566.3
coast,1790338502,,,1,,,,,7566.3
coast,1790338507,,,1,,,,,7566.3
coast,1790338512,,,1,,,,,7566.3
coast,1790338517,,,1,,,,,7566.3
coast,1790338522,,,1,,,,,7566.3
coast,1790338527,,,1,,,,,7566.3
coast,1790338532,,,1,,,,,7566.3
coast,1790338537,,,1,,,,,7566.3
coast,1790338542,,,1,,,,,7566.3
coast,1790338547,,,1,,,,,7566.3
coast,1790338552,,,1,,,,,7566.3
coast,1790338557,,,1,,,,,7566.3
coast,1790338562,,,1,,,,,7566.3
coast,1790338567,,,1,,,,,7566.3
coast,1790338572,,,1,,,,,7566.3
coast,1790338577,,,1,,,,,7566.3
coast,1790338582,,,1,,,,,7566.3
coast,1790338587,,,1,,,,,7566.3
coast,1790338592,,,1,,,,,7566.3
coast,1790338597,,,1,,,,,7566.3
coast,1790338602,,,1,,,,,7566.3
coast,1790338607,,,1,,,,,7566.3
coast,1790338612,,,1,,,,,7566.3
coast,1790338617,,,1,,,,,7566.3
coast,1790338622,,,1,,,,,7566.3
coast,1790338627,,,1,,,,,7566.3
coast,1790338632,,,1,,,,,7566.3
coast,1790338637,,,1,,,,,7566.3
coast,1790338642,,,1,,,,,7566.3
coast,1790338647,,,1,,,,,7566.3
coast,1790338652,,,1,,,,,7566.3
coast,1790338657,,,1,,,,,7566.3
coast,1790338662,,,1,,,,,7566.3
coast,1790338667,,,1,,,,,7566.3
coast,1790338672,,,1,,,,,7566.3
coast,1790338677,,,1,,,,,7566.3
coast,1790338682,,,1,,,,,7566.3
coast,1790338687,,,1,,,,,7566.3
coast,1790338692,,,1,,,,,7566.3
coast,1790338697,,,1,,,,,7566.3
coast,1790338702,,,1,,,,,7566.3
coast,1790338707,,,1,,,,,7566.3
coast,1790338712,,,1,,,,,7566.3
coast,1790338717,,,1,,,,,7566.3
coast,1790338722,,,1,,,,,7566.3
coast,1790338727,,,1,,,,,7566.3
coast,1790338732,,,1,,,,,7566.3
coast,1790338737,,,1,,,,,7566.3
coast,1790338742,,,1,,,,,7566.3
coast,1790338747,,,1,,,,,7566.3
coast,1790338752,,,1,,,,,7566.3
coast,1790338757,,,1,,,,,7566.3
coast,1790338762,,,1,,,,,7566.3
coast,1790338767,,,1,,,,,7566.3
coast,1790338772,,,1,,,,,7566.3
coast,1790338777,,,1,,,,,7566.3
coast,1790338782,,,1,,,,,7566.3
coast,1790338787,,,1,,,,,7566.3
coast,1790338792,,,1,,,,,7566.3
coast,1790338797,,,1,,,,,7566.3
coast,1790338802,,,1,,,,,7566.3
coast,1790338807,,,1,,,,,7566.3
coast,1790338812,,,1,,,,,7566.3
coast,1790338817,,,1,,,,,7566.3
coast,1790338822,,,1,,,,,7566.3
coast,1790338827,,,1,,,,,7566.3
coast,1790338832,,,1,,,,,7566.3
coast,1790338837,,,1,,,,,7566.3
coast,1790338842,,,1,,,,,7566.3
coast,1790338847,,,1,,,,,7566.3
coast,1790338852,,,1,,,,,7566.3
coast,1790338857,,,1,,,,,7566.3
coast,1790338862,,,1,,,,,7566.3
coast,1790338867,,,1,,,,,7566.3
coast,1790338872,,,1,,,,,7566.3
coast,1790338877,,,1,,,,,7566.3
coast,1790338882,,,1,,,,,7566.3
coast,1790338887,,,1,,,,,7566.3
coast,1790338892,,,1,,,,,7566.3
coast,1790338897,,,1,,,,,7566.3
coast,1790338902,,,1,,,,,7566.3
coast,1790338907,,,1,,,,,7566.3
coast,1790338912,,,1,,,,,7566.3
coast,1790338917,,,1,,,,,7566.3
coast,1790338922,,,1,,,,,7566.3
coast,1790338927,,,1,,,,,7566.3
coast,1790338932,,,1,,,,,7566.3
coast,1790338937,,,1,,,,,7566.3
coast,1790338942,,,1,,,,,7566.3
coast,1790338947,,,1,,,,,7566.3
coast,1790338952,,,1,,,,,7566.3
coast,1790338957,,,1,,,,,7566.3
coast,1790338962,,,1,,,,,7566.3
coast,1790338967,,,1,,,,,7566.3
coast,1790338972,,,1,,,,,7566.3
coast,1790338977,,,1,,,,,7566.3
coast,1790338982,,,1,,,,,7566.3
coast,1790338987,,,1,,,,,7566.3
coast,1790338992,,,1,,,,,7566.3
coast,1790338997,,,1,,,,,7566.3
coast,1790339002,,,1,,,,,7566.3
coast,1790339007,,,1,,,,,7566.3
coast,1790339012,,,1,,,,,7566.3
coast,1790339017,,,1,,,,,7566.3
coast,1790339022,,,1,,,,,7566.3
coast,1790339027,,,1,,,,,7566.3
coast,1790339032,,,1,,,,,7566.3
coast,1790339037,,,1,,,,,7566.3
coast,1790339042,,,1,,,,,7566.3
coast,1790339047,,,1,,,,,7566.3
coast,1790339052,,,1,,,,,7566.3
coast,1790339057,,,1,,,,,7566.3
coast,1790339062,,,1,,,,,7566.3
coast,1790339067,,,1,,,,,7566.3
coast,1790339072,,,1,,,,,7566.3
coast,1790339077,,,1,,,,,7566.3
coast,1790339082,,,1,,,,,7566.3
coast,1790339087,,,1,,,,,7566.3
coast,1790339092,,,1,,,,,7566.3
coast,1790339097,,,1,,,,,7566.3
coast,1790339102,,,1,,,,,7566.3
coast,1790339107,,,1,,,,,7566.3
coast,1790339112,,,1,,,,,7566.3
coast,1790339117,,,1,,,,,7566.3
coast,1790339122,,,1,,,,,7566.3
coast,1790339127,,,1,,,,,7566.3
coast,1790339132,,,1,,,,,7566.3
coast,1790339137,,,1,,,,,7566.3
coast,1790339142,,,1,,,,,7566.3
coast,1790339147,,,1,,,,,7566.3
coast,1790339152,,,1,,,,,7566.3
coast,1790339157,,,1,,,,,7566.3
coast,1790339162,,,1,,,,,7566.3
coast,1790339167,,,1,,,,,7566.3
coast,1790339172,,,1,,,,,7566.3
coast,1790339177,,,1,,,,,7566.3
coast,1790339182,,,1,,,,,7566.3
coast,1790339187,,,1,,,,,7566.3
coast,1790339192,,,1,,,,,7566.3
coast,1790339197,,,1,,,,,7566.3
coast,1790339202,,,1,,,,,7566.3
coast,1790339207,,,1,,,,,7566.3
coast,1790339212,,,1,,,,,7566.3
coast,1790339217,,,1,,,,,7566.3
coast,1790339222,,,1,,,,,7566.3
coast,1790339227,,,1,,,,,7566.3
coast,1790339232,,,1,,,,,7566.3
coast,1790339237,,,1,,,,,7566.3
coast,1790339242,,,1,,,,,7566.3
coast,1790339247,,,1,,,,,7566.3
coast,1790339252,,,1,,,,,7566.3
coast,1790339257,,,1,,,,,7566.3
coast,1790339262,,,1,,,,,7566.3
coast,1790339267,,,1,,,,,7566.3
coast,1790339272,,,1,,,,,7566.3
coast,1790339277,,,1,,,,,7566.3
coast,1790339282,,,1,,,,,7566.3
coast,1790339287,,,1,,,,,7566.3
coast,1790339292,,,1,,,,,7566.3
coast,1790339297,,,1,,,,,7566.3
coast,1790339302,,,1,,,,,7566.3
coast,1790339307,,,1,,,,,7566.3
coast,1790339312,,,1,,,,,7566.3
coast,1790339317,,,1,,,,,7566.3
coast,1790339322,,,1,,,,,7566.3
coast,1790339327,,,1,,,,,7566.3
coast,1790339332,,,1,,,,,7566.3
coast,1790339337,,,1,,,,,7566.3
coast,1790339342,,,1,,,,,7566.3
coast,1790339347,,,1,,,,,7566.3
coast,1790339352,,,1,,,,,7566.3
coast,1790339357,,,1,,,,,7566.3
coast,1790339362,,,1,,,,,7566.3
coast,1790339367,,,1,,,,,7566.3
coast,1790339372,,,1,,,,,7566.3
coast,1790339377,,,1,,,,,7566.3
coast,1790339382,,,1,,,,,7566.3
coast,1790339387,,,1,,,,,7566.3
coast,1790339392,,,1,,,,,7566.3
coast,1790339397,,,1,,,,,7566.3
coast,1790339402,,,1,,,,,7566.3
coast,1790339407,,,1,,,,,7566.3
coast,1790339412,,,1,,,,,7566.3
coast,1790339417,,,1,,,,,7566.3
coast,1790339422,,,1,,,,,7566.3
coast,1790339427,,,1,,,,,7566.3
coast,1790339432,,,1,,,,,7566.3
coast,1790339437,,,1,,,,,7566.3
coast,1790339442,,,1,,,,,7566.3
coast,1790339447,,,1,,,,,7566.3
coast,1790339452,,,1,,,,,7566.3
coast,1790339457,,,1,,,,,7566.3
coast,1790339462,,,1,,,,,7566.3
coast,1790339467,,,1,,,,,7566.3
coast,1790339472,,,1,,,,,7566.3
coast,1790339477,,,1,,,,,7566.3
coast,1790339482,,,1,,,,,7566.3
coast,1790339487,,,1,,,,,7566.3
coast,1790339492,,,1,,,,,7566.3
coast,1790339497,,,1,,,,,7566.3
coast,1790339502,,,1,,,,,7566.3
coast,1790339507,,,1,,,,,7566.3
coast,1790339512,,,1,,,,,7566.3
coast,1790339517,,,1,,,,,7566.3
coast,1790339522,,,1,,,,,7566.3
coast,1790339527,,,1,,,,,7566.3
coast,1790339532,,,1,,,,,7566.3
coast,1790339537,,,1,,,,,7566.3
coast,1790339542,,,1,,,,,7566.3
coast,1790339547,,,1,,,,,7566.3
coast,1790339552,,,1,,,,,7566.3
coast,1790339557,,,1,,,,,7566.3
coast,1790339562,,,1,,,,,7566.3
coast,1790339567,,,1,,,,,7566.3
coast,1790339572,,,1,,,,,7566.3
coast,1790339577,,,1,,,,,7566.3
coast,1790339582,,,1,,,,,7566.3
coast,1790339587,,,1,,,,,7566.3
coast,1790339592,,,1,,,,,7566.3
coast,1790339597,,,1,,,,,7566.3
coast,1790339602,,,1,,,,,7566.3
coast,1790339607,,,1,,,,,7566.3
coast,1790339612,,,1,,,,,7566.3
coast,1790339617,,,1,,,,,7566.3
coast,1790339622,,,1,,,,,7566.3
coast,1790339627,,,1,,,,,7566.3
coast,1790339632,,,1,,,,,7566.3
coast,1790339637,,,1,,,,,7566.3
coast,1790339642,,,1,,,,,7566.3
coast,1790339647,,,1,,,,,7566.3
coast,1790339652,,,1,,,,,7566.3
coast,1790339657,,,1,,,,,7566.3
coast,1790339662,,,1,,,,,7566.3
coast,1790339667,,,1,,,,,7566.3
coast,1790339672,,,1,,,,,7566.3
coast,1790339677,,,1,,,,,7566.3
coast,1790339682,,,1,,,,,7566.3
coast,1790339687,,,1,,,,,7566.3
coast,1790339692,,,1,,,,,7566.3
fix,1790339695,6739.4,6087.9,0,,,,,
fix,1790339854,0.0,45.0,1,0.0,0.00,9.7,accepted,0.0
coast,1790339859,,,1,,,,,0.0
coast,1790339864,,,1,,,,,0.0
coast,1790339869,,,1,,,,,0.0
coast,1790339874,,,1,,,,,0.0
coast,1790339879,,,1,,,,,0.0
coast,1790339884,,,1,,,,,0.0
coast,1790339889,,,1,,,,,0.0
coast,1790339894,,,1,,,,,0.0
coast,1790339899,,,1,,,,,0.0
coast,1790339904,,,1,,,,,0.0
coast,1790339909,,,1,,,,,0.0
coast,1790339914,,,1,,,,,0.0
coast,1790339919,,,1,,,,,0.0
coast,1790339924,,,1,,,,,0.0
coast,1790339929,,,1,,,,,0.0
coast,1790339934,,,1,,,,,0.0
coast,1790339939,,,1,,,,,0.0
coast,1790339944,,,1,,,,,0.0
coast,1790339949,,,1,,,,,0.0
coast,1790339954,,,1,,,,,0.0
coast,1790339959,,,1,,,,,0.0
coast,1790339964,,,1,,,,,0.0
coast,1790339969,,,1,,,,,0.0
coast,1790339974,,,1,,,,,0.0
coast,1790339979,,,1,,,,,0.0
coast,1790339984,,,1,,,,,0.0
coast,1790339989,,,1,,,,,0.0
coast,1790339994,,,1,,,,,0.0
coast,1790339999,,,1,,,,,0.0
coast,1790340004,,,1,,,,,0.0
coast,1790340009,,,1,,,,,0.0
coast,1790340014,,,1,,,,,0.0
coast,1790340019,,,1,,,,,0.0
coast,1790340024,,,1,,,,,0.0
coast,1790340029,,,1,,,,,0.0
coast,1790340034,,,1,,,,,0.0
coast,1790340039,,,1,,,,,0.0
coast,1790340044,,,1,,,,,0.0
coast,1790340049,,,1,,,,,0.0
coast,1790340054,,,1,,,,,0.0
coast,1790340059,,,1,,,,,0.0
coast,1790340064,,,1,,,,,0.0
coast,1790340069,,,1,,,,,0.0
coast,1790340074,,,1,,,,,0.0
coast,1790340079,,,1,,,,,0.0
coast,1790340084,,,1,,,,,0.0
coast,1790340089,,,1,,,,,0.0
coast,1790340094,,,1,,,,,0.0
coast,1790340099,,,1,,,,,0.0
coast,1790340104,,,1,,,,,0.0
coast,1790340109,,,1,,,,,0.0
coast,1790340114,,,1,,,,,0.0
coast,1790340119,,,1,,,,,0.0
coast,1790340124,,,1,,,,,0.0
coast,1790340129,,,1,,,,,0.0
coast,1790340134,,,1,,,,,0.0
coast,1790340139,,,1,,,,,0.0
coast,1790340144,,,1,,,,,0.0
coast,1790340149,,,1,,,,,0.0
coast,1790340154,,,1,,,,,0.0
coast,1790340159,,,1,,,,,0.0
coast,1790340164,,,1,,,,,0.0
coast,1790340169,,,1,,,,,0.0
coast,1790340174,,,1,,,,,0.0
coast,1790340179,,,1,,,,,0.0
coast,1790340184,,,1,,,,,0.0
coast,1790340189,,,1,,,,,0.0
coast,1790340194,,,1,,,,,0.0
coast,1790340199,,,1,,,,,0.0
coast,1790340204,,,1,,,,,0.0
coast,1790340209,,,1,,,,,0.0
coast,1790340214,,,1,,,,,0.0
coast,1790340219,,,1,,,,,0.0
coast,1790340224,,,1,,,,,0.0
coast,1790340229,,,1,,,,,0.0
coast,1790340234,,,1,,,,,0.0
coast,1790340239,,,1,,,,,0.0
coast,1790340244,,,1,,,,,0.0
coast,1790340249,,,1,,,,,0.0
coast,1790340254,,,1,,,,,0.0
coast,1790340259,,,1,,,,,0.0
coast,1790340264,,,1,,,,,0.0
coast,1790340269,,,1,,,,,0.0
coast,1790340274,,,1,,,,,0.0
coast,1790340279,,,1,,,,,0.0
coast,1790340284,,,1,,,,,0.0
coast,1790340289,,,1,,,,,0.0
coast,1790340294,,,1,,,,,0.0
coast,1790340299,,,1,,,,,0.0
coast,1790340304,,,1,,,,,0.0
coast,1790340309,,,1,,,,,0.0
coast,1790340314,,,1,,,,,0.0
coast,1790340319,,,1,,,,,0.0
coast,1790340324,,,1,,,,,0.0
coast,1790340329,,,1,,,,,0.0
coast,1790340334,,,1,,,,,0.0
coast,1790340339,,,1,,,,,0.0
coast,1790340344,,,1,,,,,0.0
coast,1790340349,,,1,,,,,0.0
coast,1790340354,,,1,,,,,0.0
coast,1790340359,,,1,,,,,0.0
coast,1790340364,,,1,,,,,0.0
coast,1790340369,,,1,,,,,0.0
coast,1790340374,,,1,,,,,0.0
coast,1790340379,,,1,,,,,0.0
coast,1790340384,,,1,,,,,0.0
coast,1790340389,,,1,,,,,0.0
coast,1790340394,,,1,,,,,0.0
coast,1790340399,,,1,,,,,0.0
coast,1790340404,,,1,,,,,0.0
coast,1790340409,,,1,,,,,0.0
coast,1790340414,,,1,,,,,0.0
coast,1790340419,,,1,,,,,0.0
coast,1790340424,,,1,,,,,0.0
coast,1790340429,,,1,,,,,0.0
coast,1790340434,,,1,,,,,0.0
coast,1790340439,,,1,,,,,0.0
coast,1790340444,,,1,,,,,0.0
coast,1790340449,,,1,,,,,0.0
coast,1790340454,,,1,,,,,0.0
coast,1790340459,,,1,,,,,0.0
coast,1790340464,,,1,,,,,0.0
coast,1790340469,,,1,,,,,0.0
coast,1790340474,,,1,,,,,0.0
coast,1790340479,,,1,,,,,0.0
coast,1790340484,,,1,,,,,0.0
coast,1790340489,,,1,,,,,0.0
coast,1790340494,,,1,,,,,0.0
coast,1790340499,,,1,,,,,0.0
coast,1790340504,,,1,,,,,0.0
coast,1790340509,,,1,,,,,0.0
fix,1790340512,0.0,17.4,1,0.0,0.00,10.2,accepted,0.0
coast,1790340517,,,1,,,,,0.0
coast,1790340522,,,1,,,,,0.0
fix,1790340527,2.4,2.3,1,2.4,0.16,10.2,accepted,2.4
coast,1790340532,,,1,,,,,3.1
coast,1790340537,,,1,,,,,3.5
coast,1790340542,,,1,,,,,3.8
coast,1790340547,,,1,,,,,4.0
coast,1790340552,,,1,,,,,4.1
coast,1790340557,,,1,,,,,4.2
coast,1790340562,,,1,,,,,4.2
coast,1790340567,,,1,,,,,4.3
coast,1790340572,,,1,,,,,4.3
coast,1790340577,,,1,,,,,4.3
coast,1790340582,,,1,,,,,4.3
coast,1790340587,,,1,,,,,4.3
coast,1790340592,,,1,,,,,4.3
coast,1790340597,,,1,,,,,4.3
coast,1790340602,,,1,,,,,4.3
coast,1790340607,,,1,,,,,4.3
coast,1790340612,,,1,,,,,4.3
fix,1790340613,133.4,13.1,1,133.4,2.09,10.2,accepted,133.4
coast,1790340618,,,1,,,,,142.0
coast,1790340623,,,1,,,,,147.6
coast,1790340628,,,1,,,,,151.3
coast,1790340633,,,1,,,,,153.8
fix,1790340637,133.4,13.1,1,133.6,-0.25,10.2,accepted,133.6
coast,1790340642,,,1,,,,,132.6
coast,1790340647,,,1,,,,,131.9
coast,1790340652,,,1,,,,,131.4
coast,1790340657,,,1,,,,,131.1
coast,1790340662,,,1,,,,,130.9
coast,1790340667,,,1,,,,,130.8
coast,1790340672,,,1,,,,,130.7
fix,1790340677,305.5,3.9,1,305.2,5.70,10.2,accepted,305.2
coast,1790340682,,,1,,,,,328.5
coast,1790340687,,,1,,,,,343.9
coast,1790340692,,,1,,,,,354.0
coast,1790340697,,,1,,,,,360.7
coast,1790340702,,,1,,,,,365.1
coast,1790340707,,,1,,,,,368.0
coast,1790340712,,,1,,,,,369.9
coast,1790340717,,,1,,,,,371.2
fix,1790340719,376.0,6.0,1,376.2,0.60,10.2,accepted,376.2
coast,1790340724,,,1,,,,,378.7
coast,1790340729,,,1,,,,,380.3
coast,1790340734,,,1,,,,,381.4
coast,1790340739,,,1,,,,,382.1
coast,1790340744,,,1,,,,,382.6
coast,1790340749,,,1,,,,,382.9
coast,1790340754,,,1,,,,,383.1
coast,1790340759,,,1,,,,,383.2
coast,1790340764,,,1,,,,,383.3
coast,1790340769,,,1,,,,,383.4
coast,1790340774,,,1,,,,,383.4
coast,1790340779,,,1,,,,,383.4
coast,1790340784,,,1,,,,,383.4
coast,1790340789,,,1,,,,,383.5
coast,1790340794,,,1,,,,,383.5
coast,1790340799,,,1,,,,,383.5
coast,1790340804,,,1,,,,,383.5
fix,1790340809,484.2,3.0,1,484.2,1.41,10.2,accepted,484.2
coast,1790340814,,,1,,,,,489.9
coast,1790340819,,,1,,,,,493.7
coast,1790340824,,,1,,,,,496.2
coast,1790340829,,,1,,,,,497.9
coast,1790340834,,,1,,,,,499.0
coast,1790340839,,,1,,,,,499.7
coast,1790340844,,,1,,,,,500.2
coast,1790340849,,,1,,,,,500.5
coast,1790340854,,,1,,,,,500.7
coast,1790340859,,,1,,,,,500.8
fix,1790340860,638.2,8.5,1,638.1,3.35,10.2,accepted,638.1
coast,1790340865,,,1,,,,,651.8
coast,1790340870,,,1,,,,,660.8
coast,1790340875,,,1,,,,,666.8
coast,1790340880,,,1,,,,,670.7
coast,1790340885,,,1,,,,,673.3
coast,1790340890,,,1,,,,,675.0
coast,1790340895,,,1,,,,,676.1
coast,1790340900,,,1,,,,,676.9
coast,1790340905,,,1,,,,,677.4
coast,1790340910,,,1,,,,,677.7
coast,1790340915,,,1,,,,,677.9
fix,1790340919,840.9,6.7,1,840.9,3.46,10.2,accepted,840.9
coast,1790340924,,,1,,,,,855.0
coast,1790340929,,,1,,,,,864.3
coast,1790340934,,,1,,,,,870.5
coast,1790340939,,,1,,,,,874.6
coast,1790340944,,,1,,,,,877.2
coast,1790340949,,,1,,,,,879.0
coast,1790340954,,,1,,,,,880.2
fix,1790340957,873.8,0.9,1,873.9,0.32,10.2,accepted,873.9
coast,1790340962,,,1,,,,,875.2
coast,1790340967,,,1,,,,,876.1
coast,1790340972,,,1,,,,,876.6
coast,1790340977,,,1,,,,,877.0
coast,1790340982,,,1,,,,,877.3
coast,1790340987,,,1,,,,,877.4
coast,1790340992,,,1,,,,,877.5
coast,1790340997,,,1,,,,,877.6
coast,1790341002,,,1,,,,,877.6
coast,1790341007,,,1,,,,,877.7
coast,1790341012,,,1,,,,,877.7
coast,1790341017,,,1,,,,,877.7
coast,1790341022,,,1,,,,,877.7
fix,1790341024,904.8,0.0,1,904.8,0.51,10.2,accepted,904.8
coast,1790341029,,,1,,,,,906.8
coast,1790341034,,,1,,,,,908.2
coast,1790341039,,,1,,,,,909.1
coast,1790341044,,,1,,,,,909.7
coast,1790341049,,,1,,,,,910.1
coast,1790341054,,,1,,,,,910.4
coast,1790341059,,,1,,,,,910.5
coast,1790341064,,,1,,,,,910.6
coast,1790341069,,,1,,,,,910.7
coast,1790341074,,,1,,,,,910.8
coast,1790341079,,,1,,,,,910.8
fix,1790341080,1013.4,0.0,1,1013.3,2.29,10.2,accepted,1013.3
coast,1790341085,,,1,,,,,1022.7
coast,1790341090,,,1,,,,,1028.9
coast,1790341095,,,1,,,,,1033.0
coast,1790341100,,,1,,,,,1035.7
coast,1790341105,,,1,,,,,1037.4
coast,1790341110,,,1,,,,,1038.6
coast,1790341115,,,1,,,,,1039.4
coast,1790341120,,,1,,,,,1039.9
coast,1790341125,,,1,,,,,1040.2
coast,1790341130,,,1,,,,,1040.4
coast,1790341135,,,1,,,,,1040.6
coast,1790341140,,,1,,,,,1040.7
coast,1790341145,,,1,,,,,1040.7
coast,1790341150,,,1,,,,,1040.8
coast,1790341155,,,1,,,,,1040.8
coast,1790341160,,,1,,,,,1040.8
coast,1790341165,,,1,,,,,1040.8
fix,1790341170,1150.7,9.9,1,1150.7,1.28,10.2,accepted,1150.7
coast,1790341175,,,1,,,,,1155.9
coast,1790341180,,,1,,,,,1159.4
coast,1790341185,,,1,,,,,1161.7
coast,1790341190,,,1,,,,,1163.2
coast,1790341195,,,1,,,,,1164.2
coast,1790341200,,,1,,,,,1164.8
coast,1790341205,,,1,,,,,1165.2
fix,1790341208,1164.4,2.5,1,1164.4,0.21,10.2,accepted,1164.4
coast,1790341213,,,1,,,,,1165.3
coast,1790341218,,,1,,,,,1165.8
fix,1790341222,1179.0,4.1,1,1178.8,1.12,10.2,accepted,1178.8
coast,1790341227,,,1,,,,,1183.4
coast,1790341232,,,1,,,,,1186.4
coast,1790341237,,,1,,,,,1188.4
fix,1790341238,1313.0,12.7,1,1310.9,9.68,10.2,accepted,1310.9
coast,1790341243,,,1,,,,,1350.5
coast,1790341248,,,1,,,,,1376.5
coast,1790341253,,,1,,,,,1393.7
coast,1790341258,,,1,,,,,1405.1
coast,1790341263,,,1,,,,,1412.6
coast,1790341268,,,1,,,,,1417.5
coast,1790341273,,,1,,,,,1420.7
coast,1790341278,,,1,,,,,1422.9
fix,1790341283,1339.2,2.1,1,1339.7,-2.60,10.2,accepted,1339.7
coast,1790341288,,,1,,,,,1329.1
coast,1790341293,,,1,,,,,1322.0
coast,1790341298,,,1,,,,,1317.4
coast,1790341303,,,1,,,,,1314.4
coast,1790341308,,,1,,,,,1312.4
coast,1790341313,,,1,,,,,1311.0
coast,1790341318,,,1,,,,,1310.2
coast,1790341323,,,1,,,,,1309.6
coast,1790341328,,,1,,,,,1309.2
coast,1790341333,,,1,,,,,1309.0
coast,1790341338,,,1,,,,,1308.8
fix,1790341342,1425.9,3.6,1,1425.8,2.70,10.2,accepted,1425.8
coast,1790341347,,,1,,,,,1436.8
coast,1790341352,,,1,,,,,1444.1
coast,1790341357,,,1,,,,,1448.8
coast,1790341362,,,1,,,,,1452.0
coast,1790341367,,,1,,,,,1454.1
coast,1790341372,,,1,,,,,1455.5
coast,1790341377,,,1,,,,,1456.4
coast,1790341382,,,1,,,,,1457.0
coast,1790341387,,,1,,,,,1457.3
coast,1790341392,,,1,,,,,1457.6
coast,1790341397,,,1,,,,,1457.8
fix,1790341401,1566.0,8.2,1,1566.0,2.29,10.2,accepted,1566.0
coast,1790341406,,,1,,,,,1575.4
coast,1790341411,,,1,,,,,1581.6
fix,1790341415,1678.8,3.7,1,1677.9,8.50,10.2,accepted,1677.9
coast,1790341420,,,1,,,,,1712.6
coast,1790341425,,,1,,,,,1735.6
coast,1790341430,,,1,,,,,1750.7
coast,1790341435,,,1,,,,,1760.6
coast,1790341440,,,1,,,,,1767.2
coast,1790341445,,,1,,,,,1771.5
coast,1790341450,,,1,,,,,1774.4
coast,1790341455,,,1,,,,,1776.2
coast,1790341460,,,1,,,,,1777.5
coast,1790341465,,,1,,,,,1778.3
coast,1790341470,,,1,,,,,1778.8
fix,1790341474,1798.6,7.3,1,1798.8,-0.48,10.2,accepted,1798.8
coast,1790341479,,,1,,,,,1796.9
coast,1790341484,,,1,,,,,1795.6
coast,1790341489,,,1,,,,,1794.7
fix,1790341490,1813.2,2.1,1,1813.0,1.04,10.2,accepted,1813.0
coast,1790341495,,,1,,,,,1817.2
coast,1790341500,,,1,,,,,1820.0
coast,1790341505,,,1,,,,,1821.9
coast,1790341510,,,1,,,,,1823.1
fix,1790341514,1954.8,6.9,1,1954.0,7.18,10.2,accepted,1954.0
coast,1790341519,,,1,,,,,1983.4
coast,1790341524,,,1,,,,,2002.8
coast,1790341529,,,1,,,,,2015.5
coast,1790341534,,,1,,,,,2024.0
coast,1790341539,,,1,,,,,2029.5
fix,1790341541,2085.0,4.6,1,2085.2,4.25,10.2,accepted,2085.2
coast,1790341546,,,1,,,,,2102.6
coast,1790341551,,,1,,,,,2114.1
coast,1790341556,,,1,,,,,2121.6
coast,1790341561,,,1,,,,,2126.6
coast,1790341566,,,1,,,,,2129.9
coast,1790341571,,,1,,,,,2132.1
coast,1790341576,,,1,,,,,2133.5
coast,1790341581,,,1,,,,,2134.4
coast,1790341586,,,1,,,,,2135.0
coast,1790341591,,,1,,,,,2135.5
coast,1790341596,,,1,,,,,2135.7
coast,1790341601,,,1,,,,,2135.9
coast,1790341606,,,1,,,,,2136.0
coast,1790341611,,,1,,,,,2136.1
coast,1790341616,,,1,,,,,2136.1
coast,1790341621,,,1,,,,,2136.2
fix,1790341626,2211.6,2.0,1,2211.6,0.42,10.2,accepted,2211.6
coast,1790341631,,,1,,,,,2213.3
coast,1790341636,,,1,,,,,2214.5
coast,1790341641,,,1,,,,,2215.2
coast,1790341646,,,1,,,,,2215.7
fix,1790341649,2260.4,5.4,1,2260.3,2.32,10.2,accepted,2260.3
coast,1790341654,,,1,,,,,2269.8
coast,1790341659,,,1,,,,,2276.0
fix,1790341660,2399.0,1.7,1,2395.0,13.22,10.1,accepted,2395.0
coast,1790341665,,,1,,,,,2449.1
coast,1790341670,,,1,,,,,2484.7
coast,1790341675,,,1,,,,,2508.2
coast,1790341680,,,1,,,,,2523.7
coast,1790341685,,,1,,,,,2533.9
coast,1790341690,,,1,,,,,2540.6
coast,1790341695,,,1,,,,,2545.0
coast,1790341700,,,1,,,,,2548.0
coast,1790341705,,,1,,,,,2549.9
coast,1790341710,,,1,,,,,2551.2
coast,1790341715,,,1,,,,,2552.0
fix,1790341719,2551.4,2.2,1,2551.7,-1.57,10.2,accepted,2551.7
coast,1790341724,,,1,,,,,2545.3
coast,1790341729,,,1,,,,,2541.1
coast,1790341734,,,1,,,,,2538.3
coast,1790341739,,,1,,,,,2536.5
coast,1790341744,,,1,,,,,2535.3
coast,1790341749,,,1,,,,,2534.5
coast,1790341754,,,1,,,,,2534.0
coast,1790341759,,,1,,,,,2533.6
fix,1790341760,2593.3,0.8,1,2593.2,1.60,10.2,accepted,2593.2
coast,1790341765,,,1,,,,,2599.8
coast,1790341770,,,1,,,,,2604.1
fix,1790341771,2677.4,2.6,1,2675.7,7.94,10.1,accepted,2675.7
coast,1790341776,,,1,,,,,2708.2
coast,1790341781,,,1,,,,,2729.6
coast,1790341786,,,1,,,,,2743.7
coast,1790341791,,,1,,,,,2753.0
coast,1790341796,,,1,,,,,2759.1
coast,1790341801,,,1,,,,,2763.2
coast,1790341806,,,1,,,,,2765.9
coast,1790341811,,,1,,,,,2767.6
fix,1790341812,2707.4,1.0,1,2707.9,-1.81,10.2,accepted,2707.9
coast,1790341817,,,1,,,,,2700.6
coast,1790341822,,,1,,,,,2695.7
coast,1790341827,,,1,,,,,2692.5
coast,1790341832,,,1,,,,,2690.4
coast,1790341837,,,1,,,,,2689.0
coast,1790341842,,,1,,,,,2688.0
coast,1790341847,,,1,,,,,2687.4
fix,1790341850,2893.8,2.0,1,2893.4,6.61,10.2,accepted,2893.4
coast,1790341855,,,1,,,,,2920.4
coast,1790341860,,,1,,,,,2938.3
coast,1790341865,,,1,,,,,2950.0
coast,1790341870,,,1,,,,,2957.8
coast,1790341875,,,1,,,,,2962.9
coast,1790341880,,,1,,,,,2966.2
coast,1790341885,,,1,,,,,2968.4
coast,1790341890,,,1,,,,,2969.9
coast,1790341895,,,1,,,,,2970.9
coast,1790341900,,,1,,,,,2971.5
coast,1790341905,,,1,,,,,2971.9
fix,1790341908,2935.8,1.3,1,2936.0,-1.12,10.2,accepted,2936.0
coast,1790341913,,,1,,,,,2931.4
coast,1790341918,,,1,,,,,2928.4
coast,1790341923,,,1,,,,,2926.4
coast,1790341928,,,1,,,,,2925.1
coast,1790341933,,,1,,,,,2924.3
coast,1790341938,,,1,,,,,2923.7
coast,1790341943,,,1,,,,,2923.3
coast,1790341948,,,1,,,,,2923.1
fix,1790341952,3047.2,5.6,1,3047.1,3.38,10.2,accepted,3047.1
coast,1790341957,,,1,,,,,3060.9
coast,1790341962,,,1,,,,,3070.0
coast,1790341967,,,1,,,,,3076.0
coast,1790341972,,,1,,,,,3080.0
coast,1790341977,,,1,,,,,3082.6
coast,1790341982,,,1,,,,,3084.3
coast,1790341987,,,1,,,,,3085.4
coast,1790341992,,,1,,,,,3086.2
coast,1790341997,,,1,,,,,3086.7
coast,1790342002,,,1,,,,,3087.0
coast,1790342007,,,1,,,,,3087.2
fix,1790342011,3168.1,14.5,1,3168.1,1.65,10.2,accepted,3168.1
coast,1790342016,,,1,,,,,3174.9
coast,1790342021,,,1,,,,,3179.3
coast,1790342026,,,1,,,,,3182.3
coast,1790342031,,,1,,,,,3184.2
coast,1790342036,,,1,,,,,3185.5
coast,1790342041,,,1,,,,,3186.3
fix,1790342046,3350.5,1.5,1,3350.3,5.92,10.2,accepted,3350.3
coast,1790342051,,,1,,,,,3374.6
coast,1790342056,,,1,,,,,3390.5
coast,1790342061,,,1,,,,,3401.1
coast,1790342066,,,1,,,,,3408.0
coast,1790342071,,,1,,,,,3412.6
coast,1790342076,,,1,,,,,3415.6
fix,1790342081,3548.4,1.4,1,3548.4,5.59,10.2,accepted,3548.4
coast,1790342086,,,1,,,,,3571.2
coast,1790342091,,,1,,,,,3586.3
coast,1790342096,,,1,,,,,3596.2
coast,1790342101,,,1,,,,,3602.8
coast,1790342106,,,1,,,,,3607.1
coast,1790342111,,,1,,,,,3610.0
coast,1790342116,,,1,,,,,3611.8
coast,1790342121,,,1,,,,,3613.1
coast,1790342126,,,1,,,,,3613.9
coast,1790342131,,,1,,,,,3614.4
coast,1790342136,,,1,,,,,3614.8
fix,1790342140,3640.0,8.8,1,3640.1,0.24,10.2,accepted,3640.1
coast,1790342145,,,1,,,,,3641.1
coast,1790342150,,,1,,,,,3641.7
coast,1790342155,,,1,,,,,3642.1
coast,1790342160,,,1,,,,,3642.4
coast,1790342165,,,1,,,,,3642.6
coast,1790342170,,,1,,,,,3642.7
coast,1790342175,,,1,,,,,3642.8
fix,1790342176,3722.6,6.2,1,3722.5,2.71,10.2,accepted,3722.5
coast,1790342181,,,1,,,,,3733.6
coast,1790342186,,,1,,,,,3740.9
coast,1790342191,,,1,,,,,3745.7
coast,1790342196,,,1,,,,,3748.9
coast,1790342201,,,1,,,,,3751.0
coast,1790342206,,,1,,,,,3752.4
coast,1790342211,,,1,,,,,3753.3
coast,1790342216,,,1,,,,,3753.9
coast,1790342221,,,1,,,,,3754.3
fix,1790342225,3900.3,1.9,1,3900.2,3.90,10.2,accepted,3900.2
coast,1790342230,,,1,,,,,3916.2
coast,1790342235,,,1,,,,,3926.7
coast,1790342240,,,1,,,,,3933.6
coast,1790342245,,,1,,,,,3938.2
coast,1790342250,,,1,,,,,3941.2
coast,1790342255,,,1,,,,,3943.2
fix,1790342259,3966.4,59.6,1,3966.5,1.52,10.2,accepted,3966.5
coast,1790342264,,,1,,,,,3972.8
coast,1790342269,,,1,,,,,3976.9
coast,1790342274,,,1,,,,,3979.6
coast,1790342279,,,1,,,,,3981.4
coast,1790342284,,,1,,,,,3982.5
coast,1790342289,,,1,,,,,3983.3
coast,1790342294,,,1,,,,,3983.8
fix,1790342296,4097.0,3.8,1,4096.8,4.06,10.2,accepted,4096.8
coast,1790342301,,,1,,,,,4113.4
coast,1790342306,,,1,,,,,4124.4
coast,1790342311,,,1,,,,,4131.6
coast,1790342316,,,1,,,,,4136.3
coast,1790342321,,,1,,,,,4139.5
coast,1790342326,,,1,,,,,4141.5
coast,1790342331,,,1,,,,,4142.9
coast,1790342336,,,1,,,,,4143.8
fix,1790342341,4158.1,8.2,1,4158.2,0.59,10.2,accepted,4158.2
coast,1790342346,,,1,,,,,4160.7
coast,1790342351,,,1,,,,,4162.3
coast,1790342356,,,1,,,,,4163.3
coast,1790342361,,,1,,,,,4164.0
coast,1790342366,,,1,,,,,4164.5
fix,1790342370,4169.9,1.9,1,4169.9,0.36,10.2,accepted,4169.9
coast,1790342375,,,1,,,,,4171.4
coast,1790342380,,,1,,,,,4172.4
coast,1790342385,,,1,,,,,4173.0
coast,1790342390,,,1,,,,,4173.5
coast,1790342395,,,1,,,,,4173.8
coast,1790342400,,,1,,,,,4173.9
coast,1790342405,,,1,,,,,4174.1
coast,1790342410,,,1,,,,,4174.1
coast,1790342415,,,1,,,,,4174.2
coast,1790342420,,,1,,,,,4174.2
coast,1790342425,,,1,,,,,4174.3
fix,1790342430,4271.2,2.4,1,4271.1,2.14,10.2,accepted,4271.1
coast,1790342435,,,1,,,,,4279.9
coast,1790342440,,,1,,,,,4285.7
fix,1790342443,4333.1,3.9,1,4332.6,4.94,10.2,accepted,4332.6
coast,1790342448,,,1,,,,,4352.8
coast,1790342453,,,1,,,,,4366.1
coast,1790342458,,,1,,,,,4374.9
coast,1790342463,,,1,,,,,4380.6
fix,1790342465,4442.1,7.8,1,4442.1,4.99,10.2,accepted,4442.1
coast,1790342470,,,1,,,,,4462.5
coast,1790342475,,,1,,,,,4475.9
coast,1790342480,,,1,,,,,4484.8
coast,1790342485,,,1,,,,,4490.6
coast,1790342490,,,1,,,,,4494.5
coast,1790342495,,,1,,,,,4497.0
coast,1790342500,,,1,,,,,4498.7
coast,1790342505,,,1,,,,,4499.8
coast,1790342510,,,1,,,,,4500.5
coast,1790342515,,,1,,,,,4501.0
coast,1790342520,,,1,,,,,4501.3
fix,1790342524,4548.2,3.0,1,4548.3,0.63,10.2,accepted,4548.3
coast,1790342529,,,1,,,,,4550.9
fix,1790342532,4548.2,3.0,1,4548.4,0.00,10.0,accepted,4548.4
coast,1790342537,,,1,,,,,4548.4
coast,1790342542,,,1,,,,,4548.4
coast,1790342547,,,1,,,,,4548.4
coast,1790342552,,,1,,,,,4548.4
coast,1790342557,,,1,,,,,4548.4
coast,1790342562,,,1,,,,,4548.4
coast,1790342567,,,1,,,,,4548.4
coast,1790342572,,,1,,,,,4548.4
coast,1790342577,,,1,,,,,4548.4
coast,1790342582,,,1,,,,,4548.4
coast,1790342587,,,1,,,,,4548.4
fix,1790342591,4655.0,4.2,1,4654.9,2.53,10.2,accepted,4654.9
coast,1790342596,,,1,,,,,4665.3
coast,1790342601,,,1,,,,,4672.1
coast,1790342606,,,1,,,,,4676.6
fix,1790342610,4695.1,0.7,1,4695.1,2.06,10.2,accepted,4695.1
coast,1790342615,,,1,,,,,4703.6
coast,1790342620,,,1,,,,,4709.1
coast,1790342625,,,1,,,,,4712.8
coast,1790342630,,,1,,,,,4715.2
coast,1790342635,,,1,,,,,4716.8
coast,1790342640,,,1,,,,,4717.8
coast,1790342645,,,1,,,,,4718.5
coast,1790342650,,,1,,,,,4719.0
coast,1790342655,,,1,,,,,4719.3
coast,1790342660,,,1,,,,,4719.5
coast,1790342665,,,1,,,,,4719.6
fix,1790342670,4881.9,3.5,1,4881.9,3.51,10.2,accepted,4881.9
coast,1790342675,,,1,,,,,4896.2
coast,1790342680,,,1,,,,,4905.7
coast,1790342685,,,1,,,,,4911.9
coast,1790342690,,,1,,,,,4916.0
coast,1790342695,,,1,,,,,4918.8
coast,1790342700,,,1,,,,,4920.5
fix,1790342705,4881.9,3.5,1,4882.1,-0.71,10.2,accepted,4882.1
coast,1790342710,,,1,,,,,4879.2
coast,1790342715,,,1,,,,,4877.3
coast,1790342720,,,1,,,,,4876.0
coast,1790342725,,,1,,,,,4875.2
coast,1790342730,,,1,,,,,4874.6
coast,1790342735,,,1,,,,,4874.3
coast,1790342740,,,1,,,,,4874.0
coast,1790342745,,,1,,,,,4873.9
coast,1790342750,,,1,,,,,4873.8
fix,1790342754,4915.3,1.2,1,4915.2,1.09,10.2,accepted,4915.2
coast,1790342759,,,1,,,,,4919.7
coast,1790342764,,,1,,,,,4922.7
coast,1790342769,,,1,,,,,4924.6
coast,1790342774,,,1,,,,,4925.9
coast,1790342779,,,1,,,,,4926.7
coast,1790342784,,,1,,,,,4927.3
coast,1790342789,,,1,,,,,4927.6
coast,1790342794,,,1,,,,,4927.9
coast,1790342799,,,1,,,,,4928.0
coast,1790342804,,,1,,,,,4928.2
coast,1790342809,,,1,,,,,4928.2
fix,1790342813,4988.6,0.2,1,4988.6,1.29,10.2,accepted,4988.6
coast,1790342818,,,1,,,,,4993.9
coast,1790342823,,,1,,,,,4997.3
coast,1790342828,,,1,,,,,4999.6
coast,1790342833,,,1,,,,,5001.1
coast,1790342838,,,1,,,,,5002.1
coast,1790342843,,,1,,,,,5002.8
coast,1790342848,,,1,,,,,5003.2
coast,1790342853,,,1,,,,,5003.5
coast,1790342858,,,1,,,,,5003.7
coast,1790342863,,,1,,,,,5003.8
coast,1790342868,,,1,,,,,5003.9
fix,1790342871,5008.7,3.0,1,5008.7,0.10,10.2,accepted,5008.7
coast,1790342876,,,1,,,,,5009.1
coast,1790342881,,,1,,,,,5009.4
coast,1790342886,,,1,,,,,5009.5
coast,1790342891,,,1,,,,,5009.7
coast,1790342896,,,1,,,,,5009.7
coast,1790342901,,,1,,,,,5009.8
fix,1790342902,5075.8,5.5,1,5075.6,2.54,10.2,accepted,5075.6
coast,1790342907,,,1,,,,,5086.0
coast,1790342912,,,1,,,,,5092.9
coast,1790342917,,,1,,,,,5097.4
fix,1790342920,5081.6,6.0,1,5082.0,-0.02,10.2,accepted,5082.0
coast,1790342925,,,1,,,,,5081.9
coast,1790342930,,,1,,,,,5081.8
coast,1790342935,,,1,,,,,5081.8
coast,1790342940,,,1,,,,,5081.8
coast,1790342945,,,1,,,,,5081.8
coast,1790342950,,,1,,,,,5081.8
coast,1790342955,,,1,,,,,5081.7
coast,1790342960,,,1,,,,,5081.7
coast,1790342965,,,1,,,,,5081.7
coast,1790342970,,,1,,,,,5081.7
coast,1790342975,,,1,,,,,5081.7
fix,1790342979,5168.6,4.5,1,5168.6,2.03,10.2,accepted,5168.6
coast,1790342984,,,1,,,,,5176.9
coast,1790342989,,,1,,,,,5182.4
coast,1790342994,,,1,,,,,5186.0
coast,1790342999,,,1,,,,,5188.4
coast,1790343004,,,1,,,,,5189.9
coast,1790343009,,,1,,,,,5191.0
coast,1790343014,,,1,,,,,5191.6
coast,1790343019,,,1,,,,,5192.1
coast,1790343024,,,1,,,,,5192.4
coast,1790343029,,,1,,,,,5192.6
coast,1790343034,,,1,,,,,5192.7
fix,1790343038,5310.1,4.6,1,5310.1,2.50,10.2,accepted,5310.1
coast,1790343043,,,1,,,,,5320.3
coast,1790343048,,,1,,,,,5327.1
coast,1790343053,,,1,,,,,5331.5
coast,1790343058,,,1,,,,,5334.4
coast,1790343063,,,1,,,,,5336.4
coast,1790343068,,,1,,,,,5337.6
coast,1790343073,,,1,,,,,5338.5
coast,1790343078,,,1,,,,,5339.0
coast,1790343083,,,1,,,,,5339.4
coast,1790343088,,,1,,,,,5339.6
coast,1790343093,,,1,,,,,5339.8
fix,1790343097,5350.9,4.4,1,5350.9,0.21,10.2,accepted,5350.9
coast,1790343102,,,1,,,,,5351.8
coast,1790343107,,,1,,,,,5352.4
fix,1790343111,5412.6,6.4,1,5411.9,4.73,10.2,accepted,5411.9
coast,1790343116,,,1,,,,,5431.2
coast,1790343121,,,1,,,,,5444.0
coast,1790343126,,,1,,,,,5452.4
coast,1790343131,,,1,,,,,5457.9
fix,1790343133,5522.8,0.1,1,5522.7,5.12,10.2,accepted,5522.7
coast,1790343138,,,1,,,,,5543.7
coast,1790343143,,,1,,,,,5557.5
coast,1790343148,,,1,,,,,5566.5
coast,1790343153,,,1,,,,,5572.5
coast,1790343158,,,1,,,,,5576.5
coast,1790343163,,,1,,,,,5579.1
fix,1790343167,5686.7,1.9,1,5686.7,4.73,10.2,accepted,5686.7
coast,1790343172,,,1,,,,,5706.1
coast,1790343177,,,1,,,,,5718.9
coast,1790343182,,,1,,,,,5727.3
coast,1790343187,,,1,,,,,5732.8
coast,1790343192,,,1,,,,,5736.5
coast,1790343197,,,1,,,,,5738.9
coast,1790343202,,,1,,,,,5740.5
coast,1790343207,,,1,,,,,5741.5
fix,1790343212,5793.6,1.8,1,5793.7,1.67,10.2,accepted,5793.7
coast,1790343217,,,1,,,,,5800.5
coast,1790343222,,,1,,,,,5805.0
coast,1790343227,,,1,,,,,5808.0
coast,1790343232,,,1,,,,,5810.0
coast,1790343237,,,1,,,,,5811.3
coast,1790343242,,,1,,,,,5812.1
coast,1790343247,,,1,,,,,5812.7
coast,1790343252,,,1,,,,,5813.0
coast,1790343257,,,1,,,,,5813.3
coast,1790343262,,,1,,,,,5813.4
coast,1790343267,,,1,,,,,5813.6
fix,1790343271,5963.1,4.3,1,5963.1,3.23,10.2,accepted,5963.1
coast,1790343276,,,1,,,,,5976.3
coast,1790343281,,,1,,,,,5985.0
coast,1790343286,,,1,,,,,5990.8
fix,1790343291,6083.3,0.1,1,6083.0,6.36,10.2,accepted,6083.0
coast,1790343296,,,1,,,,,6109.0
coast,1790343301,,,1,,,,,6126.1
coast,1790343306,,,1,,,,,6137.4
coast,1790343311,,,1,,,,,6144.9
coast,1790343316,,,1,,,,,6149.8
coast,1790343321,,,1,,,,,6153.0
coast,1790343326,,,1,,,,,6155.1
coast,1790343331,,,1,,,,,6156.5
coast,1790343336,,,1,,,,,6157.5
coast,1790343341,,,1,,,,,6158.1
coast,1790343346,,,1,,,,,6158.5
coast,1790343351,,,1,,,,,6158.8
fix,1790343354,6223.8,2.0,1,6223.9,0.68,10.2,accepted,6223.9
coast,1790343359,,,1,,,,,6226.7
coast,1790343364,,,1,,,,,6228.6
fix,1790343369,6337.4,3.7,1,6336.3,8.15,10.2,accepted,6336.3
coast,1790343374,,,1,,,,,6369.6
coast,1790343379,,,1,,,,,6391.6
coast,1790343384,,,1,,,,,6406.1
coast,1790343389,,,1,,,,,6415.6
coast,1790343394,,,1,,,,,6421.9
fix,1790343399,6476.7,4.9,1,6477.1,3.63,10.2,accepted,6477.1
coast,1790343404,,,1,,,,,6491.9
coast,1790343409,,,1,,,,,6501.7
coast,1790343414,,,1,,,,,6508.1
coast,1790343419,,,1,,,,,6512.4
coast,1790343424,,,1,,,,,6515.2
coast,1790343429,,,1,,,,,6517.0
coast,1790343434,,,1,,,,,6518.3
coast,1790343439,,,1,,,,,6519.1
fix,1790343441,6577.7,0.0,1,6577.8,2.02,10.2,accepted,6577.8
coast,1790343446,,,1,,,,,6586.1
coast,1790343451,,,1,,,,,6591.5
coast,1790343456,,,1,,,,,6595.1
coast,1790343461,,,1,,,,,6597.5
coast,1790343466,,,1,,,,,6599.1
coast,1790343471,,,1,,,,,6600.1
coast,1790343476,,,1,,,,,6600.8
coast,1790343481,,,1,,,,,6601.2
coast,1790343486,,,1,,,,,6601.5
coast,1790343491,,,1,,,,,6601.7
coast,1790343496,,,1,,,,,6601.8
fix,1790343500,6720.0,5.2,1,6720.0,2.53,10.2,accepted,6720.0
coast,1790343505,,,1,,,,,6730.4
coast,1790343510,,,1,,,,,6737.2
coast,1790343515,,,1,,,,,6741.7
coast,1790343520,,,1,,,,,6744.6
coast,1790343525,,,1,,,,,6746.6
coast,1790343530,,,1,,,,,6747.9
fix,1790343534,6720.0,5.2,1,6720.2,-0.50,10.2,accepted,6720.2
coast,1790343539,,,1,,,,,6718.1
coast,1790343544,,,1,,,,,6716.8
coast,1790343549,,,1,,,,,6715.9
coast,1790343554,,,1,,,,,6715.3
coast,1790343559,,,1,,,,,6714.9
coast,1790343564,,,1,,,,,6714.7
coast,1790343569,,,1,,,,,6714.5
coast,1790343574,,,1,,,,,6714.4
coast,1790343579,,,1,,,,,6714.3
coast,1790343584,,,1,,,,,6714.3
coast,1790343589,,,1,,,,,6714.3
fix,1790343592,6902.0,3.2,1,6901.9,4.31,10.2,accepted,6901.9
coast,1790343597,,,1,,,,,6919.5
fix,1790343601,6982.5,7.8,1,6981.2,8.97,10.1,accepted,6981.2
coast,1790343606,,,1,,,,,7017.8
coast,1790343611,,,1,,,,,7042.0
coast,1790343616,,,1,,,,,7057.9
fix,1790343620,7122.6,1.9,1,7123.0,7.11,10.2,accepted,7123.0
coast,1790343625,,,1,,,,,7152.1
coast,1790343630,,,1,,,,,7171.2
coast,1790343635,,,1,,,,,7183.8
coast,1790343640,,,1,,,,,7192.2
coast,1790343645,,,1,,,,,7197.7
coast,1790343650,,,1,,,,,7201.3
coast,1790343655,,,1,,,,,7203.7
fix,1790343658,7431.2,0.4,1,7431.2,8.44,10.2,accepted,7431.2
coast,1790343663,,,1,,,,,7465.7
coast,1790343668,,,1,,,,,7488.4
coast,1790343673,,,1,,,,,7503.4
coast,1790343678,,,1,,,,,7513.3
coast,1790343683,,,1,,,,,7519.8
coast,1790343688,,,1,,,,,7524.1
fix,1790343691,7273.4,1.3,1,7274.3,-8.00,10.2,accepted,7274.3
coast,1790343696,,,1,,,,,7241.6
coast,1790343701,,,1,,,,,7220.0
coast,1790343706,,,1,,,,,7205.8
coast,1790343711,,,1,,,,,7196.4
coast,1790343716,,,1,,,,,7190.2
coast,1790343721,,,1,,,,,7186.2
coast,1790343726,,,1,,,,,7183.5
coast,1790343731,,,1,,,,,7181.7
coast,1790343736,,,1,,,,,7180.5
coast,1790343741,,,1,,,,,7179.8
coast,1790343746,,,1,,,,,7179.3
coast,1790343751,,,1,,,,,7178.9
coast,1790343756,,,1,,,,,7178.7
coast,1790343761,,,1,,,,,7178.6
fix,1790343766,7307.5,18.7,1,7307.3,3.46,10.2,accepted,7307.3
coast,1790343771,,,1,,,,,7321.5
coast,1790343776,,,1,,,,,7330.8
coast,1790343781,,,1,,,,,7337.0
coast,1790343786,,,1,,,,,7341.0
coast,1790343791,,,1,,,,,7343.7
coast,1790343796,,,1,,,,,7345.5
coast,1790343801,,,1,,,,,7346.6
coast,1790343806,,,1,,,,,7347.4
coast,1790343811,,,1,,,,,7347.9
coast,1790343816,,,1,,,,,7348.2
coast,1790343821,,,1,,,,,7348.4
coast,1790343826,,,1,,,,,7348.6
coast,1790343831,,,1,,,,,7348.7
coast,1790343836,,,1,,,,,7348.7
coast,1790343841,,,1,,,,,7348.8
coast,1790343846,,,1,,,,,7348.8
coast,1790343851,,,1,,,,,7348.8
coast,1790343856,,,1,,,,,7348.8
coast,1790343861,,,1,,,,,7348.8
coast,1790343866,,,1,,,,,7348.9
coast,1790343871,,,1,,,,,7348.9
coast,1790343876,,,1,,,,,7348.9
coast,1790343881,,,1,,,,,7348.9
coast,1790343886,,,1,,,,,7348.9
coast,1790343891,,,1,,,,,7348.9
coast,1790343896,,,1,,,,,7348.9
coast,1790343901,,,1,,,,,7348.9
coast,1790343906,,,1,,,,,7348.9
coast,1790343911,,,1,,,,,7348.9
coast,1790343916,,,1,,,,,7348.9
coast,1790343921,,,1,,,,,7348.9
coast,1790343926,,,1,,,,,7348.9
coast,1790343931,,,1,,,,,7348.9
coast,1790343936,,,1,,,,,7348.9
coast,1790343941,,,1,,,,,7348.9
coast,1790343946,,,1,,,,,7348.9
coast,1790343951,,,1,,,,,7348.9
coast,1790343956,,,1,,,,,7348.9
coast,1790343961,,,1,,,,,7348.9
coast,1790343966,,,1,,,,,7348.9
coast,1790343971,,,1,,,,,7348.9
coast,1790343976,,,1,,,,,7348.9
coast,1790343981,,,1,,,,,7348.9
coast,1790343986,,,1,,,,,7348.9
coast,1790343991,,,1,,,,,7348.9
coast,1790343996,,,1,,,,,7348.9
coast,1790344001,,,1,,,,,7348.9
coast,1790344006,,,1,,,,,7348.9
coast,1790344011,,,1,,,,,7348.9
coast,1790344016,,,1,,,,,7348.9
coast,1790344021,,,1,,,,,7348.9
coast,1790344026,,,1,,,,,7348.9
coast,1790344031,,,1,,,,,7348.9
coast,1790344036,,,1,,,,,7348.9
coast,1790344041,,,1,,,,,7348.9
coast,1790344046,,,1,,,,,7348.9
coast,1790344051,,,1,,,,,7348.9
coast,1790344056,,,1,,,,,7348.9
coast,1790344061,,,1,,,,,7348.9
coast,1790344066,,,1,,,,,7348.9
fix,1790344068,7307.5,8.7,1,7307.5,-1.44,10.2,accepted,7307.5
coast,1790344073,,,1,,,,,7301.7
coast,1790344078,,,1,,,,,7297.8
coast,1790344083,,,1,,,,,7295.2
coast,1790344088,,,1,,,,,7293.5
coast,1790344093,,,1,,,,,7292.4
coast,1790344098,,,1,,,,,7291.7
coast,1790344103,,,1,,,,,7291.2
coast,1790344108,,,1,,,,,7290.9
coast,1790344113,,,1,,,,,7290.7
coast,1790344118,,,1,,,,,7290.6
coast,1790344123,,,1,,,,,7290.5
coast,1790344128,,,1,,,,,7290.4
coast,1790344133,,,1,,,,,7290.4
coast,1790344138,,,1,,,,,7290.3
coast,1790344143,,,1,,,,,7290.3
coast,1790344148,,,1,,,,,7290.3
coast,1790344153,,,1,,,,,7290.3
coast,1790344158,,,1,,,,,7290.3
coast,1790344163,,,1,,,,,7290.3
coast,1790344168,,,1,,,,,7290.3
coast,1790344173,,,1,,,,,7290.3
coast,1790344178,,,1,,,,,7290.3
coast,1790344183,,,1,,,,,7290.3
coast,1790344188,,,1,,,,,7290.3
coast,1790344193,,,1,,,,,7290.3
coast,1790344198,,,1,,,,,7290.3
coast,1790344203,,,1,,,,,7290.3
coast,1790344208,,,1,,,,,7290.3
coast,1790344213,,,1,,,,,7290.3
coast,1790344218,,,1,,,,,7290.3
coast,1790344223,,,1,,,,,7290.3
coast,1790344228,,,1,,,,,7290.3
coast,1790344233,,,1,,,,,7290.3
coast,1790344238,,,1,,,,,7290.3
coast,1790344243,,,1,,,,,7290.3
coast,1790344248,,,1,,,,,7290.3
coast,1790344253,,,1,,,,,7290.3
coast,1790344258,,,1,,,,,7290.3
coast,1790344263,,,1,,,,,7290.3
coast,1790344268,,,1,,,,,7290.3
coast,1790344273,,,1,,,,,7290.3
coast,1790344278,,,1,,,,,7290.3
coast,1790344283,,,1,,,,,7290.3
coast,1790344288,,,1,,,,,7290.3
coast,1790344293,,,1,,,,,7290.3
coast,1790344298,,,1,,,,,7290.3
coast,1790344303,,,1,,,,,7290.3
coast,1790344308,,,1,,,,,7290.3
coast,1790344313,,,1,,,,,7290.3
coast,1790344318,,,1,,,,,7290.3
coast,1790344323,,,1,,,,,7290.3
coast,1790344328,,,1,,,,,7290.3
coast,1790344333,,,1,,,,,7290.3
coast,1790344338,,,1,,,,,7290.3
coast,1790344343,,,1,,,,,7290.3
coast,1790344348,,,1,,,,,7290.3
coast,1790344353,,,1,,,,,7290.3
coast,1790344358,,,1,,,,,7290.3
coast,1790344363,,,1,,,,,7290.3
coast,1790344368,,,1,,,,,7290.3
coast,1790344373,,,1,,,,,7290.3
coast,1790344378,,,1,,,,,7290.3
coast,1790344383,,,1,,,,,7290.3
coast,1790344388,,,1,,,,,7290.3
coast,1790344393,,,1,,,,,7290.3
coast,1790344398,,,1,,,,,7290.3
coast,1790344403,,,1,,,,,7290.3
coast,1790344408,,,1,,,,,7290.3
coast,1790344413,,,1,,,,,7290.3
coast,1790344418,,,1,,,,,7290.3
coast,1790344423,,,1,,,,,7290.3
coast,1790344428,,,1,,,,,7290.3
coast,1790344433,,,1,,,,,7290.3
coast,1790344438,,,1,,,,,7290.3
coast,1790344443,,,1,,,,,7290.3
coast,1790344448,,,1,,,,,7290.3
coast,1790344453,,,1,,,,,7290.3
coast,1790344458,,,1,,,,,7290.3
coast,1790344463,,,1,,,,,7290.3
coast,1790344468,,,1,,,,,7290.3
coast,1790344473,,,1,,,,,7290.3
coast,1790344478,,,1,,,,,7290.3
coast,1790344483,,,1,,,,,7290.3
coast,1790344488,,,1,,,,,7290.3
coast,1790344493,,,1,,,,,7290.3
coast,1790344498,,,1,,,,,7290.3
coast,1790344503,,,1,,,,,7290.3
coast,1790344508,,,1,,,,,7290.3
coast,1790344513,,,1,,,,,7290.3
coast,1790344518,,,1,,,,,7290.3
coast,1790344523,,,1,,,,,7290.3
coast,1790344528,,,1,,,,,7290.3
coast,1790344533,,,1,,,,,7290.3
coast,1790344538,,,1,,,,,7290.3
coast,1790344543,,,1,,,,,7290.3
coast,1790344548,,,1,,,,,7290.3
coast,1790344553,,,1,,,,,7290.3
coast,1790344558,,,1,,,,,7290.3
coast,1790344563,,,1,,,,,7290.3
coast,1790344568,,,1,,,,,7290.3
coast,1790344573,,,1,,,,,7290.3
coast,1790344578,,,1,,,,,7290.3
coast,1790344583,,,1,,,,,7290.3
coast,1790344588,,,1,,,,,7290.3
coast,1790344593,,,1,,,,,7290.3
coast,1790344598,,,1,,,,,7290.3
coast,1790344603,,,1,,,,,7290.3
coast,1790344608,,,1,,,,,7290.3
coast,1790344613,,,1,,,,,7290.3
coast,1790344618,,,1,,,,,7290.3
coast,1790344623,,,1,,,,,7290.3
coast,1790344628,,,1,,,,,7290.3
coast,1790344633,,,1,,,,,7290.3
coast,1790344638,,,1,,,,,7290.3
coast,1790344643,,,1,,,,,7290.3
coast,1790344648,,,1,,,,,7290.3
coast,1790344653,,,1,,,,,7290.3
coast,1790344658,,,1,,,,,7290.3
coast,1790344663,,,1,,,,,7290.3
coast,1790344668,,,1,,,,,7290.3
coast,1790344673,,,1,,,,,7290.3
coast,1790344678,,,1,,,,,7290.3
coast,1790344683,,,1,,,,,7290.3
coast,1790344688,,,1,,,,,7290.3
coast,1790344693,,,1,,,,,7290.3
coast,1790344698,,,1,,,,,7290.3
coast,1790344703,,,1,,,,,7290.3
coast,1790344708,,,1,,,,,7290.3
coast,1790344713,,,1,,,,,7290.3
coast,1790344718,,,1,,,,,7290.3
coast,1790344723,,,1,,,,,7290.3
coast,1790344728,,,1,,,,,7290.3
coast,1790344733,,,1,,,,,7290.3
coast,1790344738,,,1,,,,,7290.3
coast,1790344743,,,1,,,,,7290.3
coast,1790344748,,,1,,,,,7290.3
coast,1790344753,,,1,,,,,7290.3
coast,1790344758,,,1,,,,,7290.3
coast,1790344763,,,1,,,,,7290.3
coast,1790344768,,,1,,,,,7290.3
coast,1790344773,,,1,,,,,7290.3
coast,1790344778,,,1,,,,,7290.3
coast,1790344783,,,1,,,,,7290.3
coast,1790344788,,,1,,,,,7290.3
coast,1790344793,,,1,,,,,7290.3
coast,1790344798,,,1,,,,,7290.3
coast,1790344803,,,1,,,,,7290.3
coast,1790344808,,,1,,,,,7290.3
coast,1790344813,,,1,,,,,7290.3
coast,1790344818,,,1,,,,,7290.3
coast,1790344823,,,1,,,,,7290.3
coast,1790344828,,,1,,,,,7290.3
coast,1790344833,,,1,,,,,7290.3
coast,1790344838,,,1,,,,,7290.3
coast,1790344843,,,1,,,,,7290.3
coast,1790344848,,,1,,,,,7290.3
coast,1790344853,,,1,,,,,7290.3
coast,1790344858,,,1,,,,,7290.3
coast,1790344863,,,1,,,,,7290.3
coast,1790344868,,,1,,,,,7290.3
coast,1790344873,,,1,,,,,7290.3
coast,1790344878,,,1,,,,,7290.3
coast,1790344883,,,1,,,,,7290.3
fix,1790344887,7273.4,1.3,1,7273.4,0.50,10.2,accepted,7273.4
coast,1790344892,,,1,,,,,7275.4
coast,1790344897,,,1,,,,,7276.8
coast,1790344902,,,1,,,,,7277.6
coast,1790344907,,,1,,,,,7278.2
coast,1790344912,,,1,,,,,7278.6
coast,1790344917,,,1,,,,,7278.9
coast,1790344922,,,1,,,,,7279.0
coast,1790344927,,,1,,,,,7279.1
coast,1790344932,,,1,,,,,7279.2
coast,1790344937,,,1,,,,,7279.3
coast,1790344942,,,1,,,,,7279.3
fix,1790344946,7253.1,0.7,1,7253.1,-0.38,10.2,accepted,7253.1
coast,1790344951,,,1,,,,,7251.6
coast,1790344956,,,1,,,,,7250.6
coast,1790344961,,,1,,,,,7249.9
coast,1790344966,,,1,,,,,7249.5
coast,1790344971,,,1,,,,,7249.2
fix,1790344972,7172.7,4.1,1,7172.9,-3.49,10.2,accepted,7172.9
coast,1790344977,,,1,,,,,7158.6
coast,1790344982,,,1,,,,,7149.2
coast,1790344987,,,1,,,,,7143.0
coast,1790344992,,,1,,,,,7138.9
coast,1790344997,,,1,,,,,7136.2
coast,1790345002,,,1,,,,,7134.4
coast,1790345007,,,1,,,,,7133.2
coast,1790345012,,,1,,,,,7132.4
coast,1790345017,,,1,,,,,7131.9
coast,1790345022,,,1,,,,,7131.6
coast,1790345027,,,1,,,,,7131.4
coast,1790345032,,,1,,,,,7131.2
coast,1790345037,,,1,,,,,7131.1
coast,1790345042,,,1,,,,,7131.1
coast,1790345047,,,1,,,,,7131.0
coast,1790345052,,,1,,,,,7131.0
coast,1790345057,,,1,,,,,7131.0
coast,1790345062,,,1,,,,,7131.0
coast,1790345067,,,1,,,,,7131.0
coast,1790345072,,,1,,,,,7131.0
coast,1790345077,,,1,,,,,7131.0
coast,1790345082,,,1,,,,,7131.0
coast,1790345087,,,1,,,,,7131.0
coast,1790345092,,,1,,,,,7131.0
coast,1790345097,,,1,,,,,7131.0
coast,1790345102,,,1,,,,,7131.0
coast,1790345107,,,1,,,,,7131.0
coast,1790345112,,,1,,,,,7131.0
coast,1790345117,,,1,,,,,7131.0
coast,1790345122,,,1,,,,,7131.0
coast,1790345127,,,1,,,,,7131.0
coast,1790345132,,,1,,,,,7131.0
coast,1790345137,,,1,,,,,7131.0
coast,1790345142,,,1,,,,,7131.0
coast,1790345147,,,1,,,,,7131.0
coast,1790345152,,,1,,,,,7131.0
coast,1790345157,,,1,,,,,7131.0
coast,1790345162,,,1,,,,,7131.0
coast,1790345167,,,1,,,,,7131.0
coast,1790345172,,,1,,,,,7131.0
coast,1790345177,,,1,,,,,7131.0
coast,1790345182,,,1,,,,,7131.0
coast,1790345187,,,1,,,,,7131.0
coast,1790345192,,,1,,,,,7131.0
coast,1790345197,,,1,,,,,7131.0
coast,1790345202,,,1,,,,,7131.0
coast,1790345207,,,1,,,,,7131.0
coast,1790345212,,,1,,,,,7131.0
coast,1790345217,,,1,,,,,7131.0
coast,1790345222,,,1,,,,,7131.0
coast,1790345227,,,1,,,,,7131.0
coast,1790345232,,,1,,,,,7131.0
coast,1790345237,,,1,,,,,7131.0
coast,1790345242,,,1,,,,,7131.0
coast,1790345247,,,1,,,,,7131.0
coast,1790345252,,,1,,,,,7131.0
coast,1790345257,,,1,,,,,7131.0
coast,1790345262,,,1,,,,,7131.0
coast,1790345267,,,1,,,,,7131.0
coast,1790345272,,,1,,,,,7131.0
coast,1790345277,,,1,,,,,7131.0
coast,1790345282,,,1,,,,,7131.0
coast,1790345287,,,1,,,,,7131.0
coast,1790345292,,,1,,,,,7131.0
coast,1790345297,,,1,,,,,7131.0
coast,1790345302,,,1,,,,,7131.0
coast,1790345307,,,1,,,,,7131.0
coast,1790345312,,,1,,,,,7131.0
coast,1790345317,,,1,,,,,7131.0
coast,1790345322,,,1,,,,,7131.0
coast,1790345327,,,1,,,,,7131.0
coast,1790345332,,,1,,,,,7131.0
coast,1790345337,,,1,,,,,7131.0
coast,1790345342,,,1,,,,,7131.0
coast,1790345347,,,1,,,,,7131.0
coast,1790345352,,,1,,,,,7131.0
coast,1790345357,,,1,,,,,7131.0
coast,1790345362,,,1,,,,,7131.0
coast,1790345367,,,1,,,,,7131.0
coast,1790345372,,,1,,,,,7131.0
coast,1790345377,,,1,,,,,7131.0
coast,1790345382,,,1,,,,,7131.0
coast,1790345387,,,1,,,,,7131.0
coast,1790345392,,,1,,,,,7131.0
coast,1790345397,,,1,,,,,7131.0
coast,1790345402,,,1,,,,,7131.0
coast,1790345407,,,1,,,,,7131.0
coast,1790345412,,,1,,,,,7131.0
coast,1790345417,,,1,,,,,7131.0
coast,1790345422,,,1,,,,,7131.0
coast,1790345427,,,1,,,,,7131.0
coast,1790345432,,,1,,,,,7131.0
coast,1790345437,,,1,,,,,7131.0
coast,1790345442,,,1,,,,,7131.0
coast,1790345447,,,1,,,,,7131.0
coast,1790345452,,,1,,,,,7131.0
coast,1790345457,,,1,,,,,7131.0
coast,1790345462,,,1,,,,,7131.0
coast,1790345467,,,1,,,,,7131.0
coast,1790345472,,,1,,,,,7131.0
coast,1790345477,,,1,,,,,7131.0
coast,1790345482,,,1,,,,,7131.0
coast,1790345487,,,1,,,,,7131.0
coast,1790345492,,,1,,,,,7131.0
coast,1790345497,,,1,,,,,7131.0
coast,1790345502,,,1,,,,,7131.0
coast,1790345507,,,1,,,,,7131.0
coast,1790345512,,,1,,,,,7131.0
coast,1790345517,,,1,,,,,7131.0
coast,1790345522,,,1,,,,,7131.0
coast,1790345527,,,1,,,,,7131.0
coast,1790345532,,,1,,,,,7131.0
coast,1790345537,,,1,,,,,7131.0
coast,1790345542,,,1,,,,,7131.0
coast,1790345547,,,1,,,,,7131.0
coast,1790345552,,,1,,,,,7131.0
coast,1790345557,,,1,,,,,7131.0
coast,1790345562,,,1,,,,,7131.0
coast,1790345567,,,1,,,,,7131.0
coast,1790345572,,,1,,,,,7131.0
coast,1790345577,,,1,,,,,7131.0
coast,1790345582,,,1,,,,,7131.0
coast,1790345587,,,1,,,,,7131.0
coast,1790345592,,,1,,,,,7131.0
coast,1790345597,,,1,,,,,7131.0
coast,1790345602,,,1,,,,,7131.0
coast,1790345607,,,1,,,,,7131.0
coast,1790345612,,,1,,,,,7131.0
coast,1790345617,,,1,,,,,7131.0
coast,1790345622,,,1,,,,,7131.0
coast,1790345627,,,1,,,,,7131.0
coast,1790345632,,,1,,,,,7131.0
coast,1790345637,,,1,,,,,7131.0
coast,1790345642,,,1,,,,,7131.0
coast,1790345647,,,1,,,,,7131.0
coast,1790345652,,,1,,,,,7131.0
coast,1790345657,,,1,,,,,7131.0
coast,1790345662,,,1,,,,,7131.0
coast,1790345667,,,1,,,,,7131.0
coast,1790345672,,,1,,,,,7131.0
coast,1790345677,,,1,,,,,7131.0
coast,1790345682,,,1,,,,,7131.0
coast,1790345687,,,1,,,,,7131.0
coast,1790345692,,,1,,,,,7131.0
coast,1790345697,,,1,,,,,7131.0
coast,1790345702,,,1,,,,,7131.0
coast,1790345707,,,1,,,,,7131.0
coast,1790345712,,,1,,,,,7131.0
coast,1790345717,,,1,,,,,7131.0
coast,1790345722,,,1,,,,,7131.0
coast,1790345727,,,1,,,,,7131.0
coast,1790345732,,,1,,,,,7131.0
coast,1790345737,,,1,,,,,7131.0
coast,1790345742,,,1,,,,,7131.0
coast,1790345747,,,1,,,,,7131.0
coast,1790345752,,,1,,,,,7131.0
coast,1790345757,,,1,,,,,7131.0
coast,1790345762,,,1,,,,,7131.0
coast,1790345767,,,1,,,,,7131.0
coast,1790345772,,,1,,,,,7131.0
coast,1790345777,,,1,,,,,7131.0
coast,1790345782,,,1,,,,,7131.0
coast,1790345787,,,1,,,,,7131.0
coast,1790345792,,,1,,,,,7131.0
coast,1790345797,,,1,,,,,7131.0
coast,1790345802,,,1,,,,,7131.0
coast,1790345807,,,1,,,,,7131.0
coast,1790345812,,,1,,,,,7131.0
coast,1790345817,,,1,,,,,7131.0
coast,1790345822,,,1,,,,,7131.0
coast,1790345827,,,1,,,,,7131.0
coast,1790345832,,,1,,,,,7131.0
coast,1790345837,,,1,,,,,7131.0
coast,1790345842,,,1,,,,,7131.0
coast,1790345847,,,1,,,,,7131.0
coast,1790345852,,,1,,,,,7131.0
coast,1790345857,,,1,,,,,7131.0
coast,1790345862,,,1,,,,,7131.0
coast,1790345867,,,1,,,,,7131.0
coast,1790345872,,,1,,,,,7131.0
coast,1790345877,,,1,,,,,7131.0
coast,1790345882,,,1,,,,,7131.0
coast,1790345887,,,1,,,,,7131.0
coast,1790345892,,,1,,,,,7131.0
coast,1790345897,,,1,,,,,7131.0
coast,1790345902,,,1,,,,,7131.0
coast,1790345907,,,1,,,,,7131.0
coast,1790345912,,,1,,,,,7131.0
coast,1790345917,,,1,,,,,7131.0
coast,1790345922,,,1,,,,,7131.0
coast,1790345927,,,1,,,,,7131.0
coast,1790345932,,,1,,,,,7131.0
coast,1790345937,,,1,,,,,7131.0
coast,1790345942,,,1,,,,,7131.0
coast,1790345947,,,1,,,,,7131.0
coast,1790345952,,,1,,,,,7131.0
coast,1790345957,,,1,,,,,7131.0
coast,1790345962,,,1,,,,,7131.0
coast,1790345967,,,1,,,,,7131.0
coast,1790345972,,,1,,,,,7131.0
coast,1790345977,,,1,,,,,7131.0
coast,1790345982,,,1,,,,,7131.0
coast,1790345987,,,1,,,,,7131.0
coast,1790345992,,,1,,,,,7131.0
coast,1790345997,,,1,,,,,7131.0
coast,1790346002,,,1,,,,,7131.0
coast,1790346007,,,1,,,,,7131.0
coast,1790346012,,,1,,,,,7131.0
coast,1790346017,,,1,,,,,7131.0
coast,1790346022,,,1,,,,,7131.0
coast,1790346027,,,1,,,,,7131.0
coast,1790346032,,,1,,,,,7131.0
coast,1790346037,,,1,,,,,7131.0
coast,1790346042,,,1,,,,,7131.0
coast,1790346047,,,1,,,,,7131.0
coast,1790346052,,,1,,,,,7131.0
coast,1790346057,,,1,,,,,7131.0
coast,1790346062,,,1,,,,,7131.0
coast,1790346067,,,1,,,,,7131.0
coast,1790346072,,,1,,,,,7131.0
coast,1790346077,,,1,,,,,7131.0
coast,1790346082,,,1,,,,,7131.0
coast,1790346087,,,1,,,,,7131.0
coast,1790346092,,,1,,,,,7131.0
coast,1790346097,,,1,,,,,7131.0
coast,1790346102,,,1,,,,,7131.0
coast,1790346107,,,1,,,,,7131.0
coast,1790346112,,,1,,,,,7131.0
coast,1790346117,,,1,,,,,7131.0
coast,1790346122,,,1,,,,,7131.0
coast,1790346127,,,1,,,,,7131.0
coast,1790346132,,,1,,,,,7131.0
coast,1790346137,,,1,,,,,7131.0
coast,1790346142,,,1,,,,,7131.0
coast,1790346147,,,1,,,,,7131.0
coast,1790346152,,,1,,,,,7131.0
coast,1790346157,,,1,,,,,7131.0
coast,1790346162,,,1,,,,,7131.0
coast,1790346167,,,1,,,,,7131.0
coast,1790346172,,,1,,,,,7131.0
coast,1790346177,,,1,,,,,7131.0
coast,1790346182,,,1,,,,,7131.0
coast,1790346187,,,1,,,,,7131.0
coast,1790346192,,,1,,,,,7131.0
coast,1790346197,,,1,,,,,7131.0
coast,1790346202,,,1,,,,,7131.0
coast,1790346207,,,1,,,,,7131.0
coast,1790346212,,,1,,,,,7131.0
coast,1790346217,,,1,,,,,7131.0
coast,1790346222,,,1,,,,,7131.0
coast,1790346227,,,1,,,,,7131.0
coast,1790346232,,,1,,,,,7131.0
coast,1790346237,,,1,,,,,7131.0
coast,1790346242,,,1,,,,,7131.0
coast,1790346247,,,1,,,,,7131.0
coast,1790346252,,,1,,,,,7131.0
coast,1790346257,,,1,,,,,7131.0
coast,1790346262,,,1,,,,,7131.0
coast,1790346267,,,1,,,,,7131.0
coast,1790346272,,,1,,,,,7131.0
coast,1790346277,,,1,,,,,7131.0
coast,1790346282,,,1,,,,,7131.0
coast,1790346287,,,1,,,,,7131.0
coast,1790346292,,,1,,,,,7131.0
coast,1790346297,,,1,,,,,7131.0
coast,1790346302,,,1,,,,,7131.0
coast,1790346307,,,1,,,,,7131.0
coast,1790346312,,,1,,,,,7131.0
coast,1790346317,,,1,,,,,7131.0
coast,1790346322,,,1,,,,,7131.0
coast,1790346327,,,1,,,,,7131.0
coast,1790346332,,,1,,,,,7131.0
coast,1790346337,,,1,,,,,7131.0
coast,1790346342,,,1,,,,,7131.0
coast,1790346347,,,1,,,,,7131.0
coast,1790346352,,,1,,,,,7131.0
coast,1790346357,,,1,,,,,7131.0
coast,1790346362,,,1,,,,,7131.0
coast,1790346367,,,1,,,,,7131.0
coast,1790346372,,,1,,,,,7131.0
coast,1790346377,,,1,,,,,7131.0
coast,1790346382,,,1,,,,,7131.0
coast,1790346387,,,1,,,,,7131.0
coast,1790346392,,,1,,,,,7131.0
coast,1790346397,,,1,,,,,7131.0
coast,1790346402,,,1,,,,,7131.0
coast,1790346407,,,1,,,,,7131.0
coast,1790346412,,,1,,,,,7131.0
coast,1790346417,,,1,,,,,7131.0
coast,1790346422,,,1,,,,,7131.0
coast,1790346427,,,1,,,,,7131.0
coast,1790346432,,,1,,,,,7131.0
coast,1790346437,,,1,,,,,7131.0
coast,1790346442,,,1,,,,,7131.0
coast,1790346447,,,1,,,,,7131.0
coast,1790346452,,,1,,,,,7131.0
coast,1790346457,,,1,,,,,7131.0
coast,1790346462,,,1,,,,,7131.0
coast,1790346467,,,1,,,,,7131.0
coast,1790346472,,,1,,,,,7131.0
coast,1790346477,,,1,,,,,7131.0
coast,1790346482,,,1,,,,,7131.0
coast,1790346487,,,1,,,,,7131.0
coast,1790346492,,,1,,,,,7131.0
coast,1790346497,,,1,,,,,7131.0
coast,1790346502,,,1,,,,,7131.0
coast,1790346507,,,1,,,,,7131.0
coast,1790346512,,,1,,,,,7131.0
coast,1790346517,,,1,,,,,7131.0
coast,1790346522,,,1,,,,,7131.0
coast,1790346527,,,1,,,,,7131.0
coast,1790346532,,,1,,,,,7131.0
coast,1790346537,,,1,,,,,7131.0
coast,1790346542,,,1,,,,,7131.0
coast,1790346547,,,1,,,,,7131.0
coast,1790346552,,,1,,,,,7131.0
coast,1790346557,,,1,,,,,7131.0
coast,1790346562,,,1,,,,,7131.0
coast,1790346567,,,1,,,,,7131.0
coast,1790346572,,,1,,,,,7131.0
coast,1790346577,,,1,,,,,7131.0
coast,1790346582,,,1,,,,,7131.0
coast,1790346587,,,1,,,,,7131.0
coast,1790346592,,,1,,,,,7131.0
coast,1790346597,,,1,,,,,7131.0
coast,1790346602,,,1,,,,,7131.0
coast,1790346607,,,1,,,,,7131.0
coast,1790346612,,,1,,,,,7131.0
coast,1790346617,,,1,,,,,7131.0
coast,1790346622,,,1,,,,,7131.0
coast,1790346627,,,1,,,,,7131.0
coast,1790346632,,,1,,,,,7131.0
coast,1790346637,,,1,,,,,7131.0
coast,1790346642,,,1,,,,,7131.0
coast,1790346647,,,1,,,,,7131.0
coast,1790346652,,,1,,,,,7131.0
coast,1790346657,,,1,,,,,7131.0
coast,1790346662,,,1,,,,,7131.0
coast,1790346667,,,1,,,,,7131.0
coast,1790346672,,,1,,,,,7131.0
coast,1790346677,,,1,,,,,7131.0
coast,1790346682,,,1,,,,,7131.0
coast,1790346687,,,1,,,,,7131.0
coast,1790346692,,,1,,,,,7131.0
coast,1790346697,,,1,,,,,7131.0
coast,1790346702,,,1,,,,,7131.0
coast,1790346707,,,1,,,,,7131.0
coast,1790346712,,,1,,,,,7131.0
coast,1790346717,,,1,,,,,7131.0
coast,1790346722,,,1,,,,,7131.0
coast,1790346727,,,1,,,,,7131.0
coast,1790346732,,,1,,,,,7131.0
coast,1790346737,,,1,,,,,7131.0
coast,1790346742,,,1,,,,,7131.0
coast,1790346747,,,1,,,,,7131.0
coast,1790346752,,,1,,,,,7131.0
coast,1790346757,,,1,,,,,7131.0
coast,1790346762,,,1,,,,,7131.0
coast,1790346767,,,1,,,,,7131.0
coast,1790346772,,,1,,,,,7131.0
coast,1790346777,,,1,,,,,7131.0
coast,1790346782,,,1,,,,,7131.0
coast,1790346787,,,1,,,,,7131.0
coast,1790346792,,,1,,,,,7131.0
coast,1790346797,,,1,,,,,7131.0
coast,1790346802,,,1,,,,,7131.0
coast,1790346807,,,1,,,,,7131.0
coast,1790346812,,,1,,,,,7131.0
coast,1790346817,,,1,,,,,7131.0
coast,1790346822,,,1,,,,,7131.0
coast,1790346827,,,1,,,,,7131.0
coast,1790346832,,,1,,,,,7131.0
coast,1790346837,,,1,,,,,7131.0
coast,1790346842,,,1,,,,,7131.0
coast,1790346847,,,1,,,,,7131.0
coast,1790346852,,,1,,,,,7131.0
coast,1790346857,,,1,,,,,7131.0
coast,1790346862,,,1,,,,,7131.0
coast,1790346867,,,1,,,,,7131.0
coast,1790346872,,,1,,,,,7131.0
coast,1790346877,,,1,,,,,7131.0
coast,1790346882,,,1,,,,,7131.0
coast,1790346887,,,1,,,,,7131.0
coast,1790346892,,,1,,,,,7131.0
coast,1790346897,,,1,,,,,7131.0
coast,1790346902,,,1,,,,,7131.0
coast,1790346907,,,1,,,,,7131.0
coast,1790346912,,,1,,,,,7131.0
coast,1790346917,,,1,,,,,7131.0
coast,1790346922,,,1,,,,,7131.0
coast,1790346927,,,1,,,,,7131.0
coast,1790346932,,,1,,,,,7131.0
coast,1790346937,,,1,,,,,7131.0
coast,1790346942,,,1,,,,,7131.0
coast,1790346947,,,1,,,,,7131.0
coast,1790346952,,,1,,,,,7131.0
coast,1790346957,,,1,,,,,7131.0
coast,1790346962,,,1,,,,,7131.0
coast,1790346967,,,1,,,,,7131.0
coast,1790346972,,,1,,,,,7131.0
coast,1790346977,,,1,,,,,7131.0
coast,1790346982,,,1,,,,,7131.0
coast,1790346987,,,1,,,,,7131.0
coast,1790346992,,,1,,,,,7131.0
coast,1790346997,,,1,,,,,7131.0
coast,1790347002,,,1,,,,,7131.0
coast,1790347007,,,1,,,,,7131.0
coast,1790347012,,,1,,,,,7131.0
coast,1790347017,,,1,,,,,7131.0
coast,1790347022,,,1,,,,,7131.0
coast,1790347027,,,1,,,,,7131.0
coast,1790347032,,,1,,,,,7131.0
coast,1790347037,,,1,,,,,7131.0
coast,1790347042,,,1,,,,,7131.0
coast,1790347047,,,1,,,,,7131.0
coast,1790347052,,,1,,,,,7131.0
coast,1790347057,,,1,,,,,7131.0
coast,1790347062,,,1,,,,,7131.0
coast,1790347067,,,1,,,,,7131.0
coast,1790347072,,,1,,,,,7131.0
coast,1790347077,,,1,,,,,7131.0
coast,1790347082,,,1,,,,,7131.0
coast,1790347087,,,1,,,,,7131.0
coast,1790347092,,,1,,,,,7131.0
coast,1790347097,,,1,,,,,7131.0
coast,1790347102,,,1,,,,,7131.0
coast,1790347107,,,1,,,,,7131.0
coast,1790347112,,,1,,,,,7131.0
coast,1790347117,,,1,,,,,7131.0
coast,1790347122,,,1,,,,,7131.0
coast,1790347127,,,1,,,,,7131.0
coast,1790347132,,,1,,,,,7131.0
coast,1790347137,,,1,,,,,7131.0
coast,1790347142,,,1,,,,,7131.0
coast,1790347147,,,1,,,,,7131.0
coast,1790347152,,,1,,,,,7131.0
coast,1790347157,,,1,,,,,7131.0
coast,1790347162,,,1,,,,,7131.0
coast,1790347167,,,1,,,,,7131.0
coast,1790347172,,,1,,,,,7131.0
coast,1790347177,,,1,,,,,7131.0
coast,1790347182,,,1,,,,,7131.0
coast,1790347187,,,1,,,,,7131.0
coast,1790347192,,,1,,,,,7131.0
coast,1790347197,,,1,,,,,7131.0
coast,1790347202,,,1,,,,,7131.0
coast,1790347207,,,1,,,,,7131.0
coast,1790347212,,,1,,,,,7131.0
coast,1790347217,,,1,,,,,7131.0
coast,1790347222,,,1,,,,,7131.0
coast,1790347227,,,1,,,,,7131.0
coast,1790347232,,,1,,,,,7131.0
coast,1790347237,,,1,,,,,7131.0
coast,1790347242,,,1,,,,,7131.0
coast,1790347247,,,1,,,,,7131.0
coast,1790347252,,,1,,,,,7131.0
coast,1790347257,,,1,,,,,7131.0
coast,1790347262,,,1,,,,,7131.0
coast,1790347267,,,1,,,,,7131.0
coast,1790347272,,,1,,,,,7131.0
coast,1790347277,,,1,,,,,7131.0
coast,1790347282,,,1,,,,,7131.0
coast,1790347287,,,1,,,,,7131.0
coast,1790347292,,,1,,,,,7131.0
coast,1790347297,,,1,,,,,7131.0
coast,1790347302,,,1,,,,,7131.0
coast,1790347307,,,1,,,,,7131.0
coast,1790347312,,,1,,,,,7131.0
coast,1790347317,,,1,,,,,7131.0
coast,1790347322,,,1,,,,,7131.0
coast,1790347327,,,1,,,,,7131.0
coast,1790347332,,,1,,,,,7131.0
coast,1790347337,,,1,,,,,7131.0
coast,1790347342,,,1,,,,,7131.0
coast,1790347347,,,1,,,,,7131.0
coast,1790347352,,,1,,,,,7131.0
coast,1790347357,,,1,,,,,7131.0
coast,1790347362,,,1,,,,,7131.0
coast,1790347367,,,1,,,,,7131.0
coast,1790347372,,,1,,,,,7131.0
coast,1790347377,,,1,,,,,7131.0
coast,1790347382,,,1,,,,,7131.0
coast,1790347387,,,1,,,,,7131.0
coast,1790347392,,,1,,,,,7131.0
coast,1790347397,,,1,,,,,7131.0
coast,1790347402,,,1,,,,,7131.0
coast,1790347407,,,1,,,,,7131.0
coast,1790347412,,,1,,,,,7131.0
coast,1790347417,,,1,,,,,7131.0
coast,1790347422,,,1,,,,,7131.0
coast,1790347427,,,1,,,,,7131.0
coast,1790347432,,,1,,,,,7131.0
coast,1790347437,,,1,,,,,7131.0
coast,1790347442,,,1,,,,,7131.0
coast,1790347447,,,1,,,,,7131.0
coast,1790347452,,,1,,,,,7131.0
coast,1790347457,,,1,,,,,7131.0
coast,1790347462,,,1,,,,,7131.0
coast,1790347467,,,1,,,,,7131.0
coast,1790347472,,,1,,,,,7131.0
coast,1790347477,,,1,,,,,7131.0
coast,1790347482,,,1,,,,,7131.0
coast,1790347487,,,1,,,,,7131.0
coast,1790347492,,,1,,,,,7131.0
coast,1790347497,,,1,,,,,7131.0
coast,1790347502,,,1,,,,,7131.0
coast,1790347507,,,1,,,,,7131.0
coast,1790347512,,,1,,,,,7131.0
coast,1790347517,,,1,,,,,7131.0
coast,1790347522,,,1,,,,,7131.0
coast,1790347527,,,1,,,,,7131.0
coast,1790347532,,,1,,,,,7131.0
coast,1790347537,,,1,,,,,7131.0
coast,1790347542,,,1,,,,,7131.0
coast,1790347547,,,1,,,,,7131.0
coast,1790347552,,,1,,,,,7131.0
coast,1790347557,,,1,,,,,7131.0
coast,1790347562,,,1,,,,,7131.0
coast,1790347567,,,1,,,,,7131.0
coast,1790347572,,,1,,,,,7131.0
coast,1790347577,,,1,,,,,7131.0
coast,1790347582,,,1,,,,,7131.0
coast,1790347587,,,1,,,,,7131.0
coast,1790347592,,,1,,,,,7131.0
coast,1790347597,,,1,,,,,7131.0
coast,1790347602,,,1,,,,,7131.0
coast,1790347607,,,1,,,,,7131.0
coast,1790347612,,,1,,,,,7131.0
coast,1790347617,,,1,,,,,7131.0
coast,1790347622,,,1,,,,,7131.0
coast,1790347627,,,1,,,,,7131.0
coast,1790347632,,,1,,,,,7131.0
coast,1790347637,,,1,,,,,7131.0
coast,1790347642,,,1,,,,,7131.0
coast,1790347647,,,1,,,,,7131.0
coast,1790347652,,,1,,,,,7131.0
coast,1790347657,,,1,,,,,7131.0
coast,1790347662,,,1,,,,,7131.0
coast,1790347667,,,1,,,,,7131.0
coast,1790347672,,,1,,,,,7131.0
coast,1790347677,,,1,,,,,7131.0
coast,1790347682,,,1,,,,,7131.0
coast,1790347687,,,1,,,,,7131.0
coast,1790347692,,,1,,,,,7131.0
coast,1790347697,,,1,,,,,7131.0
coast,1790347702,,,1,,,,,7131.0
coast,1790347707,,,1,,,,,7131.0
coast,1790347712,,,1,,,,,7131.0
coast,1790347717,,,1,,,,,7131.0
coast,1790347722,,,1,,,,,7131.0
coast,1790347727,,,1,,,,,7131.0
coast,1790347732,,,1,,,,,7131.0
coast,1790347737,,,1,,,,,7131.0
coast,1790347742,,,1,,,,,7131.0
coast,1790347747,,,1,,,,,7131.0
coast,1790347752,,,1,,,,,7131.0
coast,1790347757,,,1,,,,,7131.0
coast,1790347762,,,1,,,,,7131.0
coast,1790347767,,,1,,,,,7131.0
coast,1790347772,,,1,,,,,7131.0
coast,1790347777,,,1,,,,,7131.0
coast,1790347782,,,1,,,,,7131.0
coast,1790347787,,,1,,,,,7131.0
coast,1790347792,,,1,,,,,7131.0
coast,1790347797,,,1,,,,,7131.0
coast,1790347802,,,1,,,,,7131.0
coast,1790347807,,,1,,,,,7131.0
coast,1790347812,,,1,,,,,7131.0
coast,1790347817,,,1,,,,,7131.0
coast,1790347822,,,1,,,,,7131.0
coast,1790347827,,,1,,,,,7131.0
coast,1790347832,,,1,,,,,7131.0
coast,1790347837,,,1,,,,,7131.0
coast,1790347842,,,1,,,,,7131.0
coast,1790347847,,,1,,,,,7131.0
coast,1790347852,,,1,,,,,7131.0
coast,1790347857,,,1,,,,,7131.0
coast,1790347862,,,1,,,,,7131.0
coast,1790347867,,,1,,,,,7131.0
coast,1790347872,,,1,,,,,7131.0
coast,1790347877,,,1,,,,,7131.0
coast,1790347882,,,1,,,,,7131.0
coast,1790347887,,,1,,,,,7131.0
coast,1790347892,,,1,,,,,7131.0
coast,1790347897,,,1,,,,,7131.0
coast,1790347902,,,1,,,,,7131.0
coast,1790347907,,,1,,,,,7131.0
coast,1790347912,,,1,,,,,7131.0
coast,1790347917,,,1,,,,,7131.0
coast,1790347922,,,1,,,,,7131.0
coast,1790347927,,,1,,,,,7131.0
coast,1790347932,,,1,,,,,7131.0
coast,1790347937,,,1,,,,,7131.0
coast,1790347942,,,1,,,,,7131.0
coast,1790347947,,,1,,,,,7131.0
coast,1790347952,,,1,,,,,7131.0
coast,1790347957,,,1,,,,,7131.0
coast,1790347962,,,1,,,,,7131.0
coast,1790347967,,,1,,,,,7131.0
coast,1790347972,,,1,,,,,7131.0
coast,1790347977,,,1,,,,,7131.0
coast,1790347982,,,1,,,,,7131.0
coast,1790347987,,,1,,,,,7131.0
coast,1790347992,,,1,,,,,7131.0
coast,1790347997,,,1,,,,,7131.0
coast,1790348002,,,1,,,,,7131.0
coast,1790348007,,,1,,,,,7131.0
coast,1790348012,,,1,,,,,7131.0
coast,1790348017,,,1,,,,,7131.0
coast,1790348022,,,1,,,,,7131.0
coast,1790348027,,,1,,,,,7131.0
coast,1790348032,,,1,,,,,7131.0
coast,1790348037,,,1,,,,,7131.0
coast,1790348042,,,1,,,,,7131.0
coast,1790348047,,,1,,,,,7131.0
coast,1790348052,,,1,,,,,7131.0
coast,1790348057,,,1,,,,,7131.0
coast,1790348062,,,1,,,,,7131.0
coast,1790348067,,,1,,,,,7131.0
coast,1790348072,,,1,,,,,7131.0
coast,1790348077,,,1,,,,,7131.0
coast,1790348082,,,1,,,,,7131.0
coast,1790348087,,,1,,,,,7131.0
coast,1790348092,,,1,,,,,7131.0
coast,1790348097,,,1,,,,,7131.0
coast,1790348102,,,1,,,,,7131.0
coast,1790348107,,,1,,,,,7131.0
coast,1790348112,,,1,,,,,7131.0
coast,1790348117,,,1,,,,,7131.0
coast,1790348122,,,1,,,,,7131.0
coast,1790348127,,,1,,,,,7131.0
coast,1790348132,,,1,,,,,7131.0
coast,1790348137,,,1,,,,,7131.0
coast,1790348142,,,1,,,,,7131.0
coast,1790348147,,,1,,,,,7131.0
coast,1790348152,,,1,,,,,7131.0
coast,1790348157,,,1,,,,,7131.0
coast,1790348162,,,1,,,,,7131.0
coast,1790348167,,,1,,,,,7131.0
coast,1790348172,,,1,,,,,7131.0
coast,1790348177,,,1,,,,,7131.0
coast,1790348182,,,1,,,,,7131.0
coast,1790348187,,,1,,,,,7131.0
coast,1790348192,,,1,,,,,7131.0
coast,1790348197,,,1,,,,,7131.0
coast,1790348202,,,1,,,,,7131.0
coast,1790348207,,,1,,,,,7131.0
coast,1790348212,,,1,,,,,7131.0
coast,1790348217,,,1,,,,,7131.0
coast,1790348222,,,1,,,,,7131.0
coast,1790348227,,,1,,,,,7131.0
coast,1790348232,,,1,,,,,7131.0
coast,1790348237,,,1,,,,,7131.0
coast,1790348242,,,1,,,,,7131.0
coast,1790348247,,,1,,,,,7131.0
coast,1790348252,,,1,,,,,7131.0
coast,1790348257,,,1,,,,,7131.0
coast,1790348262,,,1,,,,,7131.0
coast,1790348267,,,1,,,,,7131.0
coast,1790348272,,,1,,,,,7131.0
coast,1790348277,,,1,,,,,7131.0
coast,1790348282,,,1,,,,,7131.0
coast,1790348287,,,1,,,,,7131.0
coast,1790348292,,,1,,,,,7131.0
coast,1790348297,,,1,,,,,7131.0
coast,1790348302,,,1,,,,,7131.0
coast,1790348307,,,1,,,,,7131.0
coast,1790348312,,,1,,,,,7131.0
coast,1790348317,,,1,,,,,7131.0
coast,1790348322,,,1,,,,,7131.0
coast,1790348327,,,1,,,,,7131.0
coast,1790348332,,,1,,,,,7131.0
coast,1790348337,,,1,,,,,7131.0
coast,1790348342,,,1,,,,,7131.0
coast,1790348347,,,1,,,,,7131.0
coast,1790348352,,,1,,,,,7131.0
coast,1790348357,,,1,,,,,7131.0
coast,1790348362,,,1,,,,,7131.0
coast,1790348367,,,1,,,,,7131.0
coast,1790348372,,,1,,,,,7131.0
coast,1790348377,,,1,,,,,7131.0
coast,1790348382,,,1,,,,,7131.0
coast,1790348387,,,1,,,,,7131.0
coast,1790348392,,,1,,,,,7131.0
coast,1790348397,,,1,,,,,7131.0
coast,1790348402,,,1,,,,,7131.0
coast,1790348407,,,1,,,,,7131.0
coast,1790348412,,,1,,,,,7131.0
coast,1790348417,,,1,,,,,7131.0
coast,1790348422,,,1,,,,,7131.0
coast,1790348427,,,1,,,,,7131.0
coast,1790348432,,,1,,,,,7131.0
coast,1790348437,,,1,,,,,7131.0
coast,1790348442,,,1,,,,,7131.0
coast,1790348447,,,1,,,,,7131.0
coast,1790348452,,,1,,,,,7131.0
coast,1790348457,,,1,,,,,7131.0
coast,1790348462,,,1,,,,,7131.0
coast,1790348467,,,1,,,,,7131.0
coast,1790348472,,,1,,,,,7131.0
coast,1790348477,,,1,,,,,7131.0
coast,1790348482,,,1,,,,,7131.0
coast,1790348487,,,1,,,,,7131.0
coast,1790348492,,,1,,,,,7131.0
coast,1790348497,,,1,,,,,7131.0
coast,1790348502,,,1,,,,,7131.0
coast,1790348507,,,1,,,,,7131.0
coast,1790348512,,,1,,,,,7131.0
coast,1790348517,,,1,,,,,7131.0
coast,1790348522,,,1,,,,,7131.0
coast,1790348527,,,1,,,,,7131.0
coast,1790348532,,,1,,,,,7131.0
coast,1790348537,,,1,,,,,7131.0
coast,1790348542,,,1,,,,,7131.0
coast,1790348547,,,1,,,,,7131.0
coast,1790348552,,,1,,,,,7131.0
coast,1790348557,,,1,,,,,7131.0
coast,1790348562,,,1,,,,,7131.0
coast,1790348567,,,1,,,,,7131.0
coast,1790348572,,,1,,,,,7131.0
coast,1790348577,,,1,,,,,7131.0
coast,1790348582,,,1,,,,,7131.0
coast,1790348587,,,1,,,,,7131.0
coast,1790348592,,,1,,,,,7131.0
coast,1790348597,,,1,,,,,7131.0
coast,1790348602,,,1,,,,,7131.0
coast,1790348607,,,1,,,,,7131.0
coast,1790348612,,,1,,,,,7131.0
coast,1790348617,,,1,,,,,7131.0
coast,1790348622,,,1,,,,,7131.0
coast,1790348627,,,1,,,,,7131.0
coast,1790348632,,,1,,,,,7131.0
coast,1790348637,,,1,,,,,7131.0
coast,1790348642,,,1,,,,,7131.0
coast,1790348647,,,1,,,,,7131.0
coast,1790348652,,,1,,,,,7131.0
coast,1790348657,,,1,,,,,7131.0
coast,1790348662,,,1,,,,,7131.0
coast,1790348667,,,1,,,,,7131.0
coast,1790348672,,,1,,,,,7131.0
coast,1790348677,,,1,,,,,7131.0
coast,1790348682,,,1,,,,,7131.0
coast,1790348687,,,1,,,,,7131.0
coast,1790348692,,,1,,,,,7131.0
coast,1790348697,,,1,,,,,7131.0
coast,1790348702,,,1,,,,,7131.0
coast,1790348707,,,1,,,,,7131.0
coast,1790348712,,,1,,,,,7131.0
coast,1790348717,,,1,,,,,7131.0
coast,1790348722,,,1,,,,,7131.0
coast,1790348727,,,1,,,,,7131.0
coast,1790348732,,,1,,,,,7131.0
coast,1790348737,,,1,,,,,7131.0
coast,1790348742,,,1,,,,,7131.0
coast,1790348747,,,1,,,,,7131.0
coast,1790348752,,,1,,,,,7131.0
coast,1790348757,,,1,,,,,7131.0
coast,1790348762,,,1,,,,,7131.0
coast,1790348767,,,1,,,,,7131.0
coast,1790348772,,,1,,,,,7131.0
coast,1790348777,,,1,,,,,7131.0
coast,1790348782,,,1,,,,,7131.0
coast,1790348787,,,1,,,,,7131.0
coast,1790348792,,,1,,,,,7131.0
coast,1790348797,,,1,,,,,7131.0
coast,1790348802,,,1,,,,,7131.0
coast,1790348807,,,1,,,,,7131.0
coast,1790348812,,,1,,,,,7131.0
coast,1790348817,,,1,,,,,7131.0
coast,1790348822,,,1,,,,,7131.0
coast,1790348827,,,1,,,,,7131.0
coast,1790348832,,,1,,,,,7131.0
coast,1790348837,,,1,,,,,7131.0
coast,1790348842,,,1,,,,,7131.0
coast,1790348847,,,1,,,,,7131.0
coast,1790348852,,,1,,,,,7131.0
coast,1790348857,,,1,,,,,7131.0
coast,1790348862,,,1,,,,,7131.0
coast,1790348867,,,1,,,,,7131.0
coast,1790348872,,,1,,,,,7131.0
coast,1790348877,,,1,,,,,7131.0
coast,1790348882,,,1,,,,,7131.0
coast,1790348887,,,1,,,,,7131.0
coast,1790348892,,,1,,,,,7131.0
coast,1790348897,,,1,,,,,7131.0
coast,1790348902,,,1,,,,,7131.0
coast,1790348907,,,1,,,,,7131.0
coast,1790348912,,,1,,,,,7131.0
coast,1790348917,,,1,,,,,7131.0
coast,1790348922,,,1,,,,,7131.0
fix,1790348925,6408.6,5774.1,0,,,,,
fix,1790349424,2.4,2.3,1,2.4,0.00,9.7,accepted,2.4
coast,1790349429,,,1,,,,,2.4
coast,1790349434,,,1,,,,,2.4
coast,1790349439,,,1,,,,,2.4
coast,1790349444,,,1,,,,,2.4
coast,1790349449,,,1,,,,,2.4
coast,1790349454,,,1,,,,,2.4
coast,1790349459,,,1,,,,,2.4
coast,1790349464,,,1,,,,,2.4
coast,1790349469,,,1,,,,,2.4
coast,1790349474,,,1,,,,,2.4
coast,1790349479,,,1,,,,,2.4
coast,1790349484,,,1,,,,,2.4
coast,1790349489,,,1,,,,,2.4
coast,1790349494,,,1,,,,,2.4
coast,1790349499,,,1,,,,,2.4
coast,1790349504,,,1,,,,,2.4
fix,1790349507,133.4,13.1,1,133.4,2.26,10.2,accepted,133.4
fix,1790349511,133.4,13.1,1,134.4,0.47,9.7,accepted,134.4
coast,1790349516,,,1,,,,,136.3
coast,1790349521,,,1,,,,,137.6
coast,1790349526,,,1,,,,,138.4
coast,1790349531,,,1,,,,,139.0
fix,1790349535,264.8,0.9,1,264.1,6.51,10.2,accepted,264.1
coast,1790349540,,,1,,,,,290.7
coast,1790349545,,,1,,,,,308.3
coast,1790349550,,,1,,,,,319.8
fix,1790349553,305.5,3.9,1,306.4,1.54,10.2,accepted,306.4
coast,1790349558,,,1,,,,,312.7
coast,1790349563,,,1,,,,,316.8
coast,1790349568,,,1,,,,,319.6
coast,1790349573,,,1,,,,,321.4
coast,1790349578,,,1,,,,,322.6
coast,1790349583,,,1,,,,,323.3
coast,1790349588,,,1,,,,,323.9
coast,1790349593,,,1,,,,,324.2
coast,1790349598,,,1,,,,,324.4
fix,1790349600,380.3,12.8,1,380.3,1.58,10.2,accepted,380.3
coast,1790349605,,,1,,,,,386.8
coast,1790349610,,,1,,,,,391.1
coast,1790349615,,,1,,,,,393.9
coast,1790349620,,,1,,,,,395.7
coast,1790349625,,,1,,,,,397.0
coast,1790349630,,,1,,,,,397.8
coast,1790349635,,,1,,,,,398.3
coast,1790349640,,,1,,,,,398.7
fix,1790349645,429.1,75.0,1,429.1,0.95,10.2,accepted,429.1
coast,1790349650,,,1,,,,,433.0
coast,1790349655,,,1,,,,,435.6
coast,1790349660,,,1,,,,,437.3
coast,1790349665,,,1,,,,,438.4
coast,1790349670,,,1,,,,,439.1
coast,1790349675,,,1,,,,,439.6
coast,1790349680,,,1,,,,,439.9
coast,1790349685,,,1,,,,,440.1
coast,1790349690,,,1,,,,,440.3
coast,1790349695,,,1,,,,,440.4
fix,1790349698,607.7,5.2,1,607.6,4.06,10.2,accepted,607.6
coast,1790349703,,,1,,,,,624.2
coast,1790349708,,,1,,,,,635.1
coast,1790349713,,,1,,,,,642.3
coast,1790349718,,,1,,,,,647.1
coast,1790349723,,,1,,,,,650.2
coast,1790349728,,,1,,,,,652.3
coast,1790349733,,,1,,,,,653.7
coast,1790349738,,,1,,,,,654.6
coast,1790349743,,,1,,,,,655.1
fix,1790349748,638.2,8.5,1,638.3,-0.28,10.2,accepted,638.3
coast,1790349753,,,1,,,,,637.2
coast,1790349758,,,1,,,,,636.4
coast,1790349763,,,1,,,,,635.9
coast,1790349768,,,1,,,,,635.6
coast,1790349773,,,1,,,,,635.4
coast,1790349778,,,1,,,,,635.2
coast,1790349783,,,1,,,,,635.1
coast,1790349788,,,1,,,,,635.1
coast,1790349793,,,1,,,,,635.0
coast,1790349798,,,1,,,,,635.0
coast,1790349803,,,1,,,,,635.0
fix,1790349806,904.8,0.0,1,904.6,5.97,10.2,accepted,904.6
coast,1790349811,,,1,,,,,929.1
coast,1790349816,,,1,,,,,945.2
coast,1790349821,,,1,,,,,955.8
coast,1790349826,,,1,,,,,962.8
coast,1790349831,,,1,,,,,967.4
coast,1790349836,,,1,,,,,970.4
coast,1790349841,,,1,,,,,972.4
coast,1790349846,,,1,,,,,973.8
coast,1790349851,,,1,,,,,974.6
coast,1790349856,,,1,,,,,975.2
coast,1790349861,,,1,,,,,975.6
fix,1790349863,1028.8,1.1,1,1028.9,1.17,10.2,accepted,1028.9
coast,1790349868,,,1,,,,,1033.7
coast,1790349873,,,1,,,,,1036.9
coast,1790349878,,,1,,,,,1039.0
coast,1790349883,,,1,,,,,1040.3
coast,1790349888,,,1,,,,,1041.2
coast,1790349893,,,1,,,,,1041.8
coast,1790349898,,,1,,,,,1042.2
coast,1790349903,,,1,,,,,1042.5
coast,1790349908,,,1,,,,,1042.7
coast,1790349913,,,1,,,,,1042.8
coast,1790349918,,,1,,,,,1042.9
coast,1790349923,,,1,,,,,1042.9
coast,1790349928,,,1,,,,,1042.9
coast,1790349933,,,1,,,,,1043.0
coast,1790349938,,,1,,,,,1043.0
coast,1790349943,,,1,,,,,1043.0
coast,1790349948,,,1,,,,,1043.0
fix,1790349953,1150.7,9.9,1,1150.7,1.41,10.2,accepted,1150.7
coast,1790349958,,,1,,,,,1156.5
coast,1790349963,,,1,,,,,1160.3
coast,1790349968,,,1,,,,,1162.8
coast,1790349973,,,1,,,,,1164.4
coast,1790349978,,,1,,,,,1165.5
fix,1790349980,1197.7,4.1,1,1197.7,1.78,10.2,accepted,1197.7
coast,1790349985,,,1,,,,,1205.0
coast,1790349990,,,1,,,,,1209.8
coast,1790349995,,,1,,,,,1213.0
coast,1790350000,,,1,,,,,1215.1
coast,1790350005,,,1,,,,,1216.4
coast,1790350010,,,1,,,,,1217.3
coast,1790350015,,,1,,,,,1217.9
coast,1790350020,,,1,,,,,1218.3
coast,1790350025,,,1,,,,,1218.6
coast,1790350030,,,1,,,,,1218.8
coast,1790350035,,,1,,,,,1218.9
fix,1790350039,1339.2,2.1,1,1339.2,2.61,10.2,accepted,1339.2
coast,1790350044,,,1,,,,,1349.8
coast,1790350049,,,1,,,,,1356.9
coast,1790350054,,,1,,,,,1361.5
coast,1790350059,,,1,,,,,1364.6
coast,1790350064,,,1,,,,,1366.6
coast,1790350069,,,1,,,,,1367.9
coast,1790350074,,,1,,,,,1368.8
coast,1790350079,,,1,,,,,1369.4
coast,1790350084,,,1,,,,,1369.8
coast,1790350089,,,1,,,,,1370.0
coast,1790350094,,,1,,,,,1370.2
fix,1790350098,1499.1,0.6,1,1499.1,2.74,10.2,accepted,1499.1
coast,1790350103,,,1,,,,,1510.3
coast,1790350108,,,1,,,,,1517.7
coast,1790350113,,,1,,,,,1522.6
coast,1790350118,,,1,,,,,1525.8
coast,1790350123,,,1,,,,,1527.9
coast,1790350128,,,1,,,,,1529.3
coast,1790350133,,,1,,,,,1530.2
coast,1790350138,,,1,,,,,1530.8
coast,1790350143,,,1,,,,,1531.2
coast,1790350148,,,1,,,,,1531.5
coast,1790350153,,,1,,,,,1531.7
coast,1790350158,,,1,,,,,1531.8
coast,1790350163,,,1,,,,,1531.8
coast,1790350168,,,1,,,,,1531.9
coast,1790350173,,,1,,,,,1531.9
coast,1790350178,,,1,,,,,1531.9
coast,1790350183,,,1,,,,,1532.0
coast,1790350188,,,1,,,,,1532.0
fix,1790350189,1678.8,3.7,1,1678.9,1.73,10.2,accepted,1678.9
coast,1790350194,,,1,,,,,1685.9
coast,1790350199,,,1,,,,,1690.6
coast,1790350204,,,1,,,,,1693.7
coast,1790350209,,,1,,,,,1695.7
coast,1790350214,,,1,,,,,1697.0
coast,1790350219,,,1,,,,,1697.9
coast,1790350224,,,1,,,,,1698.5
coast,1790350229,,,1,,,,,1698.9
coast,1790350234,,,1,,,,,1699.1
coast,1790350239,,,1,,,,,1699.3
fix,1790350242,1731.9,7.5,1,1731.9,0.85,10.2,accepted,1731.9
coast,1790350247,,,1,,,,,1735.4
coast,1790350252,,,1,,,,,1737.7
coast,1790350257,,,1,,,,,1739.2
coast,1790350262,,,1,,,,,1740.2
coast,1790350267,,,1,,,,,1740.9
coast,1790350272,,,1,,,,,1741.3
coast,1790350277,,,1,,,,,1741.6
coast,1790350282,,,1,,,,,1741.8
coast,1790350287,,,1,,,,,1741.9
fix,1790350291,1760.2,5.1,1,1760.2,0.51,10.2,accepted,1760.2
coast,1790350296,,,1,,,,,1762.3
coast,1790350301,,,1,,,,,1763.7
coast,1790350306,,,1,,,,,1764.6
coast,1790350311,,,1,,,,,1765.2
coast,1790350316,,,1,,,,,1765.6
coast,1790350321,,,1,,,,,1765.9
coast,1790350326,,,1,,,,,1766.0
coast,1790350331,,,1,,,,,1766.1
coast,1790350336,,,1,,,,,1766.2
coast,1790350341,,,1,,,,,1766.3
coast,1790350346,,,1,,,,,1766.3
coast,1790350351,,,1,,,,,1766.3
fix,1790350355,1794.0,4.9,1,1794.0,0.53,10.2,accepted,1794.0
coast,1790350360,,,1,,,,,1796.2
fix,1790350364,1813.2,2.1,1,1812.8,2.14,10.1,accepted,1812.8
coast,1790350369,,,1,,,,,1821.5
coast,1790350374,,,1,,,,,1827.3
coast,1790350379,,,1,,,,,1831.1
coast,1790350384,,,1,,,,,1833.6
coast,1790350389,,,1,,,,,1835.3
coast,1790350394,,,1,,,,,1836.4
coast,1790350399,,,1,,,,,1837.1
coast,1790350404,,,1,,,,,1837.5
coast,1790350409,,,1,,,,,1837.9
coast,1790350414,,,1,,,,,1838.1
coast,1790350419,,,1,,,,,1838.2
fix,1790350423,1958.0,5.7,1,1958.0,2.59,10.2,accepted,1958.0
coast,1790350428,,,1,,,,,1968.6
coast,1790350433,,,1,,,,,1975.6
coast,1790350438,,,1,,,,,1980.2
coast,1790350443,,,1,,,,,1983.2
coast,1790350448,,,1,,,,,1985.2
coast,1790350453,,,1,,,,,1986.5
coast,1790350458,,,1,,,,,1987.4
coast,1790350463,,,1,,,,,1988.0
fix,1790350468,2036.5,0.3,1,2036.5,1.54,10.2,accepted,2036.5
coast,1790350473,,,1,,,,,2042.9
coast,1790350478,,,1,,,,,2047.0
coast,1790350483,,,1,,,,,2049.8
coast,1790350488,,,1,,,,,2051.6
coast,1790350493,,,1,,,,,2052.7
coast,1790350498,,,1,,,,,2053.5
coast,1790350503,,,1,,,,,2054.1
coast,1790350508,,,1,,,,,2054.4
coast,1790350513,,,1,,,,,2054.6
coast,1790350518,,,1,,,,,2054.8
coast,1790350523,,,1,,,,,2054.9
fix,1790350524,2196.3,4.5,1,2196.2,3.23,10.2,accepted,2196.2
coast,1790350529,,,1,,,,,2209.4
fix,1790350534,2196.3,4.5,1,2197.1,-0.07,10.1,accepted,2197.1
coast,1790350539,,,1,,,,,2196.8
coast,1790350544,,,1,,,,,2196.6
coast,1790350549,,,1,,,,,2196.5
coast,1790350554,,,1,,,,,2196.4
coast,1790350559,,,1,,,,,2196.3
coast,1790350564,,,1,,,,,2196.3
coast,1790350569,,,1,,,,,2196.3
coast,1790350574,,,1,,,,,2196.2
coast,1790350579,,,1,,,,,2196.2
coast,1790350584,,,1,,,,,2196.2
fix,1790350588,2211.6,2.0,1,2211.6,0.40,10.2,accepted,2211.6
coast,1790350593,,,1,,,,,2213.2
coast,1790350598,,,1,,,,,2214.3
fix,1790350601,2260.4,5.4,1,2259.7,4.00,10.2,accepted,2259.7
coast,1790350606,,,1,,,,,2276.1
coast,1790350611,,,1,,,,,2286.9
coast,1790350616,,,1,,,,,2294.0
coast,1790350621,,,1,,,,,2298.7
fix,1790350626,2414.7,0.0,1,2414.4,6.81,10.2,accepted,2414.4
coast,1790350631,,,1,,,,,2442.2
coast,1790350636,,,1,,,,,2460.6
coast,1790350641,,,1,,,,,2472.7
coast,1790350646,,,1,,,,,2480.7
coast,1790350651,,,1,,,,,2485.9
coast,1790350656,,,1,,,,,2489.4
coast,1790350661,,,1,,,,,2491.7
fix,1790350663,2428.2,5.1,1,2428.6,-1.57,10.2,accepted,2428.6
coast,1790350668,,,1,,,,,2422.2
coast,1790350673,,,1,,,,,2418.0
coast,1790350678,,,1,,,,,2415.2
coast,1790350683,,,1,,,,,2413.4
coast,1790350688,,,1,,,,,2412.1
coast,1790350693,,,1,,,,,2411.4
coast,1790350698,,,1,,,,,2410.8
coast,1790350703,,,1,,,,,2410.5
coast,1790350708,,,1,,,,,2410.3
coast,1790350713,,,1,,,,,2410.1
coast,1790350718,,,1,,,,,2410.0
fix,1790350722,2551.4,2.2,1,2551.2,3.25,10.2,accepted,2551.2
coast,1790350727,,,1,,,,,2564.6
coast,1790350732,,,1,,,,,2573.3
coast,1790350737,,,1,,,,,2579.1
coast,1790350742,,,1,,,,,2582.9
coast,1790350747,,,1,,,,,2585.4
coast,1790350752,,,1,,,,,2587.1
coast,1790350757,,,1,,,,,2588.2
coast,1790350762,,,1,,,,,2588.9
coast,1790350767,,,1,,,,,2589.4
coast,1790350772,,,1,,,,,2589.7
coast,1790350777,,,1,,,,,2589.9
coast,1790350782,,,1,,,,,2590.0
coast,1790350787,,,1,,,,,2590.1
coast,1790350792,,,1,,,,,2590.2
coast,1790350797,,,1,,,,,2590.2
coast,1790350802,,,1,,,,,2590.2
coast,1790350807,,,1,,,,,2590.3
coast,1790350812,,,1,,,,,2590.3
fix,1790350815,2605.1,4.7,1,2605.1,-0.29,10.2,accepted,2605.1
coast,1790350820,,,1,,,,,2603.9
coast,1790350825,,,1,,,,,2603.2
coast,1790350830,,,1,,,,,2602.6
coast,1790350835,,,1,,,,,2602.3
coast,1790350840,,,1,,,,,2602.1
coast,1790350845,,,1,,,,,2601.9
coast,1790350850,,,1,,,,,2601.8
coast,1790350855,,,1,,,,,2601.8
coast,1790350860,,,1,,,,,2601.7
coast,1790350865,,,1,,,,,2601.7
coast,1790350870,,,1,,,,,2601.7
coast,1790350875,,,1,,,,,2601.7
coast,1790350880,,,1,,,,,2601.7
fix,1790350885,2863.8,2.2,1,2863.7,4.63,10.2,accepted,2863.7
coast,1790350890,,,1,,,,,2882.7
coast,1790350895,,,1,,,,,2895.2
fix,1790350898,2947.9,3.4,1,2947.6,6.58,10.2,accepted,2947.6
coast,1790350903,,,1,,,,,2974.5
coast,1790350908,,,1,,,,,2992.2
coast,1790350913,,,1,,,,,3003.9
coast,1790350918,,,1,,,,,3011.6
coast,1790350923,,,1,,,,,3016.7
coast,1790350928,,,1,,,,,3020.0
coast,1790350933,,,1,,,,,3022.2
coast,1790350938,,,1,,,,,3023.7
coast,1790350943,,,1,,,,,3024.7
coast,1790350948,,,1,,,,,3025.3
coast,1790350953,,,1,,,,,3025.7
fix,1790350957,2996.9,3.7,1,2997.1,-1.42,10.2,accepted,2997.1
coast,1790350962,,,1,,,,,2991.3
coast,1790350967,,,1,,,,,2987.5
coast,1790350972,,,1,,,,,2984.9
coast,1790350977,,,1,,,,,2983.3
coast,1790350982,,,1,,,,,2982.2
coast,1790350987,,,1,,,,,2981.5
coast,1790350992,,,1,,,,,2981.0
coast,1790350997,,,1,,,,,2980.7
coast,1790351002,,,1,,,,,2980.5
coast,1790351007,,,1,,,,,2980.3
coast,1790351012,,,1,,,,,2980.2
coast,1790351017,,,1,,,,,2980.2
coast,1790351022,,,1,,,,,2980.1
coast,1790351027,,,1,,,,,2980.1
coast,1790351032,,,1,,,,,2980.1
coast,1790351037,,,1,,,,,2980.1
coast,1790351042,,,1,,,,,2980.1
coast,1790351047,,,1,,,,,2980.1
coast,1790351052,,,1,,,,,2980.1
coast,1790351057,,,1,,,,,2980.1
coast,1790351062,,,1,,,,,2980.1
coast,1790351067,,,1,,,,,2980.1
coast,1790351072,,,1,,,,,2980.0
coast,1790351077,,,1,,,,,2980.0
coast,1790351082,,,1,,,,,2980.0
coast,1790351087,,,1,,,,,2980.0
fix,1790351088,3057.4,2.8,1,3057.4,1.15,10.2,accepted,3057.4
coast,1790351093,,,1,,,,,3062.1
coast,1790351098,,,1,,,,,3065.2
coast,1790351103,,,1,,,,,3067.2
coast,1790351108,,,1,,,,,3068.6
coast,1790351113,,,1,,,,,3069.5
coast,1790351118,,,1,,,,,3070.0
coast,1790351123,,,1,,,,,3070.4
coast,1790351128,,,1,,,,,3070.7
coast,1790351133,,,1,,,,,3070.9
coast,1790351138,,,1,,,,,3071.0
coast,1790351143,,,1,,,,,3071.0
fix,1790351146,3209.2,5.7,1,3209.2,2.87,10.2,accepted,3209.2
coast,1790351151,,,1,,,,,3220.9
coast,1790351156,,,1,,,,,3228.7
coast,1790351161,,,1,,,,,3233.8
coast,1790351166,,,1,,,,,3237.2
coast,1790351171,,,1,,,,,3239.4
coast,1790351176,,,1,,,,,3240.9
coast,1790351181,,,1,,,,,3241.8
coast,1790351186,,,1,,,,,3242.5
coast,1790351191,,,1,,,,,3242.9
coast,1790351196,,,1,,,,,3243.1
coast,1790351201,,,1,,,,,3243.3
fix,1790351205,3317.3,7.5,1,3317.4,1.56,10.2,accepted,3317.4
coast,1790351210,,,1,,,,,3323.7
coast,1790351215,,,1,,,,,3327.9
coast,1790351220,,,1,,,,,3330.7
fix,1790351223,3350.5,1.5,1,3350.5,1.87,10.2,accepted,3350.5
coast,1790351228,,,1,,,,,3358.2
coast,1790351233,,,1,,,,,3363.2
coast,1790351238,,,1,,,,,3366.6
coast,1790351243,,,1,,,,,3368.7
coast,1790351248,,,1,,,,,3370.2
coast,1790351253,,,1,,,,,3371.1
coast,1790351258,,,1,,,,,3371.8
coast,1790351263,,,1,,,,,3372.2
fix,1790351264,3581.3,2.5,1,3581.1,6.89,10.2,accepted,3581.1
coast,1790351269,,,1,,,,,3609.2
coast,1790351274,,,1,,,,,3627.8
coast,1790351279,,,1,,,,,3640.1
coast,1790351284,,,1,,,,,3648.1
coast,1790351289,,,1,,,,,3653.4
coast,1790351294,,,1,,,,,3657.0
coast,1790351299,,,1,,,,,3659.3
fix,1790351300,3581.3,2.5,1,3581.7,-1.70,10.2,accepted,3581.7
coast,1790351305,,,1,,,,,3574.8
coast,1790351310,,,1,,,,,3570.2
coast,1790351315,,,1,,,,,3567.2
coast,1790351320,,,1,,,,,3565.2
coast,1790351325,,,1,,,,,3563.8
coast,1790351330,,,1,,,,,3563.0
coast,1790351335,,,1,,,,,3562.4
coast,1790351340,,,1,,,,,3562.0
coast,1790351345,,,1,,,,,3561.8
coast,1790351350,,,1,,,,,3561.6
coast,1790351355,,,1,,,,,3561.5
coast,1790351360,,,1,,,,,3561.4
coast,1790351365,,,1,,,,,3561.4
fix,1790351369,3722.6,6.2,1,3722.5,3.31,10.2,accepted,3722.5
fix,1790351370,3722.6,6.2,1,3723.9,2.79,7.8,accepted,3723.9
coast,1790351375,,,1,,,,,3735.3
coast,1790351380,,,1,,,,,3742.8
coast,1790351385,,,1,,,,,3747.8
coast,1790351390,,,1,,,,,3751.1
coast,1790351395,,,1,,,,,3753.2
coast,1790351400,,,1,,,,,3754.6
coast,1790351405,,,1,,,,,3755.6
coast,1790351410,,,1,,,,,3756.2
coast,1790351415,,,1,,,,,3756.6
coast,1790351420,,,1,,,,,3756.9
fix,1790351423,3900.3,1.9,1,3900.2,3.46,10.2,accepted,3900.2
coast,1790351428,,,1,,,,,3914.4
coast,1790351433,,,1,,,,,3923.7
coast,1790351438,,,1,,,,,3929.9
coast,1790351443,,,1,,,,,3933.9
coast,1790351448,,,1,,,,,3936.6
coast,1790351453,,,1,,,,,3938.4
coast,1790351458,,,1,,,,,3939.5
coast,1790351463,,,1,,,,,3940.3
coast,1790351468,,,1,,,,,3940.8
coast,1790351473,,,1,,,,,3941.1
coast,1790351478,,,1,,,,,3941.4
fix,1790351481,3946.3,68.3,1,3946.3,0.06,10.2,accepted,3946.3
coast,1790351486,,,1,,,,,3946.6
coast,1790351491,,,1,,,,,3946.8
coast,1790351496,,,1,,,,,3946.9
coast,1790351501,,,1,,,,,3946.9
coast,1790351506,,,1,,,,,3947.0
coast,1790351511,,,1,,,,,3947.0
coast,1790351516,,,1,,,,,3947.0
coast,1790351521,,,1,,,,,3947.0
coast,1790351526,,,1,,,,,3947.0
coast,1790351531,,,1,,,,,3947.1
coast,1790351536,,,1,,,,,3947.1
fix,1790351540,4026.0,30.6,1,4025.9,1.70,10.2,accepted,4025.9
coast,1790351545,,,1,,,,,4032.9
coast,1790351550,,,1,,,,,4037.4
coast,1790351555,,,1,,,,,4040.4
coast,1790351560,,,1,,,,,4042.4
coast,1790351565,,,1,,,,,4043.7
fix,1790351570,4116.9,5.1,1,4116.8,3.27,10.2,accepted,4116.8
coast,1790351575,,,1,,,,,4130.2
coast,1790351580,,,1,,,,,4139.0
coast,1790351585,,,1,,,,,4144.8
coast,1790351590,,,1,,,,,4148.6
coast,1790351595,,,1,,,,,4151.2
coast,1790351600,,,1,,,,,4152.8
coast,1790351605,,,1,,,,,4153.9
coast,1790351610,,,1,,,,,4154.6
coast,1790351615,,,1,,,,,4155.1
coast,1790351620,,,1,,,,,4155.4
coast,1790351625,,,1,,,,,4155.6
coast,1790351630,,,1,,,,,4155.8
coast,1790351635,,,1,,,,,4155.9
coast,1790351640,,,1,,,,,4155.9
coast,1790351645,,,1,,,,,4156.0
coast,1790351650,,,1,,,,,4156.0
coast,1790351655,,,1,,,,,4156.0
coast,1790351660,,,1,,,,,4156.0
coast,1790351665,,,1,,,,,4156.0
coast,1790351670,,,1,,,,,4156.0
coast,1790351675,,,1,,,,,4156.0
coast,1790351680,,,1,,,,,4156.0
coast,1790351685,,,1,,,,,4156.0
coast,1790351690,,,1,,,,,4156.0
coast,1790351695,,,1,,,,,4156.0
coast,1790351700,,,1,,,,,4156.0
coast,1790351705,,,1,,,,,4156.0
fix,1790351710,4149.9,1.8,1,4149.9,-1.03,10.2,accepted,4149.9
coast,1790351715,,,1,,,,,4145.7
coast,1790351720,,,1,,,,,4142.9
coast,1790351725,,,1,,,,,4141.1
coast,1790351730,,,1,,,,,4139.9
coast,1790351735,,,1,,,,,4139.1
coast,1790351740,,,1,,,,,4138.6
coast,1790351745,,,1,,,,,4138.2
fix,1790351749,4169.9,1.9,1,4169.9,0.71,10.2,accepted,4169.9
coast,1790351754,,,1,,,,,4172.8
coast,1790351759,,,1,,,,,4174.7
coast,1790351764,,,1,,,,,4176.0
coast,1790351769,,,1,,,,,4176.8
coast,1790351774,,,1,,,,,4177.3
coast,1790351779,,,1,,,,,4177.7
coast,1790351784,,,1,,,,,4177.9
coast,1790351789,,,1,,,,,4178.1
coast,1790351794,,,1,,,,,4178.2
coast,1790351799,,,1,,,,,4178.3
coast,1790351804,,,1,,,,,4178.3
fix,1790351808,4259.9,8.7,1,4259.9,1.78,10.2,accepted,4259.9
coast,1790351813,,,1,,,,,4267.2
coast,1790351818,,,1,,,,,4271.9
coast,1790351823,,,1,,,,,4275.1
coast,1790351828,,,1,,,,,4277.2
coast,1790351833,,,1,,,,,4278.5
coast,1790351838,,,1,,,,,4279.5
coast,1790351843,,,1,,,,,4280.0
fix,1790351844,4421.5,5.2,1,4421.4,5.04,10.2,accepted,4421.4
coast,1790351849,,,1,,,,,4442.0
coast,1790351854,,,1,,,,,4455.6
fix,1790351858,4494.7,3.2,1,4494.7,5.26,10.2,accepted,4494.7
coast,1790351863,,,1,,,,,4516.2
coast,1790351868,,,1,,,,,4530.4
coast,1790351873,,,1,,,,,4539.7
coast,1790351878,,,1,,,,,4545.9
coast,1790351883,,,1,,,,,4549.9
coast,1790351888,,,1,,,,,4552.6
coast,1790351893,,,1,,,,,4554.4
fix,1790351897,4548.2,3.0,1,4548.5,0.03,10.2,accepted,4548.5
coast,1790351902,,,1,,,,,4548.6
coast,1790351907,,,1,,,,,4548.7
coast,1790351912,,,1,,,,,4548.8
fix,1790351916,4634.6,6.8,1,4633.9,5.24,10.2,accepted,4633.9
coast,1790351921,,,1,,,,,4655.3
coast,1790351926,,,1,,,,,4669.4
coast,1790351931,,,1,,,,,4678.7
coast,1790351936,,,1,,,,,4684.9
coast,1790351941,,,1,,,,,4688.9
coast,1790351946,,,1,,,,,4691.6
fix,1790351947,4695.1,0.7,1,4695.4,1.01,10.2,accepted,4695.4
coast,1790351952,,,1,,,,,4699.6
coast,1790351957,,,1,,,,,4702.3
coast,1790351962,,,1,,,,,4704.1
fix,1790351963,4788.6,1.3,1,4787.6,6.51,10.2,accepted,4787.6
coast,1790351968,,,1,,,,,4814.2
coast,1790351973,,,1,,,,,4831.7
fix,1790351974,4861.9,0.2,1,4861.8,6.78,10.0,accepted,4861.8
coast,1790351979,,,1,,,,,4889.5
coast,1790351984,,,1,,,,,4907.8
coast,1790351989,,,1,,,,,4919.8
coast,1790351994,,,1,,,,,4927.8
coast,1790351999,,,1,,,,,4933.0
coast,1790352004,,,1,,,,,4936.5
fix,1790352008,4861.9,0.2,1,4862.6,-2.26,10.2,accepted,4862.6
coast,1790352013,,,1,,,,,4853.3
coast,1790352018,,,1,,,,,4847.2
coast,1790352023,,,1,,,,,4843.2
coast,1790352028,,,1,,,,,4840.5
coast,1790352033,,,1,,,,,4838.8
coast,1790352038,,,1,,,,,4837.6
coast,1790352043,,,1,,,,,4836.9
coast,1790352048,,,1,,,,,4836.4
coast,1790352053,,,1,,,,,4836.0
coast,1790352058,,,1,,,,,4835.8
fix,1790352060,5021.6,5.5,1,5021.4,4.75,10.2,accepted,5021.4
coast,1790352065,,,1,,,,,5040.8
coast,1790352070,,,1,,,,,5053.6
coast,1790352075,,,1,,,,,5062.0
coast,1790352080,,,1,,,,,5067.6
coast,1790352085,,,1,,,,,5071.3
coast,1790352090,,,1,,,,,5073.7
coast,1790352095,,,1,,,,,5075.3
fix,1790352098,5075.8,5.5,1,5075.9,0.68,10.2,accepted,5075.9
coast,1790352103,,,1,,,,,5078.7
coast,1790352108,,,1,,,,,5080.5
coast,1790352113,,,1,,,,,5081.7
coast,1790352118,,,1,,,,,5082.5
coast,1790352123,,,1,,,,,5083.1
coast,1790352128,,,1,,,,,5083.4
coast,1790352133,,,1,,,,,5083.6
coast,1790352138,,,1,,,,,5083.8
coast,1790352143,,,1,,,,,5083.9
fix,1790352145,5229.0,2.0,1,5228.9,3.99,10.2,accepted,5228.9
coast,1790352150,,,1,,,,,5245.2
coast,1790352155,,,1,,,,,5256.0
coast,1790352160,,,1,,,,,5263.1
coast,1790352165,,,1,,,,,5267.8
coast,1790352170,,,1,,,,,5270.8
coast,1790352175,,,1,,,,,5272.9
coast,1790352180,,,1,,,,,5274.2
fix,1790352184,5350.9,4.4,1,5350.9,2.92,10.2,accepted,5350.9
coast,1790352189,,,1,,,,,5362.9
coast,1790352194,,,1,,,,,5370.7
coast,1790352199,,,1,,,,,5375.9
coast,1790352204,,,1,,,,,5379.4
coast,1790352209,,,1,,,,,5381.6
coast,1790352214,,,1,,,,,5383.1
coast,1790352219,,,1,,,,,5384.1
fix,1790352224,5370.7,5.0,1,5370.8,-0.14,10.2,accepted,5370.8
coast,1790352229,,,1,,,,,5370.2
coast,1790352234,,,1,,,,,5369.8
coast,1790352239,,,1,,,,,5369.6
coast,1790352244,,,1,,,,,5369.4
fix,1790352248,5403.4,3.1,1,5403.2,1.64,10.2,accepted,5403.2
coast,1790352253,,,1,,,,,5409.9
coast,1790352258,,,1,,,,,5414.3
coast,1790352263,,,1,,,,,5417.2
fix,1790352264,5522.8,0.1,1,5521.4,8.38,10.2,accepted,5521.4
coast,1790352269,,,1,,,,,5555.6
coast,1790352274,,,1,,,,,5578.2
coast,1790352279,,,1,,,,,5593.1
coast,1790352284,,,1,,,,,5602.9
fix,1790352286,5706.9,4.0,1,5706.9,8.45,10.2,accepted,5706.9
coast,1790352291,,,1,,,,,5741.5
coast,1790352296,,,1,,,,,5764.3
coast,1790352301,,,1,,,,,5779.3
coast,1790352306,,,1,,,,,5789.2
coast,1790352311,,,1,,,,,5795.7
coast,1790352316,,,1,,,,,5800.0
coast,1790352321,,,1,,,,,5802.8
coast,1790352326,,,1,,,,,5804.7
coast,1790352331,,,1,,,,,5806.0
coast,1790352336,,,1,,,,,5806.8
fix,1790352340,5813.5,1.8,1,5813.8,-0.34,10.2,accepted,5813.8
coast,1790352345,,,1,,,,,5812.4
coast,1790352350,,,1,,,,,5811.4
coast,1790352355,,,1,,,,,5810.8
coast,1790352360,,,1,,,,,5810.4
coast,1790352365,,,1,,,,,5810.2
coast,1790352370,,,1,,,,,5810.0
coast,1790352375,,,1,,,,,5809.9
coast,1790352380,,,1,,,,,5809.8
coast,1790352385,,,1,,,,,5809.7
coast,1790352390,,,1,,,,,5809.7
fix,1790352392,5847.0,2.4,1,5846.9,0.90,10.2,accepted,5846.9
coast,1790352397,,,1,,,,,5850.6
coast,1790352402,,,1,,,,,5853.0
coast,1790352407,,,1,,,,,5854.6
coast,1790352412,,,1,,,,,5855.7
coast,1790352417,,,1,,,,,5856.4
coast,1790352422,,,1,,,,,5856.8
coast,1790352427,,,1,,,,,5857.1
coast,1790352432,,,1,,,,,5857.3
coast,1790352437,,,1,,,,,5857.5
fix,1790352438,5900.1,2.8,1,5900.1,1.22,10.2,accepted,5900.1
coast,1790352443,,,1,,,,,5905.1
coast,1790352448,,,1,,,,,5908.4
coast,1790352453,,,1,,,,,5910.5
coast,1790352458,,,1,,,,,5912.0
coast,1790352463,,,1,,,,,5912.9
coast,1790352468,,,1,,,,,5913.5
coast,1790352473,,,1,,,,,5913.9
fix,1790352478,5914.8,1.9,1,5914.9,0.16,10.2,accepted,5914.9
fix,1790352479,5914.8,1.9,1,5914.9,0.14,7.7,accepted,5914.9
coast,1790352484,,,1,,,,,5915.5
coast,1790352489,,,1,,,,,5915.8
coast,1790352494,,,1,,,,,5916.1
coast,1790352499,,,1,,,,,5916.2
coast,1790352504,,,1,,,,,5916.3
coast,1790352509,,,1,,,,,5916.4
coast,1790352514,,,1,,,,,5916.5
coast,1790352519,,,1,,,,,5916.5
coast,1790352524,,,1,,,,,5916.5
coast,1790352529,,,1,,,,,5916.5
coast,1790352534,,,1,,,,,5916.5
coast,1790352539,,,1,,,,,5916.5
coast,1790352544,,,1,,,,,5916.5
coast,1790352549,,,1,,,,,5916.5
coast,1790352554,,,1,,,,,5916.6
coast,1790352559,,,1,,,,,5916.6
coast,1790352564,,,1,,,,,5916.6
coast,1790352569,,,1,,,,,5916.6
coast,1790352574,,,1,,,,,5916.6
coast,1790352579,,,1,,,,,5916.6
coast,1790352584,,,1,,,,,5916.6
coast,1790352589,,,1,,,,,5916.6
coast,1790352594,,,1,,,,,5916.6
coast,1790352599,,,1,,,,,5916.6
fix,1790352601,5982.1,1.9,1,5982.1,0.71,10.2,accepted,5982.1
coast,1790352606,,,1,,,,,5985.1
coast,1790352611,,,1,,,,,5987.0
coast,1790352616,,,1,,,,,5988.2
coast,1790352621,,,1,,,,,5989.1
coast,1790352626,,,1,,,,,5989.6
coast,1790352631,,,1,,,,,5990.0
coast,1790352636,,,1,,,,,5990.2
fix,1790352641,5996.1,4.7,1,5996.1,0.30,10.2,accepted,5996.1
coast,1790352646,,,1,,,,,5997.4
coast,1790352651,,,1,,,,,5998.2
coast,1790352656,,,1,,,,,5998.7
coast,1790352661,,,1,,,,,5999.0
coast,1790352666,,,1,,,,,5999.3
coast,1790352671,,,1,,,,,5999.4
fix,1790352673,5996.1,4.7,1,5996.2,-0.07,10.2,accepted,5996.2
coast,1790352678,,,1,,,,,5995.9
coast,1790352683,,,1,,,,,5995.7
coast,1790352688,,,1,,,,,5995.6
coast,1790352693,,,1,,,,,5995.5
coast,1790352698,,,1,,,,,5995.5
coast,1790352703,,,1,,,,,5995.4
coast,1790352708,,,1,,,,,5995.4
coast,1790352713,,,1,,,,,5995.4
coast,1790352718,,,1,,,,,5995.4
coast,1790352723,,,1,,,,,5995.4
coast,1790352728,,,1,,,,,5995.4
fix,1790352732,6097.7,5.3,1,6097.6,2.31,10.2,accepted,6097.6
coast,1790352737,,,1,,,,,6107.1
coast,1790352742,,,1,,,,,6113.3
coast,1790352747,,,1,,,,,6117.4
coast,1790352752,,,1,,,,,6120.1
coast,1790352757,,,1,,,,,6121.9
coast,1790352762,,,1,,,,,6123.1
coast,1790352767,,,1,,,,,6123.9
coast,1790352772,,,1,,,,,6124.4
coast,1790352777,,,1,,,,,6124.7
coast,1790352782,,,1,,,,,6124.9
coast,1790352787,,,1,,,,,6125.1
fix,1790352791,6184.0,5.8,1,6184.0,1.23,10.2,accepted,6184.0
coast,1790352796,,,1,,,,,6189.0
coast,1790352801,,,1,,,,,6192.4
coast,1790352806,,,1,,,,,6194.6
coast,1790352811,,,1,,,,,6196.0
coast,1790352816,,,1,,,,,6197.0
coast,1790352821,,,1,,,,,6197.6
fix,1790352823,6203.9,1.8,1,6203.9,0.51,10.2,accepted,6203.9
coast,1790352828,,,1,,,,,6206.0
coast,1790352833,,,1,,,,,6207.4
coast,1790352838,,,1,,,,,6208.3
coast,1790352843,,,1,,,,,6208.9
fix,1790352847,6223.8,2.0,1,6223.8,0.90,10.2,accepted,6223.8
coast,1790352852,,,1,,,,,6227.4
coast,1790352857,,,1,,,,,6229.9
coast,1790352862,,,1,,,,,6231.4
coast,1790352867,,,1,,,,,6232.5
coast,1790352872,,,1,,,,,6233.2
coast,1790352877,,,1,,,,,6233.6
coast,1790352882,,,1,,,,,6233.9
coast,1790352887,,,1,,,,,6234.1
coast,1790352892,,,1,,,,,6234.3
coast,1790352897,,,1,,,,,6234.4
coast,1790352902,,,1,,,,,6234.4
fix,1790352907,6366.5,4.2,1,6366.5,2.91,10.2,accepted,6366.5
coast,1790352912,,,1,,,,,6378.4
coast,1790352917,,,1,,,,,6386.2
coast,1790352922,,,1,,,,,6391.4
coast,1790352927,,,1,,,,,6394.8
coast,1790352932,,,1,,,,,6397.1
coast,1790352937,,,1,,,,,6398.6
coast,1790352942,,,1,,,,,6399.5
coast,1790352947,,,1,,,,,6400.2
coast,1790352952,,,1,,,,,6400.6
coast,1790352957,,,1,,,,,6400.9
coast,1790352962,,,1,,,,,6401.1
fix,1790352966,6427.1,0.4,1,6427.2,0.52,10.2,accepted,6427.2
coast,1790352971,,,1,,,,,6429.3
coast,1790352976,,,1,,,,,6430.7
coast,1790352981,,,1,,,,,6431.6
coast,1790352986,,,1,,,,,6432.2
coast,1790352991,,,1,,,,,6432.6
coast,1790352996,,,1,,,,,6432.9
coast,1790353001,,,1,,,,,6433.1
coast,1790353006,,,1,,,,,6433.2
coast,1790353011,,,1,,,,,6433.3
coast,1790353016,,,1,,,,,6433.3
coast,1790353021,,,1,,,,,6433.4
fix,1790353025,6517.0,2.0,1,6516.9,1.79,10.2,accepted,6516.9
coast,1790353030,,,1,,,,,6524.3
coast,1790353035,,,1,,,,,6529.1
coast,1790353040,,,1,,,,,6532.3
coast,1790353045,,,1,,,,,6534.4
coast,1790353050,,,1,,,,,6535.7
coast,1790353055,,,1,,,,,6536.6
fix,1790353057,6577.7,0.0,1,6577.7,1.92,10.2,accepted,6577.7
coast,1790353062,,,1,,,,,6585.6
coast,1790353067,,,1,,,,,6590.7
coast,1790353072,,,1,,,,,6594.2
coast,1790353077,,,1,,,,,6596.4
coast,1790353082,,,1,,,,,6597.9
fix,1790353085,6577.7,0.0,1,6577.9,-0.44,10.2,accepted,6577.9
coast,1790353090,,,1,,,,,6576.1
coast,1790353095,,,1,,,,,6574.9
coast,1790353100,,,1,,,,,6574.1
coast,1790353105,,,1,,,,,6573.6
coast,1790353110,,,1,,,,,6573.3
coast,1790353115,,,1,,,,,6573.0
coast,1790353120,,,1,,,,,6572.9
coast,1790353125,,,1,,,,,6572.8
coast,1790353130,,,1,,,,,6572.7
coast,1790353135,,,1,,,,,6572.7
coast,1790353140,,,1,,,,,6572.7
fix,1790353143,6680.1,6.6,1,6680.0,2.52,10.2,accepted,6680.0
coast,1790353148,,,1,,,,,6690.3
coast,1790353153,,,1,,,,,6697.1
coast,1790353158,,,1,,,,,6701.6
coast,1790353163,,,1,,,,,6704.5
coast,1790353168,,,1,,,,,6706.5
coast,1790353173,,,1,,,,,6707.7
coast,1790353178,,,1,,,,,6708.6
coast,1790353183,,,1,,,,,6709.2
coast,1790353188,,,1,,,,,6709.5
coast,1790353193,,,1,,,,,6709.8
fix,1790353196,6734.6,0.0,1,6734.7,0.64,10.2,accepted,6734.7
coast,1790353201,,,1,,,,,6737.3
coast,1790353206,,,1,,,,,6739.1
coast,1790353211,,,1,,,,,6740.2
coast,1790353216,,,1,,,,,6741.0
coast,1790353221,,,1,,,,,6741.5
coast,1790353226,,,1,,,,,6741.8
coast,1790353231,,,1,,,,,6742.0
coast,1790353236,,,1,,,,,6742.2
coast,1790353241,,,1,,,,,6742.2
coast,1790353246,,,1,,,,,6742.3
coast,1790353251,,,1,,,,,6742.4
coast,1790353256,,,1,,,,,6742.4
coast,1790353261,,,1,,,,,6742.4
coast,1790353266,,,1,,,,,6742.4
coast,1790353271,,,1,,,,,6742.4
coast,1790353276,,,1,,,,,6742.4
coast,1790353281,,,1,,,,,6742.4
coast,1790353286,,,1,,,,,6742.4
fix,1790353287,6872.0,0.9,1,6872.0,1.79,10.2,accepted,6872.0
coast,1790353292,,,1,,,,,6879.3
coast,1790353297,,,1,,,,,6884.2
fix,1790353298,6942.2,4.0,1,6941.4,6.52,10.2,accepted,6941.4
coast,1790353303,,,1,,,,,6968.1
coast,1790353308,,,1,,,,,6985.6
coast,1790353313,,,1,,,,,6997.2
fix,1790353318,7122.6,1.9,1,7122.1,9.66,10.2,accepted,7122.1
coast,1790353323,,,1,,,,,7161.6
coast,1790353328,,,1,,,,,7187.6
coast,1790353333,,,1,,,,,7204.8
coast,1790353338,,,1,,,,,7216.1
coast,1790353343,,,1,,,,,7223.6
coast,1790353348,,,1,,,,,7228.5
coast,1790353353,,,1,,,,,7231.8
coast,1790353358,,,1,,,,,7233.9
coast,1790353363,,,1,,,,,7235.3
coast,1790353368,,,1,,,,,7236.3
coast,1790353373,,,1,,,,,7236.9
coast,1790353378,,,1,,,,,7237.3
coast,1790353383,,,1,,,,,7237.5
coast,1790353388,,,1,,,,,7237.7
coast,1790353393,,,1,,,,,7237.8
coast,1790353398,,,1,,,,,7237.9
coast,1790353403,,,1,,,,,7238.0
coast,1790353408,,,1,,,,,7238.0
fix,1790353409,7307.5,48.3,1,7307.6,-1.11,10.2,accepted,7307.6
coast,1790353414,,,1,,,,,7303.1
fix,1790353419,7307.5,38.7,1,7307.3,0.01,10.2,accepted,7307.3
coast,1790353424,,,1,,,,,7307.3
coast,1790353429,,,1,,,,,7307.4
coast,1790353434,,,1,,,,,7307.4
coast,1790353439,,,1,,,,,7307.4
coast,1790353444,,,1,,,,,7307.4
coast,1790353449,,,1,,,,,7307.4
coast,1790353454,,,1,,,,,7307.4
coast,1790353459,,,1,,,,,7307.4
fix,1790353461,7307.5,8.7,1,7307.5,0.00,10.2,accepted,7307.5
coast,1790353466,,,1,,,,,7307.5
coast,1790353471,,,1,,,,,7307.5
coast,1790353476,,,1,,,,,7307.5
coast,1790353481,,,1,,,,,7307.5
coast,1790353486,,,1,,,,,7307.6
coast,1790353491,,,1,,,,,7307.6
coast,1790353496,,,1,,,,,7307.6
coast,1790353501,,,1,,,,,7307.6
coast,1790353506,,,1,,,,,7307.6
coast,1790353511,,,1,,,,,7307.6
coast,1790353516,,,1,,,,,7307.6
coast,1790353521,,,1,,,,,7307.6
coast,1790353526,,,1,,,,,7307.6
coast,1790353531,,,1,,,,,7307.6
coast,1790353536,,,1,,,,,7307.6
coast,1790353541,,,1,,,,,7307.6
coast,1790353546,,,1,,,,,7307.6
coast,1790353551,,,1,,,,,7307.6
coast,1790353556,,,1,,,,,7307.6
coast,1790353561,,,1,,,,,7307.6
coast,1790353566,,,1,,,,,7307.6
coast,1790353571,,,1,,,,,7307.6
coast,1790353576,,,1,,,,,7307.6
coast,1790353581,,,1,,,,,7307.6
coast,1790353586,,,1,,,,,7307.6
coast,1790353591,,,1,,,,,7307.6
coast,1790353596,,,1,,,,,7307.6
coast,1790353601,,,1,,,,,7307.6
coast,1790353606,,,1,,,,,7307.6
coast,1790353611,,,1,,,,,7307.6
coast,1790353616,,,1,,,,,7307.6
coast,1790353621,,,1,,,,,7307.6
coast,1790353626,,,1,,,,,7307.6
coast,1790353631,,,1,,,,,7307.6
coast,1790353636,,,1,,,,,7307.6
coast,1790353641,,,1,,,,,7307.6
coast,1790353646,,,1,,,,,7307.6
coast,1790353651,,,1,,,,,7307.6
coast,1790353656,,,1,,,,,7307.6
coast,1790353661,,,1,,,,,7307.6
coast,1790353666,,,1,,,,,7307.6
coast,1790353671,,,1,,,,,7307.6
coast,1790353676,,,1,,,,,7307.6
coast,1790353681,,,1,,,,,7307.6
coast,1790353686,,,1,,,,,7307.6
coast,1790353691,,,1,,,,,7307.6
coast,1790353696,,,1,,,,,7307.6
coast,1790353701,,,1,,,,,7307.6
coast,1790353706,,,1,,,,,7307.6
coast,1790353711,,,1,,,,,7307.6
coast,1790353716,,,1,,,,,7307.6
coast,1790353721,,,1,,,,,7307.6
coast,1790353726,,,1,,,,,7307.6
coast,1790353731,,,1,,,,,7307.6
coast,1790353736,,,1,,,,,7307.6
coast,1790353741,,,1,,,,,7307.6
coast,1790353746,,,1,,,,,7307.6
coast,1790353751,,,1,,,,,7307.6
coast,1790353756,,,1,,,,,7307.6
coast,1790353761,,,1,,,,,7307.6
coast,1790353766,,,1,,,,,7307.6
coast,1790353771,,,1,,,,,7307.6
coast,1790353776,,,1,,,,,7307.6
coast,1790353781,,,1,,,,,7307.6
coast,1790353786,,,1,,,,,7307.6
coast,1790353791,,,1,,,,,7307.6
coast,1790353796,,,1,,,,,7307.6
coast,1790353801,,,1,,,,,7307.6
coast,1790353806,,,1,,,,,7307.6
coast,1790353811,,,1,,,,,7307.6
coast,1790353816,,,1,,,,,7307.6
coast,1790353821,,,1,,,,,7307.6
coast,1790353826,,,1,,,,,7307.6
coast,1790353831,,,1,,,,,7307.6
coast,1790353836,,,1,,,,,7307.6
coast,1790353841,,,1,,,,,7307.6
coast,1790353846,,,1,,,,,7307.6
coast,1790353851,,,1,,,,,7307.6
coast,1790353856,,,1,,,,,7307.6
coast,1790353861,,,1,,,,,7307.6
coast,1790353866,,,1,,,,,7307.6
coast,1790353871,,,1,,,,,7307.6
fix,1790353874,7350.2,1.1,1,7350.2,0.15,10.2,accepted,7350.2
coast,1790353879,,,1,,,,,7350.8
coast,1790353884,,,1,,,,,7351.2
coast,1790353889,,,1,,,,,7351.5
coast,1790353894,,,1,,,,,7351.7
coast,1790353899,,,1,,,,,7351.8
coast,1790353904,,,1,,,,,7351.9
coast,1790353909,,,1,,,,,7351.9
coast,1790353914,,,1,,,,,7351.9
coast,1790353919,,,1,,,,,7352.0
coast,1790353924,,,1,,,,,7352.0
coast,1790353929,,,1,,,,,7352.0
coast,1790353934,,,1,,,,,7352.0
fix,1790353936,7462.1,0.0,1,7462.1,1.94,10.2,accepted,7462.1
coast,1790353941,,,1,,,,,7470.0
coast,1790353946,,,1,,,,,7475.2
coast,1790353951,,,1,,,,,7478.7
coast,1790353956,,,1,,,,,7481.0
coast,1790353961,,,1,,,,,7482.5
coast,1790353966,,,1,,,,,7483.5
coast,1790353971,,,1,,,,,7484.1
coast,1790353976,,,1,,,,,7484.5
coast,1790353981,,,1,,,,,7484.8
coast,1790353986,,,1,,,,,7485.0
coast,1790353991,,,1,,,,,7485.1
coast,1790353996,,,1,,,,,7485.2
coast,1790354001,,,1,,,,,7485.3
coast,1790354006,,,1,,,,,7485.3
coast,1790354011,,,1,,,,,7485.3
coast,1790354016,,,1,,,,,7485.3
coast,1790354021,,,1,,,,,7485.3
coast,1790354026,,,1,,,,,7485.3
coast,1790354031,,,1,,,,,7485.4
coast,1790354036,,,1,,,,,7485.4
coast,1790354041,,,1,,,,,7485.4
coast,1790354046,,,1,,,,,7485.4
coast,1790354051,,,1,,,,,7485.4
coast,1790354056,,,1,,,,,7485.4
coast,1790354061,,,1,,,,,7485.4
coast,1790354066,,,1,,,,,7485.4
coast,1790354071,,,1,,,,,7485.4
coast,1790354076,,,1,,,,,7485.4
coast,1790354081,,,1,,,,,7485.4
coast,1790354086,,,1,,,,,7485.4
coast,1790354091,,,1,,,,,7485.4
coast,1790354096,,,1,,,,,7485.4
coast,1790354101,,,1,,,,,7485.4
coast,1790354106,,,1,,,,,7485.4
coast,1790354111,,,1,,,,,7485.4
coast,1790354116,,,1,,,,,7485.4
coast,1790354121,,,1,,,,,7485.4
coast,1790354126,,,1,,,,,7485.4
coast,1790354131,,,1,,,,,7485.4
coast,1790354136,,,1,,,,,7485.4
coast,1790354141,,,1,,,,,7485.4
coast,1790354146,,,1,,,,,7485.4
coast,1790354151,,,1,,,,,7485.4
coast,1790354156,,,1,,,,,7485.4
coast,1790354161,,,1,,,,,7485.4
coast,1790354166,,,1,,,,,7485.4
coast,1790354171,,,1,,,,,7485.4
coast,1790354176,,,1,,,,,7485.4
coast,1790354181,,,1,,,,,7485.4
coast,1790354186,,,1,,,,,7485.4
coast,1790354191,,,1,,,,,7485.4
coast,1790354196,,,1,,,,,7485.4
coast,1790354201,,,1,,,,,7485.4
coast,1790354206,,,1,,,,,7485.4
coast,1790354211,,,1,,,,,7485.4
coast,1790354216,,,1,,,,,7485.4
coast,1790354221,,,1,,,,,7485.4
coast,1790354226,,,1,,,,,7485.4
coast,1790354231,,,1,,,,,7485.4
coast,1790354236,,,1,,,,,7485.4
coast,1790354241,,,1,,,,,7485.4
coast,1790354246,,,1,,,,,7485.4
coast,1790354251,,,1,,,,,7485.4
coast,1790354256,,,1,,,,,7485.4
coast,1790354261,,,1,,,,,7485.4
coast,1790354266,,,1,,,,,7485.4
coast,1790354271,,,1,,,,,7485.4
coast,1790354276,,,1,,,,,7485.4
coast,1790354281,,,1,,,,,7485.4
coast,1790354286,,,1,,,,,7485.4
coast,1790354291,,,1,,,,,7485.4
coast,1790354296,,,1,,,,,7485.4
coast,1790354301,,,1,,,,,7485.4
coast,1790354306,,,1,,,,,7485.4
coast,1790354311,,,1,,,,,7485.4
coast,1790354316,,,1,,,,,7485.4
coast,1790354321,,,1,,,,,7485.4
coast,1790354326,,,1,,,,,7485.4
coast,1790354331,,,1,,,,,7485.4
coast,1790354336,,,1,,,,,7485.4
coast,1790354341,,,1,,,,,7485.4
coast,1790354346,,,1,,,,,7485.4
coast,1790354351,,,1,,,,,7485.4
coast,1790354356,,,1,,,,,7485.4
coast,1790354361,,,1,,,,,7485.4
coast,1790354366,,,1,,,,,7485.4
coast,1790354371,,,1,,,,,7485.4
coast,1790354376,,,1,,,,,7485.4
coast,1790354381,,,1,,,,,7485.4
coast,1790354386,,,1,,,,,7485.4
coast,1790354391,,,1,,,,,7485.4
coast,1790354396,,,1,,,,,7485.4
coast,1790354401,,,1,,,,,7485.4
coast,1790354406,,,1,,,,,7485.4
coast,1790354411,,,1,,,,,7485.4
coast,1790354416,,,1,,,,,7485.4
coast,1790354421,,,1,,,,,7485.4
coast,1790354426,,,1,,,,,7485.4
coast,1790354431,,,1,,,,,7485.4
coast,1790354436,,,1,,,,,7485.4
coast,1790354441,,,1,,,,,7485.4
coast,1790354446,,,1,,,,,7485.4
coast,1790354451,,,1,,,,,7485.4
coast,1790354456,,,1,,,,,7485.4
coast,1790354461,,,1,,,,,7485.4
coast,1790354466,,,1,,,,,7485.4
coast,1790354471,,,1,,,,,7485.4
coast,1790354476,,,1,,,,,7485.4
coast,1790354481,,,1,,,,,7485.4
coast,1790354486,,,1,,,,,7485.4
coast,1790354491,,,1,,,,,7485.4
coast,1790354496,,,1,,,,,7485.4
coast,1790354501,,,1,,,,,7485.4
coast,1790354506,,,1,,,,,7485.4
coast,1790354511,,,1,,,,,7485.4
coast,1790354516,,,1,,,,,7485.4
coast,1790354521,,,1,,,,,7485.4
coast,1790354526,,,1,,,,,7485.4
coast,1790354531,,,1,,,,,7485.4
coast,1790354536,,,1,,,,,7485.4
coast,1790354541,,,1,,,,,7485.4
coast,1790354546,,,1,,,,,7485.4
coast,1790354551,,,1,,,,,7485.4
coast,1790354556,,,1,,,,,7485.4
coast,1790354561,,,1,,,,,7485.4
coast,1790354566,,,1,,,,,7485.4
coast,1790354571,,,1,,,,,7485.4
coast,1790354576,,,1,,,,,7485.4
coast,1790354581,,,1,,,,,7485.4
coast,1790354586,,,1,,,,,7485.4
coast,1790354591,,,1,,,,,7485.4
coast,1790354596,,,1,,,,,7485.4
coast,1790354601,,,1,,,,,7485.4
coast,1790354606,,,1,,,,,7485.4
coast,1790354611,,,1,,,,,7485.4
coast,1790354616,,,1,,,,,7485.4
coast,1790354621,,,1,,,,,7485.4
coast,1790354626,,,1,,,,,7485.4
coast,1790354631,,,1,,,,,7485.4
coast,1790354636,,,1,,,,,7485.4
coast,1790354641,,,1,,,,,7485.4
coast,1790354646,,,1,,,,,7485.4
coast,1790354651,,,1,,,,,7485.4
coast,1790354656,,,1,,,,,7485.4
coast,1790354661,,,1,,,,,7485.4
coast,1790354666,,,1,,,,,7485.4
coast,1790354671,,,1,,,,,7485.4
coast,1790354676,,,1,,,,,7485.4
coast,1790354681,,,1,,,,,7485.4
coast,1790354686,,,1,,,,,7485.4
coast,1790354691,,,1,,,,,7485.4
coast,1790354696,,,1,,,,,7485.4
coast,1790354701,,,1,,,,,7485.4
coast,1790354706,,,1,,,,,7485.4
coast,1790354711,,,1,,,,,7485.4
coast,1790354716,,,1,,,,,7485.4
coast,1790354721,,,1,,,,,7485.4
coast,1790354726,,,1,,,,,7485.4
coast,1790354731,,,1,,,,,7485.4
coast,1790354736,,,1,,,,,7485.4
coast,1790354741,,,1,,,,,7485.4
coast,1790354746,,,1,,,,,7485.4
coast,1790354751,,,1,,,,,7485.4
coast,1790354756,,,1,,,,,7485.4
coast,1790354761,,,1,,,,,7485.4
coast,1790354766,,,1,,,,,7485.4
coast,1790354771,,,1,,,,,7485.4
coast,1790354776,,,1,,,,,7485.4
coast,1790354781,,,1,,,,,7485.4
coast,1790354786,,,1,,,,,7485.4
coast,1790354791,,,1,,,,,7485.4
coast,1790354796,,,1,,,,,7485.4
coast,1790354801,,,1,,,,,7485.4
coast,1790354806,,,1,,,,,7485.4
coast,1790354811,,,1,,,,,7485.4
coast,1790354816,,,1,,,,,7485.4
coast,1790354821,,,1,,,,,7485.4
coast,1790354826,,,1,,,,,7485.4
coast,1790354831,,,1,,,,,7485.4
coast,1790354836,,,1,,,,,7485.4
coast,1790354841,,,1,,,,,7485.4
coast,1790354846,,,1,,,,,7485.4
coast,1790354851,,,1,,,,,7485.4
coast,1790354856,,,1,,,,,7485.4
coast,1790354861,,,1,,,,,7485.4
coast,1790354866,,,1,,,,,7485.4
coast,1790354871,,,1,,,,,7485.4
coast,1790354876,,,1,,,,,7485.4
coast,1790354881,,,1,,,,,7485.4
coast,1790354886,,,1,,,,,7485.4
coast,1790354891,,,1,,,,,7485.4
coast,1790354896,,,1,,,,,7485.4
coast,1790354901,,,1,,,,,7485.4
coast,1790354906,,,1,,,,,7485.4
coast,1790354911,,,1,,,,,7485.4
coast,1790354916,,,1,,,,,7485.4
coast,1790354921,,,1,,,,,7485.4
coast,1790354926,,,1,,,,,7485.4
coast,1790354931,,,1,,,,,7485.4
coast,1790354936,,,1,,,,,7485.4
coast,1790354941,,,1,,,,,7485.4
coast,1790354946,,,1,,,,,7485.4
coast,1790354951,,,1,,,,,7485.4
coast,1790354956,,,1,,,,,7485.4
coast,1790354961,,,1,,,,,7485.4
coast,1790354966,,,1,,,,,7485.4
coast,1790354971,,,1,,,,,7485.4
coast,1790354976,,,1,,,,,7485.4
coast,1790354981,,,1,,,,,7485.4
coast,1790354986,,,1,,,,,7485.4
coast,1790354991,,,1,,,,,7485.4
coast,1790354996,,,1,,,,,7485.4
coast,1790355001,,,1,,,,,7485.4
coast,1790355006,,,1,,,,,7485.4
coast,1790355011,,,1,,,,,7485.4
coast,1790355016,,,1,,,,,7485.4
coast,1790355021,,,1,,,,,7485.4
coast,1790355026,,,1,,,,,7485.4
coast,1790355031,,,1,,,,,7485.4
coast,1790355036,,,1,,,,,7485.4
coast,1790355041,,,1,,,,,7485.4
coast,1790355046,,,1,,,,,7485.4
coast,1790355051,,,1,,,,,7485.4
coast,1790355056,,,1,,,,,7485.4
coast,1790355061,,,1,,,,,7485.4
coast,1790355066,,,1,,,,,7485.4
coast,1790355071,,,1,,,,,7485.4
coast,1790355076,,,1,,,,,7485.4
coast,1790355081,,,1,,,,,7485.4
coast,1790355086,,,1,,,,,7485.4
coast,1790355091,,,1,,,,,7485.4
coast,1790355096,,,1,,,,,7485.4
coast,1790355101,,,1,,,,,7485.4
coast,1790355106,,,1,,,,,7485.4
coast,1790355111,,,1,,,,,7485.4
coast,1790355116,,,1,,,,,7485.4
coast,1790355121,,,1,,,,,7485.4
coast,1790355126,,,1,,,,,7485.4
coast,1790355131,,,1,,,,,7485.4
coast,1790355136,,,1,,,,,7485.4
coast,1790355141,,,1,,,,,7485.4
coast,1790355146,,,1,,,,,7485.4
coast,1790355151,,,1,,,,,7485.4
coast,1790355156,,,1,,,,,7485.4
coast,1790355161,,,1,,,,,7485.4
coast,1790355166,,,1,,,,,7485.4
coast,1790355171,,,1,,,,,7485.4
coast,1790355176,,,1,,,,,7485.4
coast,1790355181,,,1,,,,,7485.4
coast,1790355186,,,1,,,,,7485.4
coast,1790355191,,,1,,,,,7485.4
coast,1790355196,,,1,,,,,7485.4
coast,1790355201,,,1,,,,,7485.4
coast,1790355206,,,1,,,,,7485.4
coast,1790355211,,,1,,,,,7485.4
coast,1790355216,,,1,,,,,7485.4
coast,1790355221,,,1,,,,,7485.4
coast,1790355226,,,1,,,,,7485.4
coast,1790355231,,,1,,,,,7485.4
coast,1790355236,,,1,,,,,7485.4
coast,1790355241,,,1,,,,,7485.4
coast,1790355246,,,1,,,,,7485.4
coast,1790355251,,,1,,,,,7485.4
coast,1790355256,,,1,,,,,7485.4
coast,1790355261,,,1,,,,,7485.4
coast,1790355266,,,1,,,,,7485.4
coast,1790355271,,,1,,,,,7485.4
coast,1790355276,,,1,,,,,7485.4
coast,1790355281,,,1,,,,,7485.4
coast,1790355286,,,1,,,,,7485.4
coast,1790355291,,,1,,,,,7485.4
coast,1790355296,,,1,,,,,7485.4
coast,1790355301,,,1,,,,,7485.4
coast,1790355306,,,1,,,,,7485.4
coast,1790355311,,,1,,,,,7485.4
coast,1790355316,,,1,,,,,7485.4
coast,1790355321,,,1,,,,,7485.4
coast,1790355326,,,1,,,,,7485.4
coast,1790355331,,,1,,,,,7485.4
coast,1790355336,,,1,,,,,7485.4
coast,1790355341,,,1,,,,,7485.4
coast,1790355346,,,1,,,,,7485.4
coast,1790355351,,,1,,,,,7485.4
coast,1790355356,,,1,,,,,7485.4
coast,1790355361,,,1,,,,,7485.4
coast,1790355366,,,1,,,,,7485.4
coast,1790355371,,,1,,,,,7485.4
coast,1790355376,,,1,,,,,7485.4
coast,1790355381,,,1,,,,,7485.4
coast,1790355386,,,1,,,,,7485.4
coast,1790355391,,,1,,,,,7485.4
coast,1790355396,,,1,,,,,7485.4
coast,1790355401,,,1,,,,,7485.4
coast,1790355406,,,1,,,,,7485.4
coast,1790355411,,,1,,,,,7485.4
coast,1790355416,,,1,,,,,7485.4
coast,1790355421,,,1,,,,,7485.4
coast,1790355426,,,1,,,,,7485.4
coast,1790355431,,,1,,,,,7485.4
coast,1790355436,,,1,,,,,7485.4
coast,1790355441,,,1,,,,,7485.4
coast,1790355446,,,1,,,,,7485.4
coast,1790355451,,,1,,,,,7485.4
coast,1790355456,,,1,,,,,7485.4
coast,1790355461,,,1,,,,,7485.4
coast,1790355466,,,1,,,,,7485.4
coast,1790355471,,,1,,,,,7485.4
coast,1790355476,,,1,,,,,7485.4
coast,1790355481,,,1,,,,,7485.4
coast,1790355486,,,1,,,,,7485.4
coast,1790355491,,,1,,,,,7485.4
coast,1790355496,,,1,,,,,7485.4
coast,1790355501,,,1,,,,,7485.4
coast,1790355506,,,1,,,,,7485.4
coast,1790355511,,,1,,,,,7485.4
coast,1790355516,,,1,,,,,7485.4
coast,1790355521,,,1,,,,,7485.4
coast,1790355526,,,1,,,,,7485.4
coast,1790355531,,,1,,,,,7485.4
coast,1790355536,,,1,,,,,7485.4
coast,1790355541,,,1,,,,,7485.4
coast,1790355546,,,1,,,,,7485.4
coast,1790355551,,,1,,,,,7485.4
coast,1790355556,,,1,,,,,7485.4
coast,1790355561,,,1,,,,,7485.4
coast,1790355566,,,1,,,,,7485.4
coast,1790355571,,,1,,,,,7485.4
coast,1790355576,,,1,,,,,7485.4
coast,1790355581,,,1,,,,,7485.4
coast,1790355586,,,1,,,,,7485.4
coast,1790355591,,,1,,,,,7485.4
coast,1790355596,,,1,,,,,7485.4
coast,1790355601,,,1,,,,,7485.4
coast,1790355606,,,1,,,,,7485.4
coast,1790355611,,,1,,,,,7485.4
coast,1790355616,,,1,,,,,7485.4
coast,1790355621,,,1,,,,,7485.4
coast,1790355626,,,1,,,,,7485.4
coast,1790355631,,,1,,,,,7485.4
coast,1790355636,,,1,,,,,7485.4
coast,1790355641,,,1,,,,,7485.4
coast,1790355646,,,1,,,,,7485.4
coast,1790355651,,,1,,,,,7485.4
coast,1790355656,,,1,,,,,7485.4
coast,1790355661,,,1,,,,,7485.4
coast,1790355666,,,1,,,,,7485.4
coast,1790355671,,,1,,,,,7485.4
coast,1790355676,,,1,,,,,7485.4
coast,1790355681,,,1,,,,,7485.4
coast,1790355686,,,1,,,,,7485.4
coast,1790355691,,,1,,,,,7485.4
coast,1790355696,,,1,,,,,7485.4
coast,1790355701,,,1,,,,,7485.4
coast,1790355706,,,1,,,,,7485.4
coast,1790355711,,,1,,,,,7485.4
coast,1790355716,,,1,,,,,7485.4
coast,1790355721,,,1,,,,,7485.4
coast,1790355726,,,1,,,,,7485.4
coast,1790355731,,,1,,,,,7485.4
coast,1790355736,,,1,,,,,7485.4
coast,1790355741,,,1,,,,,7485.4
coast,1790355746,,,1,,,,,7485.4
coast,1790355751,,,1,,,,,7485.4
coast,1790355756,,,1,,,,,7485.4
coast,1790355761,,,1,,,,,7485.4
coast,1790355766,,,1,,,,,7485.4
coast,1790355771,,,1,,,,,7485.4
coast,1790355776,,,1,,,,,7485.4
coast,1790355781,,,1,,,,,7485.4
coast,1790355786,,,1,,,,,7485.4
coast,1790355791,,,1,,,,,7485.4
coast,1790355796,,,1,,,,,7485.4
coast,1790355801,,,1,,,,,7485.4
coast,1790355806,,,1,,,,,7485.4
coast,1790355811,,,1,,,,,7485.4
coast,1790355816,,,1,,,,,7485.4
coast,1790355821,,,1,,,,,7485.4
coast,1790355826,,,1,,,,,7485.4
coast,1790355831,,,1,,,,,7485.4
coast,1790355836,,,1,,,,,7485.4
coast,1790355841,,,1,,,,,7485.4
coast,1790355846,,,1,,,,,7485.4
coast,1790355851,,,1,,,,,7485.4
coast,1790355856,,,1,,,,,7485.4
coast,1790355861,,,1,,,,,7485.4
coast,1790355866,,,1,,,,,7485.4
coast,1790355871,,,1,,,,,7485.4
coast,1790355876,,,1,,,,,7485.4
coast,1790355881,,,1,,,,,7485.4
coast,1790355886,,,1,,,,,7485.4
coast,1790355891,,,1,,,,,7485.4
coast,1790355896,,,1,,,,,7485.4
coast,1790355901,,,1,,,,,7485.4
coast,1790355906,,,1,,,,,7485.4
coast,1790355911,,,1,,,,,7485.4
coast,1790355916,,,1,,,,,7485.4
coast,1790355921,,,1,,,,,7485.4
coast,1790355926,,,1,,,,,7485.4
coast,1790355931,,,1,,,,,7485.4
coast,1790355936,,,1,,,,,7485.4
coast,1790355941,,,1,,,,,7485.4
coast,1790355946,,,1,,,,,7485.4
coast,1790355951,,,1,,,,,7485.4
coast,1790355956,,,1,,,,,7485.4
coast,1790355961,,,1,,,,,7485.4
coast,1790355966,,,1,,,,,7485.4
coast,1790355971,,,1,,,,,7485.4
coast,1790355976,,,1,,,,,7485.4
coast,1790355981,,,1,,,,,7485.4
coast,1790355986,,,1,,,,,7485.4
coast,1790355991,,,1,,,,,7485.4
coast,1790355996,,,1,,,,,7485.4
coast,1790356001,,,1,,,,,7485.4
coast,1790356006,,,1,,,,,7485.4
coast,1790356011,,,1,,,,,7485.4
coast,1790356016,,,1,,,,,7485.4
coast,1790356021,,,1,,,,,7485.4
coast,1790356026,,,1,,,,,7485.4
coast,1790356031,,,1,,,,,7485.4
coast,1790356036,,,1,,,,,7485.4
coast,1790356041,,,1,,,,,7485.4
coast,1790356046,,,1,,,,,7485.4
coast,1790356051,,,1,,,,,7485.4
coast,1790356056,,,1,,,,,7485.4
coast,1790356061,,,1,,,,,7485.4
coast,1790356066,,,1,,,,,7485.4
coast,1790356071,,,1,,,,,7485.4
coast,1790356076,,,1,,,,,7485.4
coast,1790356081,,,1,,,,,7485.4
coast,1790356086,,,1,,,,,7485.4
coast,1790356091,,,1,,,,,7485.4
coast,1790356096,,,1,,,,,7485.4
coast,1790356101,,,1,,,,,7485.4
coast,1790356106,,,1,,,,,7485.4
coast,1790356111,,,1,,,,,7485.4
coast,1790356116,,,1,,,,,7485.4
coast,1790356121,,,1,,,,,7485.4
coast,1790356126,,,1,,,,,7485.4
coast,1790356131,,,1,,,,,7485.4
coast,1790356136,,,1,,,,,7485.4
coast,1790356141,,,1,,,,,7485.4
coast,1790356146,,,1,,,,,7485.4
coast,1790356151,,,1,,,,,7485.4
coast,1790356156,,,1,,,,,7485.4
coast,1790356161,,,1,,,,,7485.4
coast,1790356166,,,1,,,,,7485.4
coast,1790356171,,,1,,,,,7485.4
coast,1790356176,,,1,,,,,7485.4
coast,1790356181,,,1,,,,,7485.4
coast,1790356186,,,1,,,,,7485.4
coast,1790356191,,,1,,,,,7485.4
coast,1790356196,,,1,,,,,7485.4
coast,1790356201,,,1,,,,,7485.4
coast,1790356206,,,1,,,,,7485.4
coast,1790356211,,,1,,,,,7485.4
coast,1790356216,,,1,,,,,7485.4
coast,1790356221,,,1,,,,,7485.4
coast,1790356226,,,1,,,,,7485.4
coast,1790356231,,,1,,,,,7485.4
coast,1790356236,,,1,,,,,7485.4
coast,1790356241,,,1,,,,,7485.4
coast,1790356246,,,1,,,,,7485.4
coast,1790356251,,,1,,,,,7485.4
coast,1790356256,,,1,,,,,7485.4
coast,1790356261,,,1,,,,,7485.4
coast,1790356266,,,1,,,,,7485.4
coast,1790356271,,,1,,,,,7485.4
coast,1790356276,,,1,,,,,7485.4
coast,1790356281,,,1,,,,,7485.4
coast,1790356286,,,1,,,,,7485.4
coast,1790356291,,,1,,,,,7485.4
coast,1790356296,,,1,,,,,7485.4
coast,1790356301,,,1,,,,,7485.4
coast,1790356306,,,1,,,,,7485.4
coast,1790356311,,,1,,,,,7485.4
coast,1790356316,,,1,,,,,7485.4
coast,1790356321,,,1,,,,,7485.4
coast,1790356326,,,1,,,,,7485.4
coast,1790356331,,,1,,,,,7485.4
coast,1790356336,,,1,,,,,7485.4
coast,1790356341,,,1,,,,,7485.4
coast,1790356346,,,1,,,,,7485.4
coast,1790356351,,,1,,,,,7485.4
coast,1790356356,,,1,,,,,7485.4
coast,1790356361,,,1,,,,,7485.4
coast,1790356366,,,1,,,,,7485.4
coast,1790356371,,,1,,,,,7485.4
coast,1790356376,,,1,,,,,7485.4
coast,1790356381,,,1,,,,,7485.4
coast,1790356386,,,1,,,,,7485.4
coast,1790356391,,,1,,,,,7485.4
coast,1790356396,,,1,,,,,7485.4
coast,1790356401,,,1,,,,,7485.4
coast,1790356406,,,1,,,,,7485.4
coast,1790356411,,,1,,,,,7485.4
coast,1790356416,,,1,,,,,7485.4
coast,1790356421,,,1,,,,,7485.4
coast,1790356426,,,1,,,,,7485.4
coast,1790356431,,,1,,,,,7485.4
coast,1790356436,,,1,,,,,7485.4
coast,1790356441,,,1,,,,,7485.4
coast,1790356446,,,1,,,,,7485.4
coast,1790356451,,,1,,,,,7485.4
coast,1790356456,,,1,,,,,7485.4
coast,1790356461,,,1,,,,,7485.4
coast,1790356466,,,1,,,,,7485.4
coast,1790356471,,,1,,,,,7485.4
coast,1790356476,,,1,,,,,7485.4
coast,1790356481,,,1,,,,,7485.4
coast,1790356486,,,1,,,,,7485.4
coast,1790356491,,,1,,,,,7485.4
coast,1790356496,,,1,,,,,7485.4
coast,1790356501,,,1,,,,,7485.4
coast,1790356506,,,1,,,,,7485.4
coast,1790356511,,,1,,,,,7485.4
coast,1790356516,,,1,,,,,7485.4
coast,1790356521,,,1,,,,,7485.4
coast,1790356526,,,1,,,,,7485.4
coast,1790356531,,,1,,,,,7485.4
coast,1790356536,,,1,,,,,7485.4
coast,1790356541,,,1,,,,,7485.4
coast,1790356546,,,1,,,,,7485.4
coast,1790356551,,,1,,,,,7485.4
coast,1790356556,,,1,,,,,7485.4
coast,1790356561,,,1,,,,,7485.4
coast,1790356566,,,1,,,,,7485.4
coast,1790356571,,,1,,,,,7485.4
coast,1790356576,,,1,,,,,7485.4
coast,1790356581,,,1,,,,,7485.4
coast,1790356586,,,1,,,,,7485.4
coast,1790356591,,,1,,,,,7485.4
coast,1790356596,,,1,,,,,7485.4
coast,1790356601,,,1,,,,,7485.4
coast,1790356606,,,1,,,,,7485.4
coast,1790356611,,,1,,,,,7485.4
coast,1790356616,,,1,,,,,7485.4
coast,1790356621,,,1,,,,,7485.4
coast,1790356626,,,1,,,,,7485.4
coast,1790356631,,,1,,,,,7485.4
coast,1790356636,,,1,,,,,7485.4
coast,1790356641,,,1,,,,,7485.4
coast,1790356646,,,1,,,,,7485.4
coast,1790356651,,,1,,,,,7485.4
coast,1790356656,,,1,,,,,7485.4
coast,1790356661,,,1,,,,,7485.4
coast,1790356666,,,1,,,,,7485.4
coast,1790356671,,,1,,,,,7485.4
coast,1790356676,,,1,,,,,7485.4
coast,1790356681,,,1,,,,,7485.4
coast,1790356686,,,1,,,,,7485.4
coast,1790356691,,,1,,,,,7485.4
coast,1790356696,,,1,,,,,7485.4
coast,1790356701,,,1,,,,,7485.4
coast,1790356706,,,1,,,,,7485.4
coast,1790356711,,,1,,,,,7485.4
coast,1790356716,,,1,,,,,7485.4
coast,1790356721,,,1,,,,,7485.4
coast,1790356726,,,1,,,,,7485.4
coast,1790356731,,,1,,,,,7485.4
coast,1790356736,,,1,,,,,7485.4
coast,1790356741,,,1,,,,,7485.4
coast,1790356746,,,1,,,,,7485.4
coast,1790356751,,,1,,,,,7485.4
coast,1790356756,,,1,,,,,7485.4
coast,1790356761,,,1,,,,,7485.4
coast,1790356766,,,1,,,,,7485.4
coast,1790356771,,,1,,,,,7485.4
coast,1790356776,,,1,,,,,7485.4
coast,1790356781,,,1,,,,,7485.4
coast,1790356786,,,1,,,,,7485.4
coast,1790356791,,,1,,,,,7485.4
coast,1790356796,,,1,,,,,7485.4
coast,1790356801,,,1,,,,,7485.4
coast,1790356806,,,1,,,,,7485.4
coast,1790356811,,,1,,,,,7485.4
coast,1790356816,,,1,,,,,7485.4
coast,1790356821,,,1,,,,,7485.4
coast,1790356826,,,1,,,,,7485.4
coast,1790356831,,,1,,,,,7485.4
coast,1790356836,,,1,,,,,7485.4
coast,1790356841,,,1,,,,,7485.4
coast,1790356846,,,1,,,,,7485.4
coast,1790356851,,,1,,,,,7485.4
coast,1790356856,,,1,,,,,7485.4
coast,1790356861,,,1,,,,,7485.4
coast,1790356866,,,1,,,,,7485.4
coast,1790356871,,,1,,,,,7485.4
coast,1790356876,,,1,,,,,7485.4
coast,1790356881,,,1,,,,,7485.4
coast,1790356886,,,1,,,,,7485.4
coast,1790356891,,,1,,,,,7485.4
coast,1790356896,,,1,,,,,7485.4
coast,1790356901,,,1,,,,,7485.4
coast,1790356906,,,1,,,,,7485.4
coast,1790356911,,,1,,,,,7485.4
coast,1790356916,,,1,,,,,7485.4
coast,1790356921,,,1,,,,,7485.4
coast,1790356926,,,1,,,,,7485.4
coast,1790356931,,,1,,,,,7485.4
coast,1790356936,,,1,,,,,7485.4
coast,1790356941,,,1,,,,,7485.4
coast,1790356946,,,1,,,,,7485.4
coast,1790356951,,,1,,,,,7485.4
coast,1790356956,,,1,,,,,7485.4
coast,1790356961,,,1,,,,,7485.4
coast,1790356966,,,1,,,,,7485.4
coast,1790356971,,,1,,,,,7485.4
coast,1790356976,,,1,,,,,7485.4
coast,1790356981,,,1,,,,,7485.4
coast,1790356986,,,1,,,,,7485.4
coast,1790356991,,,1,,,,,7485.4
coast,1790356996,,,1,,,,,7485.4
coast,1790357001,,,1,,,,,7485.4
coast,1790357006,,,1,,,,,7485.4
coast,1790357011,,,1,,,,,7485.4
coast,1790357016,,,1,,,,,7485.4
coast,1790357021,,,1,,,,,7485.4
coast,1790357026,,,1,,,,,7485.4
coast,1790357031,,,1,,,,,7485.4
coast,1790357036,,,1,,,,,7485.4
coast,1790357041,,,1,,,,,7485.4
coast,1790357046,,,1,,,,,7485.4
coast,1790357051,,,1,,,,,7485.4
coast,1790357056,,,1,,,,,7485.4
coast,1790357061,,,1,,,,,7485.4
coast,1790357066,,,1,,,,,7485.4
coast,1790357071,,,1,,,,,7485.4
coast,1790357076,,,1,,,,,7485.4
coast,1790357081,,,1,,,,,7485.4
coast,1790357086,,,1,,,,,7485.4
coast,1790357091,,,1,,,,,7485.4
coast,1790357096,,,1,,,,,7485.4
coast,1790357101,,,1,,,,,7485.4
coast,1790357106,,,1,,,,,7485.4
coast,1790357111,,,1,,,,,7485.4
coast,1790357116,,,1,,,,,7485.4
coast,1790357121,,,1,,,,,7485.4
coast,1790357126,,,1,,,,,7485.4
coast,1790357131,,,1,,,,,7485.4
coast,1790357136,,,1,,,,,7485.4
coast,1790357141,,,1,,,,,7485.4
coast,1790357146,,,1,,,,,7485.4
coast,1790357151,,,1,,,,,7485.4
coast,1790357156,,,1,,,,,7485.4
coast,1790357161,,,1,,,,,7485.4
coast,1790357166,,,1,,,,,7485.4
coast,1790357171,,,1,,,,,7485.4
coast,1790357176,,,1,,,,,7485.4
coast,1790357181,,,1,,,,,7485.4
coast,1790357186,,,1,,,,,7485.4
coast,1790357191,,,1,,,,,7485.4
coast,1790357196,,,1,,,,,7485.4
coast,1790357201,,,1,,,,,7485.4
coast,1790357206,,,1,,,,,7485.4
coast,1790357211,,,1,,,,,7485.4
coast,1790357216,,,1,,,,,7485.4
coast,1790357221,,,1,,,,,7485.4
coast,1790357226,,,1,,,,,7485.4
coast,1790357231,,,1,,,,,7485.4
coast,1790357236,,,1,,,,,7485.4
coast,1790357241,,,1,,,,,7485.4
coast,1790357246,,,1,,,,,7485.4
coast,1790357251,,,1,,,,,7485.4
coast,1790357256,,,1,,,,,7485.4
coast,1790357261,,,1,,,,,7485.4
coast,1790357266,,,1,,,,,7485.4
coast,1790357271,,,1,,,,,7485.4
coast,1790357276,,,1,,,,,7485.4
coast,1790357281,,,1,,,,,7485.4
coast,1790357286,,,1,,,,,7485.4
coast,1790357291,,,1,,,,,7485.4
coast,1790357296,,,1,,,,,7485.4
coast,1790357301,,,1,,,,,7485.4
coast,1790357306,,,1,,,,,7485.4
coast,1790357311,,,1,,,,,7485.4
coast,1790357316,,,1,,,,,7485.4
coast,1790357321,,,1,,,,,7485.4
coast,1790357326,,,1,,,,,7485.4
coast,1790357331,,,1,,,,,7485.4
coast,1790357336,,,1,,,,,7485.4
coast,1790357341,,,1,,,,,7485.4
coast,1790357346,,,1,,,,,7485.4
coast,1790357351,,,1,,,,,7485.4
coast,1790357356,,,1,,,,,7485.4
coast,1790357361,,,1,,,,,7485.4
coast,1790357366,,,1,,,,,7485.4
coast,1790357371,,,1,,,,,7485.4
coast,1790357376,,,1,,,,,7485.4
coast,1790357381,,,1,,,,,7485.4
coast,1790357386,,,1,,,,,7485.4
coast,1790357391,,,1,,,,,7485.4
coast,1790357396,,,1,,,,,7485.4
coast,1790357401,,,1,,,,,7485.4
coast,1790357406,,,1,,,,,7485.4
coast,1790357411,,,1,,,,,7485.4
coast,1790357416,,,1,,,,,7485.4
coast,1790357421,,,1,,,,,7485.4
coast,1790357426,,,1,,,,,7485.4
coast,1790357431,,,1,,,,,7485.4
coast,1790357436,,,1,,,,,7485.4
coast,1790357441,,,1,,,,,7485.4
coast,1790357446,,,1,,,,,7485.4
coast,1790357451,,,1,,,,,7485.4
coast,1790357456,,,1,,,,,7485.4
coast,1790357461,,,1,,,,,7485.4
coast,1790357466,,,1,,,,,7485.4
coast,1790357471,,,1,,,,,7485.4
coast,1790357476,,,1,,,,,7485.4
coast,1790357481,,,1,,,,,7485.4
coast,1790357486,,,1,,,,,7485.4
coast,1790357491,,,1,,,,,7485.4
coast,1790357496,,,1,,,,,7485.4
coast,1790357501,,,1,,,,,7485.4
coast,1790357506,,,1,,,,,7485.4
coast,1790357511,,,1,,,,,7485.4
coast,1790357516,,,1,,,,,7485.4
coast,1790357521,,,1,,,,,7485.4
fix,1790357524,6739.4,6094.1,0,,,,,
fix,1790357805,0.0,30.4,1,0.0,0.00,9.7,accepted,0.0
coast,1790357810,,,1,,,,,0.0
coast,1790357815,,,1,,,,,0.0
coast,1790357820,,,1,,,,,0.0
coast,1790357825,,,1,,,,,0.0
coast,1790357830,,,1,,,,,0.0
coast,1790357835,,,1,,,,,0.0
fix,1790357839,2.4,2.3,1,2.4,0.10,10.2,accepted,2.4
coast,1790357844,,,1,,,,,2.8
coast,1790357849,,,1,,,,,3.0
coast,1790357854,,,1,,,,,3.2
coast,1790357859,,,1,,,,,3.3
coast,1790357864,,,1,,,,,3.4
coast,1790357869,,,1,,,,,3.4
coast,1790357874,,,1,,,,,3.5
coast,1790357879,,,1,,,,,3.5
coast,1790357884,,,1,,,,,3.5
coast,1790357889,,,1,,,,,3.5
coast,1790357894,,,1,,,,,3.5
coast,1790357899,,,1,,,,,3.5
coast,1790357904,,,1,,,,,3.5
coast,1790357909,,,1,,,,,3.5
coast,1790357914,,,1,,,,,3.5
coast,1790357919,,,1,,,,,3.5
coast,1790357924,,,1,,,,,3.5
coast,1790357929,,,1,,,,,3.5
coast,1790357934,,,1,,,,,3.5
coast,1790357939,,,1,,,,,3.5
coast,1790357944,,,1,,,,,3.5
coast,1790357949,,,1,,,,,3.5
coast,1790357954,,,1,,,,,3.5
coast,1790357959,,,1,,,,,3.5
coast,1790357964,,,1,,,,,3.5
coast,1790357969,,,1,,,,,3.5
coast,1790357974,,,1,,,,,3.5
coast,1790357979,,,1,,,,,3.5
coast,1790357984,,,1,,,,,3.5
coast,1790357989,,,1,,,,,3.5
coast,1790357994,,,1,,,,,3.5
fix,1790357997,305.5,3.9,1,305.5,2.69,10.2,accepted,305.5
coast,1790358002,,,1,,,,,316.5
coast,1790358007,,,1,,,,,323.7
coast,1790358012,,,1,,,,,328.5
coast,1790358017,,,1,,,,,331.7
coast,1790358022,,,1,,,,,333.7
coast,1790358027,,,1,,,,,335.1
coast,1790358032,,,1,,,,,336.0
coast,1790358037,,,1,,,,,336.6
fix,1790358041,376.0,38.9,1,376.1,1.46,10.2,accepted,376.1
coast,1790358046,,,1,,,,,382.1
coast,1790358051,,,1,,,,,386.0
coast,1790358056,,,1,,,,,388.6
coast,1790358061,,,1,,,,,390.3
coast,1790358066,,,1,,,,,391.4
coast,1790358071,,,1,,,,,392.2
coast,1790358076,,,1,,,,,392.7
coast,1790358081,,,1,,,,,393.0
coast,1790358086,,,1,,,,,393.2
coast,1790358091,,,1,,,,,393.4
coast,1790358096,,,1,,,,,393.5
coast,1790358101,,,1,,,,,393.5
coast,1790358106,,,1,,,,,393.6
coast,1790358111,,,1,,,,,393.6
coast,1790358116,,,1,,,,,393.6
coast,1790358121,,,1,,,,,393.6
fix,1790358126,465.9,27.6,1,465.9,0.92,10.2,accepted,465.9
coast,1790358131,,,1,,,,,469.7
coast,1790358136,,,1,,,,,472.2
coast,1790358141,,,1,,,,,473.8
coast,1790358146,,,1,,,,,474.9
fix,1790358150,608.7,7.8,1,608.4,6.55,10.2,accepted,608.4
coast,1790358155,,,1,,,,,635.2
coast,1790358160,,,1,,,,,652.8
coast,1790358165,,,1,,,,,664.4
coast,1790358170,,,1,,,,,672.1
coast,1790358175,,,1,,,,,677.2
coast,1790358180,,,1,,,,,680.5
coast,1790358185,,,1,,,,,682.7
coast,1790358190,,,1,,,,,684.1
coast,1790358195,,,1,,,,,685.1
coast,1790358200,,,1,,,,,685.7
coast,1790358205,,,1,,,,,686.1
coast,1790358210,,,1,,,,,686.4
coast,1790358215,,,1,,,,,686.6
fix,1790358220,639.9,4.4,1,640.1,-1.82,10.2,accepted,640.1
coast,1790358225,,,1,,,,,632.7
coast,1790358230,,,1,,,,,627.7
coast,1790358235,,,1,,,,,624.5
coast,1790358240,,,1,,,,,622.4
coast,1790358245,,,1,,,,,621.0
coast,1790358250,,,1,,,,,620.0
coast,1790358255,,,1,,,,,619.4
coast,1790358260,,,1,,,,,619.0
coast,1790358265,,,1,,,,,618.8
coast,1790358270,,,1,,,,,618.6
coast,1790358275,,,1,,,,,618.5
fix,1790358280,873.8,0.9,1,873.6,5.35,10.2,accepted,873.6
coast,1790358285,,,1,,,,,895.5
coast,1790358290,,,1,,,,,909.9
coast,1790358295,,,1,,,,,919.4
coast,1790358300,,,1,,,,,925.7
coast,1790358305,,,1,,,,,929.8
coast,1790358310,,,1,,,,,932.5
coast,1790358315,,,1,,,,,934.3
coast,1790358320,,,1,,,,,935.5
coast,1790358325,,,1,,,,,936.3
coast,1790358330,,,1,,,,,936.8
coast,1790358335,,,1,,,,,937.2
fix,1790358338,1067.6,20.5,1,1067.6,2.82,10.2,accepted,1067.6
coast,1790358343,,,1,,,,,1079.1
coast,1790358348,,,1,,,,,1086.7
coast,1790358353,,,1,,,,,1091.8
coast,1790358358,,,1,,,,,1095.1
coast,1790358363,,,1,,,,,1097.2
coast,1790358368,,,1,,,,,1098.7
coast,1790358373,,,1,,,,,1099.6
coast,1790358378,,,1,,,,,1100.2
fix,1790358379,1098.9,16.6,1,1099.0,0.31,10.2,accepted,1099.0
coast,1790358384,,,1,,,,,1100.3
coast,1790358389,,,1,,,,,1101.1
coast,1790358394,,,1,,,,,1101.6
coast,1790358399,,,1,,,,,1102.0
coast,1790358404,,,1,,,,,1102.2
coast,1790358409,,,1,,,,,1102.4
coast,1790358414,,,1,,,,,1102.5
coast,1790358419,,,1,,,,,1102.6
coast,1790358424,,,1,,,,,1102.6
fix,1790358427,1164.4,2.5,1,1164.3,1.66,10.2,accepted,1164.3
coast,1790358432,,,1,,,,,1171.1
coast,1790358437,,,1,,,,,1175.6
coast,1790358442,,,1,,,,,1178.5
fix,1790358446,1197.7,4.1,1,1197.7,1.77,10.2,accepted,1197.7
coast,1790358451,,,1,,,,,1205.0
coast,1790358456,,,1,,,,,1209.7
coast,1790358461,,,1,,,,,1212.9
coast,1790358466,,,1,,,,,1214.9
coast,1790358471,,,1,,,,,1216.3
coast,1790358476,,,1,,,,,1217.2
fix,1790358477,1445.8,0.0,1,1445.2,9.83,10.2,accepted,1445.2
coast,1790358482,,,1,,,,,1485.4
coast,1790358487,,,1,,,,,1511.9
coast,1790358492,,,1,,,,,1529.3
coast,1790358497,,,1,,,,,1540.9
coast,1790358502,,,1,,,,,1548.4
coast,1790358507,,,1,,,,,1553.4
coast,1790358512,,,1,,,,,1556.7
coast,1790358517,,,1,,,,,1558.9
coast,1790358522,,,1,,,,,1560.4
fix,1790358525,1659.2,0.4,1,1659.4,2.77,10.2,accepted,1659.4
coast,1790358530,,,1,,,,,1670.7
coast,1790358535,,,1,,,,,1678.2
coast,1790358540,,,1,,,,,1683.1
coast,1790358545,,,1,,,,,1686.3
coast,1790358550,,,1,,,,,1688.5
coast,1790358555,,,1,,,,,1689.9
coast,1790358560,,,1,,,,,1690.8
coast,1790358565,,,1,,,,,1691.4
coast,1790358570,,,1,,,,,1691.8
coast,1790358575,,,1,,,,,1692.1
coast,1790358580,,,1,,,,,1692.3
fix,1790358584,1794.0,4.9,1,1794.0,2.14,10.2,accepted,1794.0
coast,1790358589,,,1,,,,,1802.8
coast,1790358594,,,1,,,,,1808.5
coast,1790358599,,,1,,,,,1812.3
coast,1790358604,,,1,,,,,1814.9
coast,1790358609,,,1,,,,,1816.5
coast,1790358614,,,1,,,,,1817.6
coast,1790358619,,,1,,,,,1818.3
fix,1790358624,1958.0,5.7,1,1957.9,4.52,10.2,accepted,1957.9
coast,1790358629,,,1,,,,,1976.4
coast,1790358634,,,1,,,,,1988.6
coast,1790358639,,,1,,,,,1996.7
coast,1790358644,,,1,,,,,2002.0
coast,1790358649,,,1,,,,,2005.5
fix,1790358653,2021.2,2.5,1,2021.4,1.68,10.2,accepted,2021.4
coast,1790358658,,,1,,,,,2028.2
coast,1790358663,,,1,,,,,2032.8
coast,1790358668,,,1,,,,,2035.8
coast,1790358673,,,1,,,,,2037.7
coast,1790358678,,,1,,,,,2039.0
coast,1790358683,,,1,,,,,2039.9
coast,1790358688,,,1,,,,,2040.4
coast,1790358693,,,1,,,,,2040.8
coast,1790358698,,,1,,,,,2041.1
fix,1790358701,2069.9,8.4,1,2070.0,0.80,10.2,accepted,2070.0
coast,1790358706,,,1,,,,,2073.2
coast,1790358711,,,1,,,,,2075.4
coast,1790358716,,,1,,,,,2076.8
coast,1790358721,,,1,,,,,2077.7
coast,1790358726,,,1,,,,,2078.3
coast,1790358731,,,1,,,,,2078.8
coast,1790358736,,,1,,,,,2079.0
coast,1790358741,,,1,,,,,2079.2
coast,1790358746,,,1,,,,,2079.3
coast,1790358751,,,1,,,,,2079.4
coast,1790358756,,,1,,,,,2079.4
fix,1790358760,2226.9,0.5,1,2226.9,3.21,10.2,accepted,2226.9
coast,1790358765,,,1,,,,,2240.0
coast,1790358770,,,1,,,,,2248.6
coast,1790358775,,,1,,,,,2254.3
coast,1790358780,,,1,,,,,2258.1
coast,1790358785,,,1,,,,,2260.5
coast,1790358790,,,1,,,,,2262.2
coast,1790358795,,,1,,,,,2263.3
coast,1790358800,,,1,,,,,2264.0
coast,1790358805,,,1,,,,,2264.4
coast,1790358810,,,1,,,,,2264.7
coast,1790358815,,,1,,,,,2264.9
coast,1790358820,,,1,,,,,2265.1
coast,1790358825,,,1,,,,,2265.2
coast,1790358830,,,1,,,,,2265.2
coast,1790358835,,,1,,,,,2265.3
fix,1790358836,2256.8,7.1,1,2256.8,-0.45,10.2,accepted,2256.8
coast,1790358841,,,1,,,,,2255.0
coast,1790358846,,,1,,,,,2253.8
coast,1790358851,,,1,,,,,2253.0
fix,1790358854,2399.7,11.3,1,2398.8,8.72,10.2,accepted,2398.8
coast,1790358859,,,1,,,,,2434.5
coast,1790358864,,,1,,,,,2458.0
coast,1790358869,,,1,,,,,2473.5
coast,1790358874,,,1,,,,,2483.7
coast,1790358879,,,1,,,,,2490.4
coast,1790358884,,,1,,,,,2494.9
coast,1790358889,,,1,,,,,2497.8
coast,1790358894,,,1,,,,,2499.7
coast,1790358899,,,1,,,,,2501.0
coast,1790358904,,,1,,,,,2501.8
fix,1790358905,2444.6,34.5,1,2445.0,-1.93,10.2,accepted,2445.0
coast,1790358910,,,1,,,,,2437.1
coast,1790358915,,,1,,,,,2431.9
coast,1790358920,,,1,,,,,2428.4
coast,1790358925,,,1,,,,,2426.2
coast,1790358930,,,1,,,,,2424.7
coast,1790358935,,,1,,,,,2423.7
coast,1790358940,,,1,,,,,2423.1
coast,1790358945,,,1,,,,,2422.6
coast,1790358950,,,1,,,,,2422.4
coast,1790358955,,,1,,,,,2422.2
coast,1790358960,,,1,,,,,2422.1
fix,1790358964,2551.4,2.2,1,2551.3,2.88,10.2,accepted,2551.3
coast,1790358969,,,1,,,,,2563.1
coast,1790358974,,,1,,,,,2570.8
coast,1790358979,,,1,,,,,2576.0
coast,1790358984,,,1,,,,,2579.3
fix,1790358988,2600.2,15.0,1,2600.2,1.91,10.2,accepted,2600.2
fix,1790358991,2600.2,15.0,1,2601.7,1.03,8.8,accepted,2601.7
coast,1790358996,,,1,,,,,2605.9
coast,1790359001,,,1,,,,,2608.7
coast,1790359006,,,1,,,,,2610.5
coast,1790359011,,,1,,,,,2611.7
coast,1790359016,,,1,,,,,2612.5
coast,1790359021,,,1,,,,,2613.1
coast,1790359026,,,1,,,,,2613.4
coast,1790359031,,,1,,,,,2613.6
coast,1790359036,,,1,,,,,2613.8
coast,1790359041,,,1,,,,,2613.9
fix,1790359042,2767.9,5.2,1,2767.8,4.05,10.2,accepted,2767.8
coast,1790359047,,,1,,,,,2784.3
coast,1790359052,,,1,,,,,2795.3
fix,1790359057,2851.8,2.9,1,2851.5,5.75,10.2,accepted,2851.5
coast,1790359062,,,1,,,,,2875.0
coast,1790359067,,,1,,,,,2890.5
coast,1790359072,,,1,,,,,2900.7
coast,1790359077,,,1,,,,,2907.5
coast,1790359082,,,1,,,,,2911.9
coast,1790359087,,,1,,,,,2914.9
coast,1790359092,,,1,,,,,2916.8
coast,1790359097,,,1,,,,,2918.1
coast,1790359102,,,1,,,,,2918.9
coast,1790359107,,,1,,,,,2919.4
coast,1790359112,,,1,,,,,2919.8
fix,1790359116,2911.8,11.2,1,2912.0,-0.81,10.2,accepted,2912.0
coast,1790359121,,,1,,,,,2908.7
coast,1790359126,,,1,,,,,2906.5
coast,1790359131,,,1,,,,,2905.1
coast,1790359136,,,1,,,,,2904.1
coast,1790359141,,,1,,,,,2903.5
coast,1790359146,,,1,,,,,2903.1
coast,1790359151,,,1,,,,,2902.8
coast,1790359156,,,1,,,,,2902.6
coast,1790359161,,,1,,,,,2902.5
coast,1790359166,,,1,,,,,2902.4
coast,1790359171,,,1,,,,,2902.4
fix,1790359175,3007.8,3.6,1,3007.7,2.29,10.2,accepted,3007.7
coast,1790359180,,,1,,,,,3017.1
fix,1790359181,3047.2,5.6,1,3045.6,6.18,9.9,accepted,3045.6
coast,1790359186,,,1,,,,,3070.8
coast,1790359191,,,1,,,,,3087.5
coast,1790359196,,,1,,,,,3098.4
coast,1790359201,,,1,,,,,3105.7
coast,1790359206,,,1,,,,,3110.5
coast,1790359211,,,1,,,,,3113.6
coast,1790359216,,,1,,,,,3115.7
coast,1790359221,,,1,,,,,3117.0
coast,1790359226,,,1,,,,,3117.9
coast,1790359231,,,1,,,,,3118.5
coast,1790359236,,,1,,,,,3118.9
fix,1790359241,3254.8,7.4,1,3254.9,2.43,10.2,accepted,3254.9
coast,1790359246,,,1,,,,,3264.9
coast,1790359251,,,1,,,,,3271.4
coast,1790359256,,,1,,,,,3275.7
coast,1790359261,,,1,,,,,3278.6
coast,1790359266,,,1,,,,,3280.5
coast,1790359271,,,1,,,,,3281.7
coast,1790359276,,,1,,,,,3282.5
coast,1790359281,,,1,,,,,3283.1
coast,1790359286,,,1,,,,,3283.4
coast,1790359291,,,1,,,,,3283.7
coast,1790359296,,,1,,,,,3283.8
fix,1790359299,3500.1,1.5,1,3500.1,4.71,10.2,accepted,3500.1
coast,1790359304,,,1,,,,,3519.3
coast,1790359309,,,1,,,,,3532.1
coast,1790359314,,,1,,,,,3540.4
coast,1790359319,,,1,,,,,3545.9
coast,1790359324,,,1,,,,,3549.6
coast,1790359329,,,1,,,,,3552.0
coast,1790359334,,,1,,,,,3553.6
coast,1790359339,,,1,,,,,3554.6
coast,1790359344,,,1,,,,,3555.3
coast,1790359349,,,1,,,,,3555.8
coast,1790359354,,,1,,,,,3556.1
fix,1790359358,3601.5,2.4,1,3601.6,0.92,10.2,accepted,3601.6
coast,1790359363,,,1,,,,,3605.3
coast,1790359368,,,1,,,,,3607.8
coast,1790359373,,,1,,,,,3609.4
coast,1790359378,,,1,,,,,3610.5
coast,1790359383,,,1,,,,,3611.2
coast,1790359388,,,1,,,,,3611.7
coast,1790359393,,,1,,,,,3612.0
coast,1790359398,,,1,,,,,3612.2
coast,1790359403,,,1,,,,,3612.3
coast,1790359408,,,1,,,,,3612.4
coast,1790359413,,,1,,,,,3612.5
fix,1790359417,3675.0,2.5,1,3675.0,1.33,10.2,accepted,3675.0
coast,1790359422,,,1,,,,,3680.4
coast,1790359427,,,1,,,,,3684.0
coast,1790359432,,,1,,,,,3686.4
fix,1790359435,3722.6,6.2,1,3722.4,2.79,10.2,accepted,3722.4
coast,1790359440,,,1,,,,,3733.9
coast,1790359445,,,1,,,,,3741.4
coast,1790359450,,,1,,,,,3746.3
coast,1790359455,,,1,,,,,3749.6
coast,1790359460,,,1,,,,,3751.8
coast,1790359465,,,1,,,,,3753.2
coast,1790359470,,,1,,,,,3754.1
coast,1790359475,,,1,,,,,3754.8
coast,1790359480,,,1,,,,,3755.2
coast,1790359485,,,1,,,,,3755.4
fix,1790359486,3900.3,1.9,1,3900.2,3.74,10.2,accepted,3900.2
coast,1790359491,,,1,,,,,3915.5
coast,1790359496,,,1,,,,,3925.6
coast,1790359501,,,1,,,,,3932.2
coast,1790359506,,,1,,,,,3936.6
coast,1790359511,,,1,,,,,3939.5
coast,1790359516,,,1,,,,,3941.4
coast,1790359521,,,1,,,,,3942.7
coast,1790359526,,,1,,,,,3943.5
coast,1790359531,,,1,,,,,3944.0
coast,1790359536,,,1,,,,,3944.4
coast,1790359541,,,1,,,,,3944.6
fix,1790359545,3946.3,68.3,1,3946.4,-0.08,10.2,accepted,3946.4
coast,1790359550,,,1,,,,,3946.0
coast,1790359555,,,1,,,,,3945.8
coast,1790359560,,,1,,,,,3945.7
coast,1790359565,,,1,,,,,3945.6
coast,1790359570,,,1,,,,,3945.5
coast,1790359575,,,1,,,,,3945.5
coast,1790359580,,,1,,,,,3945.5
coast,1790359585,,,1,,,,,3945.5
coast,1790359590,,,1,,,,,3945.5
coast,1790359595,,,1,,,,,3945.4
coast,1790359600,,,1,,,,,3945.4
fix,1790359604,4109.4,5.5,1,4109.4,3.52,10.2,accepted,4109.4
coast,1790359609,,,1,,,,,4123.8
coast,1790359614,,,1,,,,,4133.3
coast,1790359619,,,1,,,,,4139.5
coast,1790359624,,,1,,,,,4143.7
coast,1790359629,,,1,,,,,4146.4
coast,1790359634,,,1,,,,,4148.2
coast,1790359639,,,1,,,,,4149.4
fix,1790359644,4116.9,5.1,1,4117.0,-0.53,10.2,accepted,4117.0
coast,1790359649,,,1,,,,,4114.9
coast,1790359654,,,1,,,,,4113.4
coast,1790359659,,,1,,,,,4112.5
coast,1790359664,,,1,,,,,4111.9
coast,1790359669,,,1,,,,,4111.5
coast,1790359674,,,1,,,,,4111.2
fix,1790359675,4149.9,1.8,1,4149.8,1.41,10.2,accepted,4149.8
coast,1790359680,,,1,,,,,4155.5
coast,1790359685,,,1,,,,,4159.3
coast,1790359690,,,1,,,,,4161.9
fix,1790359693,4169.9,1.9,1,4170.0,1.07,10.2,accepted,4170.0
coast,1790359698,,,1,,,,,4174.4
coast,1790359703,,,1,,,,,4177.2
coast,1790359708,,,1,,,,,4179.2
coast,1790359713,,,1,,,,,4180.4
coast,1790359718,,,1,,,,,4181.2
coast,1790359723,,,1,,,,,4181.8
coast,1790359728,,,1,,,,,4182.1
coast,1790359733,,,1,,,,,4182.4
coast,1790359738,,,1,,,,,4182.5
coast,1790359743,,,1,,,,,4182.6
coast,1790359748,,,1,,,,,4182.7
coast,1790359753,,,1,,,,,4182.8
fix,1790359754,4271.2,2.4,1,4271.1,1.88,10.2,accepted,4271.1
coast,1790359759,,,1,,,,,4278.8
coast,1790359764,,,1,,,,,4283.9
coast,1790359769,,,1,,,,,4287.3
coast,1790359774,,,1,,,,,4289.5
coast,1790359779,,,1,,,,,4290.9
coast,1790359784,,,1,,,,,4291.9
coast,1790359789,,,1,,,,,4292.5
fix,1790359794,4333.1,3.9,1,4333.1,1.47,10.2,accepted,4333.1
coast,1790359799,,,1,,,,,4339.1
fix,1790359804,4442.1,7.8,1,4439.1,11.16,10.1,accepted,4439.1
coast,1790359809,,,1,,,,,4484.7
coast,1790359814,,,1,,,,,4514.8
coast,1790359819,,,1,,,,,4534.6
coast,1790359824,,,1,,,,,4547.7
coast,1790359829,,,1,,,,,4556.3
coast,1790359834,,,1,,,,,4562.0
coast,1790359839,,,1,,,,,4565.8
coast,1790359844,,,1,,,,,4568.2
fix,1790359847,4541.5,8.0,1,4542.1,-0.84,10.2,accepted,4542.1
coast,1790359852,,,1,,,,,4538.7
coast,1790359857,,,1,,,,,4536.4
coast,1790359862,,,1,,,,,4534.9
coast,1790359867,,,1,,,,,4533.9
coast,1790359872,,,1,,,,,4533.3
coast,1790359877,,,1,,,,,4532.8
coast,1790359882,,,1,,,,,4532.5
coast,1790359887,,,1,,,,,4532.4
coast,1790359892,,,1,,,,,4532.2
coast,1790359897,,,1,,,,,4532.2
coast,1790359902,,,1,,,,,4532.1
coast,1790359907,,,1,,,,,4532.1
coast,1790359912,,,1,,,,,4532.0
fix,1790359917,4695.1,0.7,1,4695.0,3.18,10.2,accepted,4695.0
coast,1790359922,,,1,,,,,4708.0
coast,1790359927,,,1,,,,,4716.6
coast,1790359932,,,1,,,,,4722.3
coast,1790359937,,,1,,,,,4726.0
coast,1790359942,,,1,,,,,4728.5
coast,1790359947,,,1,,,,,4730.1
coast,1790359952,,,1,,,,,4731.2
coast,1790359957,,,1,,,,,4731.9
coast,1790359962,,,1,,,,,4732.3
coast,1790359967,,,1,,,,,4732.6
coast,1790359972,,,1,,,,,4732.8
fix,1790359977,4968.6,2.8,1,4968.6,4.91,10.2,accepted,4968.6
coast,1790359982,,,1,,,,,4988.7
coast,1790359987,,,1,,,,,5001.9
coast,1790359992,,,1,,,,,5010.6
coast,1790359997,,,1,,,,,5016.4
coast,1790360002,,,1,,,,,5020.2
coast,1790360007,,,1,,,,,5022.7
coast,1790360012,,,1,,,,,5024.3
fix,1790360015,5075.8,5.5,1,5075.9,2.39,10.2,accepted,5075.9
coast,1790360020,,,1,,,,,5085.6
coast,1790360025,,,1,,,,,5092.1
coast,1790360030,,,1,,,,,5096.3
coast,1790360035,,,1,,,,,5099.1
coast,1790360040,,,1,,,,,5101.0
coast,1790360045,,,1,,,,,5102.2
coast,1790360050,,,1,,,,,5103.0
coast,1790360055,,,1,,,,,5103.5
coast,1790360060,,,1,,,,,5103.9
coast,1790360065,,,1,,,,,5104.1
fix,1790360069,5269.7,3.5,1,5269.6,3.95,10.2,accepted,5269.6
coast,1790360074,,,1,,,,,5285.8
coast,1790360079,,,1,,,,,5296.5
coast,1790360084,,,1,,,,,5303.5
coast,1790360089,,,1,,,,,5308.1
coast,1790360094,,,1,,,,,5311.2
coast,1790360099,,,1,,,,,5313.2
coast,1790360104,,,1,,,,,5314.5
coast,1790360109,,,1,,,,,5315.4
coast,1790360114,,,1,,,,,5316.0
coast,1790360119,,,1,,,,,5316.3
coast,1790360124,,,1,,,,,5316.6
fix,1790360128,5370.7,5.0,1,5370.7,1.09,10.2,accepted,5370.7
coast,1790360133,,,1,,,,,5375.2
coast,1790360138,,,1,,,,,5378.1
coast,1790360143,,,1,,,,,5380.0
coast,1790360148,,,1,,,,,5381.3
coast,1790360153,,,1,,,,,5382.2
fix,1790360155,5403.4,3.1,1,5403.4,1.23,10.2,accepted,5403.4
coast,1790360160,,,1,,,,,5408.4
coast,1790360165,,,1,,,,,5411.7
coast,1790360170,,,1,,,,,5413.9
coast,1790360175,,,1,,,,,5415.3
fix,1790360178,5541.0,6.1,1,5540.4,7.01,10.2,accepted,5540.4
coast,1790360183,,,1,,,,,5569.0
coast,1790360188,,,1,,,,,5587.9
coast,1790360193,,,1,,,,,5600.4
coast,1790360198,,,1,,,,,5608.6
coast,1790360203,,,1,,,,,5614.0
coast,1790360208,,,1,,,,,5617.6
coast,1790360213,,,1,,,,,5619.9
coast,1790360218,,,1,,,,,5621.5
coast,1790360223,,,1,,,,,5622.5
coast,1790360228,,,1,,,,,5623.2
coast,1790360233,,,1,,,,,5623.6
fix,1790360236,5760.1,0.5,1,5760.2,2.63,10.2,accepted,5760.2
coast,1790360241,,,1,,,,,5770.9
coast,1790360246,,,1,,,,,5778.0
coast,1790360251,,,1,,,,,5782.7
coast,1790360256,,,1,,,,,5785.8
coast,1790360261,,,1,,,,,5787.8
coast,1790360266,,,1,,,,,5789.1
coast,1790360271,,,1,,,,,5790.0
coast,1790360276,,,1,,,,,5790.6
fix,1790360278,5813.5,1.8,1,5813.6,0.96,10.2,accepted,5813.6
coast,1790360283,,,1,,,,,5817.5
coast,1790360288,,,1,,,,,5820.1
coast,1790360293,,,1,,,,,5821.8
coast,1790360298,,,1,,,,,5822.9
coast,1790360303,,,1,,,,,5823.6
coast,1790360308,,,1,,,,,5824.1
fix,1790360310,5813.5,1.8,1,5813.6,-0.21,10.2,accepted,5813.6
coast,1790360315,,,1,,,,,5812.7
coast,1790360320,,,1,,,,,5812.1
coast,1790360325,,,1,,,,,5811.8
coast,1790360330,,,1,,,,,5811.5
coast,1790360335,,,1,,,,,5811.3
coast,1790360340,,,1,,,,,5811.2
coast,1790360345,,,1,,,,,5811.2
coast,1790360350,,,1,,,,,5811.1
coast,1790360355,,,1,,,,,5811.1
coast,1790360360,,,1,,,,,5811.1
coast,1790360365,,,1,,,,,5811.0
coast,1790360370,,,1,,,,,5811.0
coast,1790360375,,,1,,,,,5811.0
coast,1790360380,,,1,,,,,5811.0
coast,1790360385,,,1,,,,,5811.0
coast,1790360390,,,1,,,,,5811.0
fix,1790360394,5866.8,1.8,1,5866.8,0.95,10.2,accepted,5866.8
coast,1790360399,,,1,,,,,5870.7
coast,1790360404,,,1,,,,,5873.2
coast,1790360409,,,1,,,,,5874.9
coast,1790360414,,,1,,,,,5876.0
coast,1790360419,,,1,,,,,5876.7
coast,1790360424,,,1,,,,,5877.2
coast,1790360429,,,1,,,,,5877.5
coast,1790360434,,,1,,,,,5877.8
fix,1790360436,5900.1,2.8,1,5900.1,0.76,10.2,accepted,5900.1
coast,1790360441,,,1,,,,,5903.2
coast,1790360446,,,1,,,,,5905.3
coast,1790360451,,,1,,,,,5906.7
coast,1790360456,,,1,,,,,5907.5
coast,1790360461,,,1,,,,,5908.1
coast,1790360466,,,1,,,,,5908.5
coast,1790360471,,,1,,,,,5908.8
coast,1790360476,,,1,,,,,5909.0
coast,1790360481,,,1,,,,,5909.1
coast,1790360486,,,1,,,,,5909.1
coast,1790360491,,,1,,,,,5909.2
coast,1790360496,,,1,,,,,5909.2
coast,1790360501,,,1,,,,,5909.2
coast,1790360506,,,1,,,,,5909.3
coast,1790360511,,,1,,,,,5909.3
coast,1790360516,,,1,,,,,5909.3
coast,1790360521,,,1,,,,,5909.3
coast,1790360526,,,1,,,,,5909.3
coast,1790360531,,,1,,,,,5909.3
coast,1790360536,,,1,,,,,5909.3
coast,1790360541,,,1,,,,,5909.3
fix,1790360543,6097.7,5.3,1,6097.6,2.24,10.2,accepted,6097.6
coast,1790360548,,,1,,,,,6106.8
coast,1790360553,,,1,,,,,6112.9
coast,1790360558,,,1,,,,,6116.9
coast,1790360563,,,1,,,,,6119.5
coast,1790360568,,,1,,,,,6121.2
coast,1790360573,,,1,,,,,6122.4
coast,1790360578,,,1,,,,,6123.1
coast,1790360583,,,1,,,,,6123.6
coast,1790360588,,,1,,,,,6123.9
fix,1790360593,6223.8,2.0,1,6223.8,2.57,10.2,accepted,6223.8
coast,1790360598,,,1,,,,,6234.3
coast,1790360603,,,1,,,,,6241.3
coast,1790360608,,,1,,,,,6245.9
fix,1790360609,6357.5,5.1,1,6356.6,8.95,10.2,accepted,6356.6
coast,1790360614,,,1,,,,,6393.1
coast,1790360619,,,1,,,,,6417.3
coast,1790360624,,,1,,,,,6433.2
fix,1790360628,6496.8,3.3,1,6497.1,7.05,10.2,accepted,6497.1
coast,1790360633,,,1,,,,,6526.0
coast,1790360638,,,1,,,,,6544.9
coast,1790360643,,,1,,,,,6557.5
coast,1790360648,,,1,,,,,6565.7
coast,1790360653,,,1,,,,,6571.2
coast,1790360658,,,1,,,,,6574.7
coast,1790360663,,,1,,,,,6577.1
coast,1790360668,,,1,,,,,6578.7
coast,1790360673,,,1,,,,,6579.7
coast,1790360678,,,1,,,,,6580.4
coast,1790360683,,,1,,,,,6580.8
fix,1790360687,6667.3,2.2,1,6667.4,1.32,10.2,accepted,6667.4
coast,1790360692,,,1,,,,,6672.8
coast,1790360697,,,1,,,,,6676.4
coast,1790360702,,,1,,,,,6678.7
coast,1790360707,,,1,,,,,6680.3
coast,1790360712,,,1,,,,,6681.3
coast,1790360717,,,1,,,,,6681.9
coast,1790360722,,,1,,,,,6682.4
coast,1790360727,,,1,,,,,6682.7
coast,1790360732,,,1,,,,,6682.9
coast,1790360737,,,1,,,,,6683.0
coast,1790360742,,,1,,,,,6683.1
fix,1790360746,6807.2,7.1,1,6807.2,2.66,10.2,accepted,6807.2
coast,1790360751,,,1,,,,,6818.1
coast,1790360756,,,1,,,,,6825.2
coast,1790360761,,,1,,,,,6829.9
coast,1790360766,,,1,,,,,6833.1
coast,1790360771,,,1,,,,,6835.1
coast,1790360776,,,1,,,,,6836.5
coast,1790360781,,,1,,,,,6837.4
coast,1790360786,,,1,,,,,6837.9
fix,1790360791,6902.0,3.2,1,6902.1,1.98,10.2,accepted,6902.1
coast,1790360796,,,1,,,,,6910.2
coast,1790360801,,,1,,,,,6915.5
fix,1790360804,6991.7,1.5,1,6990.6,7.27,10.2,accepted,6990.6
coast,1790360809,,,1,,,,,7020.3
coast,1790360814,,,1,,,,,7039.9
coast,1790360819,,,1,,,,,7052.9
coast,1790360824,,,1,,,,,7061.4
fix,1790360825,7131.3,8.5,1,7131.4,6.56,10.2,accepted,7131.4
coast,1790360830,,,1,,,,,7158.2
coast,1790360835,,,1,,,,,7175.9
coast,1790360840,,,1,,,,,7187.6
coast,1790360845,,,1,,,,,7195.3
coast,1790360850,,,1,,,,,7200.3
coast,1790360855,,,1,,,,,7203.7
coast,1790360860,,,1,,,,,7205.9
coast,1790360865,,,1,,,,,7207.3
coast,1790360870,,,1,,,,,7208.3
coast,1790360875,,,1,,,,,7208.9
coast,1790360880,,,1,,,,,7209.3
coast,1790360885,,,1,,,,,7209.6
fix,1790360889,7172.7,4.1,1,7172.9,-1.60,10.2,accepted,7172.9
coast,1790360894,,,1,,,,,7166.3
coast,1790360899,,,1,,,,,7162.0
coast,1790360904,,,1,,,,,7159.2
coast,1790360909,,,1,,,,,7157.3
coast,1790360914,,,1,,,,,7156.1
coast,1790360919,,,1,,,,,7155.3
coast,1790360924,,,1,,,,,7154.7
coast,1790360929,,,1,,,,,7154.4
coast,1790360934,,,1,,,,,7154.1
coast,1790360939,,,1,,,,,7154.0
fix,1790360943,7411.0,0.9,1,7410.9,5.93,10.2,accepted,7410.9
coast,1790360948,,,1,,,,,7435.1
coast,1790360953,,,1,,,,,7451.1
coast,1790360958,,,1,,,,,7461.6
coast,1790360963,,,1,,,,,7468.6
coast,1790360968,,,1,,,,,7473.2
fix,1790360972,7273.4,1.3,1,7274.1,-6.68,10.2,accepted,7274.1
coast,1790360977,,,1,,,,,7246.8
coast,1790360982,,,1,,,,,7228.8
coast,1790360987,,,1,,,,,7216.9
coast,1790360992,,,1,,,,,7209.1
coast,1790360997,,,1,,,,,7203.9
coast,1790361002,,,1,,,,,7200.5
coast,1790361007,,,1,,,,,7198.3
coast,1790361012,,,1,,,,,7196.8
coast,1790361017,,,1,,,,,7195.8
coast,1790361022,,,1,,,,,7195.2
coast,1790361027,,,1,,,,,7194.8
coast,1790361032,,,1,,,,,7194.5
coast,1790361037,,,1,,,,,7194.3
coast,1790361042,,,1,,,,,7194.2
fix,1790361047,7307.5,27.3,1,7307.4,3.05,10.2,accepted,7307.4
coast,1790361052,,,1,,,,,7319.9
coast,1790361057,,,1,,,,,7328.1
coast,1790361062,,,1,,,,,7333.5
coast,1790361067,,,1,,,,,7337.1
coast,1790361072,,,1,,,,,7339.5
coast,1790361077,,,1,,,,,7341.0
coast,1790361082,,,1,,,,,7342.0
coast,1790361087,,,1,,,,,7342.7
coast,1790361092,,,1,,,,,7343.2
coast,1790361097,,,1,,,,,7343.4
coast,1790361102,,,1,,,,,7343.6
coast,1790361107,,,1,,,,,7343.8
coast,1790361112,,,1,,,,,7343.9
coast,1790361117,,,1,,,,,7343.9
coast,1790361122,,,1,,,,,7343.9
coast,1790361127,,,1,,,,,7344.0
coast,1790361132,,,1,,,,,7344.0
coast,1790361137,,,1,,,,,7344.0
coast,1790361142,,,1,,,,,7344.0
coast,1790361147,,,1,,,,,7344.0
coast,1790361152,,,1,,,,,7344.0
coast,1790361157,,,1,,,,,7344.0
coast,1790361162,,,1,,,,,7344.0
coast,1790361167,,,1,,,,,7344.0
coast,1790361172,,,1,,,,,7344.0
coast,1790361177,,,1,,,,,7344.0
coast,1790361182,,,1,,,,,7344.0
coast,1790361187,,,1,,,,,7344.0
coast,1790361192,,,1,,,,,7344.0
coast,1790361197,,,1,,,,,7344.0
coast,1790361202,,,1,,,,,7344.0
coast,1790361207,,,1,,,,,7344.0
coast,1790361212,,,1,,,,,7344.0
coast,1790361217,,,1,,,,,7344.0
coast,1790361222,,,1,,,,,7344.0
coast,1790361227,,,1,,,,,7344.0
coast,1790361232,,,1,,,,,7344.0
coast,1790361237,,,1,,,,,7344.0
coast,1790361242,,,1,,,,,7344.0
coast,1790361247,,,1,,,,,7344.0
coast,1790361252,,,1,,,,,7344.0
coast,1790361257,,,1,,,,,7344.0
coast,1790361262,,,1,,,,,7344.0
coast,1790361267,,,1,,,,,7344.0
coast,1790361272,,,1,,,,,7344.0
coast,1790361277,,,1,,,,,7344.0
coast,1790361282,,,1,,,,,7344.0
coast,1790361287,,,1,,,,,7344.0
coast,1790361292,,,1,,,,,7344.0
coast,1790361297,,,1,,,,,7344.0
coast,1790361302,,,1,,,,,7344.0
coast,1790361307,,,1,,,,,7344.0
coast,1790361312,,,1,,,,,7344.0
coast,1790361317,,,1,,,,,7344.0
coast,1790361322,,,1,,,,,7344.0
coast,1790361327,,,1,,,,,7344.0
coast,1790361332,,,1,,,,,7344.0
coast,1790361337,,,1,,,,,7344.0
coast,1790361342,,,1,,,,,7344.0
fix,1790361347,7307.5,18.7,1,7307.5,-1.27,10.2,accepted,7307.5
coast,1790361352,,,1,,,,,7302.3
coast,1790361357,,,1,,,,,7298.9
coast,1790361362,,,1,,,,,7296.7
coast,1790361367,,,1,,,,,7295.2
coast,1790361372,,,1,,,,,7294.2
coast,1790361377,,,1,,,,,7293.6
coast,1790361382,,,1,,,,,7293.1
coast,1790361387,,,1,,,,,7292.9
coast,1790361392,,,1,,,,,7292.7
coast,1790361397,,,1,,,,,7292.6
fix,1790361401,7330.2,3.3,1,7330.2,0.58,10.2,accepted,7330.2
coast,1790361406,,,1,,,,,7332.6
coast,1790361411,,,1,,,,,7334.1
coast,1790361416,,,1,,,,,7335.1
coast,1790361421,,,1,,,,,7335.8
coast,1790361426,,,1,,,,,7336.3
coast,1790361431,,,1,,,,,7336.5
coast,1790361436,,,1,,,,,7336.7
coast,1790361441,,,1,,,,,7336.9
coast,1790361446,,,1,,,,,7337.0
coast,1790361451,,,1,,,,,7337.0
coast,1790361456,,,1,,,,,7337.0
coast,1790361461,,,1,,,,,7337.1
coast,1790361466,,,1,,,,,7337.1
coast,1790361471,,,1,,,,,7337.1
coast,1790361476,,,1,,,,,7337.1
coast,1790361481,,,1,,,,,7337.1
coast,1790361486,,,1,,,,,7337.1
coast,1790361491,,,1,,,,,7337.1
coast,1790361496,,,1,,,,,7337.1
coast,1790361501,,,1,,,,,7337.1
coast,1790361506,,,1,,,,,7337.1
coast,1790361511,,,1,,,,,7337.1
coast,1790361516,,,1,,,,,7337.1
coast,1790361521,,,1,,,,,7337.1
coast,1790361526,,,1,,,,,7337.1
coast,1790361531,,,1,,,,,7337.1
coast,1790361536,,,1,,,,,7337.1
coast,1790361541,,,1,,,,,7337.1
coast,1790361546,,,1,,,,,7337.1
coast,1790361551,,,1,,,,,7337.1
coast,1790361556,,,1,,,,,7337.1
coast,1790361561,,,1,,,,,7337.1
coast,1790361566,,,1,,,,,7337.1
coast,1790361571,,,1,,,,,7337.1
coast,1790361576,,,1,,,,,7337.1
coast,1790361581,,,1,,,,,7337.1
coast,1790361586,,,1,,,,,7337.1
coast,1790361591,,,1,,,,,7337.1
coast,1790361596,,,1,,,,,7337.1
coast,1790361601,,,1,,,,,7337.1
coast,1790361606,,,1,,,,,7337.1
coast,1790361611,,,1,,,,,7337.1
coast,1790361616,,,1,,,,,7337.1
coast,1790361621,,,1,,,,,7337.1
coast,1790361626,,,1,,,,,7337.1
coast,1790361631,,,1,,,,,7337.1
coast,1790361636,,,1,,,,,7337.1
coast,1790361641,,,1,,,,,7337.1
coast,1790361646,,,1,,,,,7337.1
coast,1790361651,,,1,,,,,7337.1
coast,1790361656,,,1,,,,,7337.1
coast,1790361661,,,1,,,,,7337.1
coast,1790361666,,,1,,,,,7337.1
coast,1790361671,,,1,,,,,7337.1
coast,1790361676,,,1,,,,,7337.1
coast,1790361681,,,1,,,,,7337.1
coast,1790361686,,,1,,,,,7337.1
coast,1790361691,,,1,,,,,7337.1
coast,1790361696,,,1,,,,,7337.1
coast,1790361701,,,1,,,,,7337.1
coast,1790361706,,,1,,,,,7337.1
coast,1790361711,,,1,,,,,7337.1
coast,1790361716,,,1,,,,,7337.1
coast,1790361721,,,1,,,,,7337.1
coast,1790361726,,,1,,,,,7337.1
coast,1790361731,,,1,,,,,7337.1
coast,1790361736,,,1,,,,,7337.1
coast,1790361741,,,1,,,,,7337.1
coast,1790361746,,,1,,,,,7337.1
coast,1790361751,,,1,,,,,7337.1
coast,1790361756,,,1,,,,,7337.1
coast,1790361761,,,1,,,,,7337.1
coast,1790361766,,,1,,,,,7337.1
coast,1790361771,,,1,,,,,7337.1
coast,1790361776,,,1,,,,,7337.1
coast,1790361781,,,1,,,,,7337.1
coast,1790361786,,,1,,,,,7337.1
coast,1790361791,,,1,,,,,7337.1
coast,1790361796,,,1,,,,,7337.1
coast,1790361801,,,1,,,,,7337.1
coast,1790361806,,,1,,,,,7337.1
coast,1790361811,,,1,,,,,7337.1
coast,1790361816,,,1,,,,,7337.1
coast,1790361821,,,1,,,,,7337.1
coast,1790361826,,,1,,,,,7337.1
coast,1790361831,,,1,,,,,7337.1
coast,1790361836,,,1,,,,,7337.1
coast,1790361841,,,1,,,,,7337.1
coast,1790361846,,,1,,,,,7337.1
coast,1790361851,,,1,,,,,7337.1
coast,1790361856,,,1,,,,,7337.1
coast,1790361861,,,1,,,,,7337.1
coast,1790361866,,,1,,,,,7337.1
coast,1790361871,,,1,,,,,7337.1
coast,1790361876,,,1,,,,,7337.1
coast,1790361881,,,1,,,,,7337.1
coast,1790361886,,,1,,,,,7337.1
coast,1790361891,,,1,,,,,7337.1
coast,1790361896,,,1,,,,,7337.1
coast,1790361901,,,1,,,,,7337.1
coast,1790361906,,,1,,,,,7337.1
coast,1790361911,,,1,,,,,7337.1
coast,1790361916,,,1,,,,,7337.1
coast,1790361921,,,1,,,,,7337.1
coast,1790361926,,,1,,,,,7337.1
coast,1790361931,,,1,,,,,7337.1
coast,1790361936,,,1,,,,,7337.1
coast,1790361941,,,1,,,,,7337.1
coast,1790361946,,,1,,,,,7337.1
coast,1790361951,,,1,,,,,7337.1
coast,1790361956,,,1,,,,,7337.1
coast,1790361961,,,1,,,,,7337.1
coast,1790361966,,,1,,,,,7337.1
coast,1790361971,,,1,,,,,7337.1
coast,1790361976,,,1,,,,,7337.1
coast,1790361981,,,1,,,,,7337.1
coast,1790361986,,,1,,,,,7337.1
coast,1790361991,,,1,,,,,7337.1
coast,1790361996,,,1,,,,,7337.1
coast,1790362001,,,1,,,,,7337.1
coast,1790362006,,,1,,,,,7337.1
coast,1790362011,,,1,,,,,7337.1
coast,1790362016,,,1,,,,,7337.1
coast,1790362021,,,1,,,,,7337.1
coast,1790362026,,,1,,,,,7337.1
coast,1790362031,,,1,,,,,7337.1
coast,1790362036,,,1,,,,,7337.1
coast,1790362041,,,1,,,,,7337.1
coast,1790362046,,,1,,,,,7337.1
coast,1790362051,,,1,,,,,7337.1
coast,1790362056,,,1,,,,,7337.1
coast,1790362061,,,1,,,,,7337.1
coast,1790362066,,,1,,,,,7337.1
coast,1790362071,,,1,,,,,7337.1
coast,1790362076,,,1,,,,,7337.1
coast,1790362081,,,1,,,,,7337.1
coast,1790362086,,,1,,,,,7337.1
coast,1790362091,,,1,,,,,7337.1
coast,1790362096,,,1,,,,,7337.1
coast,1790362101,,,1,,,,,7337.1
coast,1790362106,,,1,,,,,7337.1
coast,1790362111,,,1,,,,,7337.1
coast,1790362116,,,1,,,,,7337.1
coast,1790362121,,,1,,,,,7337.1
coast,1790362126,,,1,,,,,7337.1
coast,1790362131,,,1,,,,,7337.1
coast,1790362136,,,1,,,,,7337.1
coast,1790362141,,,1,,,,,7337.1
coast,1790362146,,,1,,,,,7337.1
coast,1790362151,,,1,,,,,7337.1
coast,1790362156,,,1,,,,,7337.1
coast,1790362161,,,1,,,,,7337.1
coast,1790362166,,,1,,,,,7337.1
coast,1790362171,,,1,,,,,7337.1
coast,1790362176,,,1,,,,,7337.1
coast,1790362181,,,1,,,,,7337.1
coast,1790362186,,,1,,,,,7337.1
coast,1790362191,,,1,,,,,7337.1
coast,1790362196,,,1,,,,,7337.1
coast,1790362201,,,1,,,,,7337.1
coast,1790362206,,,1,,,,,7337.1
coast,1790362211,,,1,,,,,7337.1
coast,1790362216,,,1,,,,,7337.1
coast,1790362221,,,1,,,,,7337.1
coast,1790362226,,,1,,,,,7337.1
coast,1790362231,,,1,,,,,7337.1
coast,1790362236,,,1,,,,,7337.1
coast,1790362241,,,1,,,,,7337.1
coast,1790362246,,,1,,,,,7337.1
coast,1790362251,,,1,,,,,7337.1
coast,1790362256,,,1,,,,,7337.1
coast,1790362261,,,1,,,,,7337.1
coast,1790362266,,,1,,,,,7337.1
coast,1790362271,,,1,,,,,7337.1
coast,1790362276,,,1,,,,,7337.1
coast,1790362281,,,1,,,,,7337.1
coast,1790362286,,,1,,,,,7337.1
coast,1790362291,,,1,,,,,7337.1
coast,1790362296,,,1,,,,,7337.1
coast,1790362301,,,1,,,,,7337.1
coast,1790362306,,,1,,,,,7337.1
coast,1790362311,,,1,,,,,7337.1
coast,1790362316,,,1,,,,,7337.1
coast,1790362321,,,1,,,,,7337.1
coast,1790362326,,,1,,,,,7337.1
coast,1790362331,,,1,,,,,7337.1
coast,1790362336,,,1,,,,,7337.1
coast,1790362341,,,1,,,,,7337.1
coast,1790362346,,,1,,,,,7337.1
coast,1790362351,,,1,,,,,7337.1
coast,1790362356,,,1,,,,,7337.1
coast,1790362361,,,1,,,,,7337.1
coast,1790362366,,,1,,,,,7337.1
coast,1790362371,,,1,,,,,7337.1
coast,1790362376,,,1,,,,,7337.1
coast,1790362381,,,1,,,,,7337.1
coast,1790362386,,,1,,,,,7337.1
coast,1790362391,,,1,,,,,7337.1
coast,1790362396,,,1,,,,,7337.1
coast,1790362401,,,1,,,,,7337.1
coast,1790362406,,,1,,,,,7337.1
coast,1790362411,,,1,,,,,7337.1
coast,1790362416,,,1,,,,,7337.1
coast,1790362421,,,1,,,,,7337.1
coast,1790362426,,,1,,,,,7337.1
coast,1790362431,,,1,,,,,7337.1
coast,1790362436,,,1,,,,,7337.1
coast,1790362441,,,1,,,,,7337.1
coast,1790362446,,,1,,,,,7337.1
coast,1790362451,,,1,,,,,7337.1
coast,1790362456,,,1,,,,,7337.1
coast,1790362461,,,1,,,,,7337.1
coast,1790362466,,,1,,,,,7337.1
coast,1790362471,,,1,,,,,7337.1
coast,1790362476,,,1,,,,,7337.1
coast,1790362481,,,1,,,,,7337.1
coast,1790362486,,,1,,,,,7337.1
coast,1790362491,,,1,,,,,7337.1
coast,1790362496,,,1,,,,,7337.1
coast,1790362501,,,1,,,,,7337.1
coast,1790362506,,,1,,,,,7337.1
coast,1790362511,,,1,,,,,7337.1
coast,1790362516,,,1,,,,,7337.1
coast,1790362521,,,1,,,,,7337.1
coast,1790362526,,,1,,,,,7337.1
coast,1790362531,,,1,,,,,7337.1
coast,1790362536,,,1,,,,,7337.1
coast,1790362541,,,1,,,,,7337.1
coast,1790362546,,,1,,,,,7337.1
coast,1790362551,,,1,,,,,7337.1
coast,1790362556,,,1,,,,,7337.1
coast,1790362561,,,1,,,,,7337.1
coast,1790362566,,,1,,,,,7337.1
coast,1790362571,,,1,,,,,7337.1
coast,1790362576,,,1,,,,,7337.1
coast,1790362581,,,1,,,,,7337.1
coast,1790362586,,,1,,,,,7337.1
coast,1790362591,,,1,,,,,7337.1
coast,1790362596,,,1,,,,,7337.1
coast,1790362601,,,1,,,,,7337.1
coast,1790362606,,,1,,,,,7337.1
coast,1790362611,,,1,,,,,7337.1
coast,1790362616,,,1,,,,,7337.1
coast,1790362621,,,1,,,,,7337.1
coast,1790362626,,,1,,,,,7337.1
coast,1790362631,,,1,,,,,7337.1
coast,1790362636,,,1,,,,,7337.1
coast,1790362641,,,1,,,,,7337.1
coast,1790362646,,,1,,,,,7337.1
coast,1790362651,,,1,,,,,7337.1
coast,1790362656,,,1,,,,,7337.1
coast,1790362661,,,1,,,,,7337.1
coast,1790362666,,,1,,,,,7337.1
coast,1790362671,,,1,,,,,7337.1
coast,1790362676,,,1,,,,,7337.1
coast,1790362681,,,1,,,,,7337.1
coast,1790362686,,,1,,,,,7337.1
coast,1790362691,,,1,,,,,7337.1
coast,1790362696,,,1,,,,,7337.1
coast,1790362701,,,1,,,,,7337.1
coast,1790362706,,,1,,,,,7337.1
coast,1790362711,,,1,,,,,7337.1
coast,1790362716,,,1,,,,,7337.1
coast,1790362721,,,1,,,,,7337.1
coast,1790362726,,,1,,,,,7337.1
coast,1790362731,,,1,,,,,7337.1
coast,1790362736,,,1,,,,,7337.1
coast,1790362741,,,1,,,,,7337.1
coast,1790362746,,,1,,,,,7337.1
coast,1790362751,,,1,,,,,7337.1
coast,1790362756,,,1,,,,,7337.1
coast,1790362761,,,1,,,,,7337.1
coast,1790362766,,,1,,,,,7337.1
coast,1790362771,,,1,,,,,7337.1
coast,1790362776,,,1,,,,,7337.1
coast,1790362781,,,1,,,,,7337.1
coast,1790362786,,,1,,,,,7337.1
coast,1790362791,,,1,,,,,7337.1
coast,1790362796,,,1,,,,,7337.1
coast,1790362801,,,1,,,,,7337.1
coast,1790362806,,,1,,,,,7337.1
coast,1790362811,,,1,,,,,7337.1
coast,1790362816,,,1,,,,,7337.1
coast,1790362821,,,1,,,,,7337.1
coast,1790362826,,,1,,,,,7337.1
coast,1790362831,,,1,,,,,7337.1
coast,1790362836,,,1,,,,,7337.1
coast,1790362841,,,1,,,,,7337.1
coast,1790362846,,,1,,,,,7337.1
coast,1790362851,,,1,,,,,7337.1
coast,1790362856,,,1,,,,,7337.1
coast,1790362861,,,1,,,,,7337.1
coast,1790362866,,,1,,,,,7337.1
coast,1790362871,,,1,,,,,7337.1
coast,1790362876,,,1,,,,,7337.1
coast,1790362881,,,1,,,,,7337.1
coast,1790362886,,,1,,,,,7337.1
coast,1790362891,,,1,,,,,7337.1
coast,1790362896,,,1,,,,,7337.1
coast,1790362901,,,1,,,,,7337.1
coast,1790362906,,,1,,,,,7337.1
coast,1790362911,,,1,,,,,7337.1
coast,1790362916,,,1,,,,,7337.1
coast,1790362921,,,1,,,,,7337.1
coast,1790362926,,,1,,,,,7337.1
coast,1790362931,,,1,,,,,7337.1
coast,1790362936,,,1,,,,,7337.1
coast,1790362941,,,1,,,,,7337.1
coast,1790362946,,,1,,,,,7337.1
coast,1790362951,,,1,,,,,7337.1
coast,1790362956,,,1,,,,,7337.1
coast,1790362961,,,1,,,,,7337.1
coast,1790362966,,,1,,,,,7337.1
coast,1790362971,,,1,,,,,7337.1
coast,1790362976,,,1,,,,,7337.1
coast,1790362981,,,1,,,,,7337.1
coast,1790362986,,,1,,,,,7337.1
coast,1790362991,,,1,,,,,7337.1
coast,1790362996,,,1,,,,,7337.1
coast,1790363001,,,1,,,,,7337.1
coast,1790363006,,,1,,,,,7337.1
coast,1790363011,,,1,,,,,7337.1
coast,1790363016,,,1,,,,,7337.1
coast,1790363021,,,1,,,,,7337.1
coast,1790363026,,,1,,,,,7337.1
coast,1790363031,,,1,,,,,7337.1
coast,1790363036,,,1,,,,,7337.1
coast,1790363041,,,1,,,,,7337.1
coast,1790363046,,,1,,,,,7337.1
coast,1790363051,,,1,,,,,7337.1
coast,1790363056,,,1,,,,,7337.1
coast,1790363061,,,1,,,,,7337.1
coast,1790363066,,,1,,,,,7337.1
coast,1790363071,,,1,,,,,7337.1
coast,1790363076,,,1,,,,,7337.1
coast,1790363081,,,1,,,,,7337.1
coast,1790363086,,,1,,,,,7337.1
coast,1790363091,,,1,,,,,7337.1
coast,1790363096,,,1,,,,,7337.1
coast,1790363101,,,1,,,,,7337.1
coast,1790363106,,,1,,,,,7337.1
coast,1790363111,,,1,,,,,7337.1
coast,1790363116,,,1,,,,,7337.1
coast,1790363121,,,1,,,,,7337.1
coast,1790363126,,,1,,,,,7337.1
coast,1790363131,,,1,,,,,7337.1
coast,1790363136,,,1,,,,,7337.1
coast,1790363141,,,1,,,,,7337.1
coast,1790363146,,,1,,,,,7337.1
coast,1790363151,,,1,,,,,7337.1
coast,1790363156,,,1,,,,,7337.1
coast,1790363161,,,1,,,,,7337.1
coast,1790363166,,,1,,,,,7337.1
coast,1790363171,,,1,,,,,7337.1
coast,1790363176,,,1,,,,,7337.1
coast,1790363181,,,1,,,,,7337.1
coast,1790363186,,,1,,,,,7337.1
coast,1790363191,,,1,,,,,7337.1
coast,1790363196,,,1,,,,,7337.1
coast,1790363201,,,1,,,,,7337.1
coast,1790363206,,,1,,,,,7337.1
coast,1790363211,,,1,,,,,7337.1
coast,1790363216,,,1,,,,,7337.1
coast,1790363221,,,1,,,,,7337.1
coast,1790363226,,,1,,,,,7337.1
coast,1790363231,,,1,,,,,7337.1
coast,1790363236,,,1,,,,,7337.1
coast,1790363241,,,1,,,,,7337.1
coast,1790363246,,,1,,,,,7337.1
coast,1790363251,,,1,,,,,7337.1
coast,1790363256,,,1,,,,,7337.1
coast,1790363261,,,1,,,,,7337.1
coast,1790363266,,,1,,,,,7337.1
coast,1790363271,,,1,,,,,7337.1
coast,1790363276,,,1,,,,,7337.1
coast,1790363281,,,1,,,,,7337.1
coast,1790363286,,,1,,,,,7337.1
coast,1790363291,,,1,,,,,7337.1
coast,1790363296,,,1,,,,,7337.1
coast,1790363301,,,1,,,,,7337.1
coast,1790363306,,,1,,,,,7337.1
coast,1790363311,,,1,,,,,7337.1
coast,1790363316,,,1,,,,,7337.1
coast,1790363321,,,1,,,,,7337.1
coast,1790363326,,,1,,,,,7337.1
coast,1790363331,,,1,,,,,7337.1
coast,1790363336,,,1,,,,,7337.1
coast,1790363341,,,1,,,,,7337.1
coast,1790363346,,,1,,,,,7337.1
coast,1790363351,,,1,,,,,7337.1
coast,1790363356,,,1,,,,,7337.1
coast,1790363361,,,1,,,,,7337.1
coast,1790363366,,,1,,,,,7337.1
coast,1790363371,,,1,,,,,7337.1
coast,1790363376,,,1,,,,,7337.1
coast,1790363381,,,1,,,,,7337.1
coast,1790363386,,,1,,,,,7337.1
coast,1790363391,,,1,,,,,7337.1
coast,1790363396,,,1,,,,,7337.1
coast,1790363401,,,1,,,,,7337.1
coast,1790363406,,,1,,,,,7337.1
coast,1790363411,,,1,,,,,7337.1
coast,1790363416,,,1,,,,,7337.1
coast,1790363421,,,1,,,,,7337.1
coast,1790363426,,,1,,,,,7337.1
coast,1790363431,,,1,,,,,7337.1
coast,1790363436,,,1,,,,,7337.1
coast,1790363441,,,1,,,,,7337.1
coast,1790363446,,,1,,,,,7337.1
coast,1790363451,,,1,,,,,7337.1
coast,1790363456,,,1,,,,,7337.1
coast,1790363461,,,1,,,,,7337.1
coast,1790363466,,,1,,,,,7337.1
coast,1790363471,,,1,,,,,7337.1
coast,1790363476,,,1,,,,,7337.1
coast,1790363481,,,1,,,,,7337.1
coast,1790363486,,,1,,,,,7337.1
coast,1790363491,,,1,,,,,7337.1
coast,1790363496,,,1,,,,,7337.1
coast,1790363501,,,1,,,,,7337.1
coast,1790363506,,,1,,,,,7337.1
coast,1790363511,,,1,,,,,7337.1
coast,1790363516,,,1,,,,,7337.1
coast,1790363521,,,1,,,,,7337.1
coast,1790363526,,,1,,,,,7337.1
coast,1790363531,,,1,,,,,7337.1
coast,1790363536,,,1,,,,,7337.1
coast,1790363541,,,1,,,,,7337.1
coast,1790363546,,,1,,,,,7337.1
coast,1790363551,,,1,,,,,7337.1
coast,1790363556,,,1,,,,,7337.1
coast,1790363561,,,1,,,,,7337.1
coast,1790363566,,,1,,,,,7337.1
coast,1790363571,,,1,,,,,7337.1
coast,1790363576,,,1,,,,,7337.1
coast,1790363581,,,1,,,,,7337.1
coast,1790363586,,,1,,,,,7337.1
coast,1790363591,,,1,,,,,7337.1
coast,1790363596,,,1,,,,,7337.1
coast,1790363601,,,1,,,,,7337.1
coast,1790363606,,,1,,,,,7337.1
coast,1790363611,,,1,,,,,7337.1
coast,1790363616,,,1,,,,,7337.1
coast,1790363621,,,1,,,,,7337.1
coast,1790363626,,,1,,,,,7337.1
coast,1790363631,,,1,,,,,7337.1
coast,1790363636,,,1,,,,,7337.1
coast,1790363641,,,1,,,,,7337.1
coast,1790363646,,,1,,,,,7337.1
coast,1790363651,,,1,,,,,7337.1
coast,1790363656,,,1,,,,,7337.1
coast,1790363661,,,1,,,,,7337.1
coast,1790363666,,,1,,,,,7337.1
coast,1790363671,,,1,,,,,7337.1
coast,1790363676,,,1,,,,,7337.1
coast,1790363681,,,1,,,,,7337.1
coast,1790363686,,,1,,,,,7337.1
coast,1790363691,,,1,,,,,7337.1
coast,1790363696,,,1,,,,,7337.1
coast,1790363701,,,1,,,,,7337.1
coast,1790363706,,,1,,,,,7337.1
coast,1790363711,,,1,,,,,7337.1
coast,1790363716,,,1,,,,,7337.1
coast,1790363721,,,1,,,,,7337.1
coast,1790363726,,,1,,,,,7337.1
coast,1790363731,,,1,,,,,7337.1
coast,1790363736,,,1,,,,,7337.1
coast,1790363741,,,1,,,,,7337.1
coast,1790363746,,,1,,,,,7337.1
coast,1790363751,,,1,,,,,7337.1
coast,1790363756,,,1,,,,,7337.1
coast,1790363761,,,1,,,,,7337.1
coast,1790363766,,,1,,,,,7337.1
coast,1790363771,,,1,,,,,7337.1
coast,1790363776,,,1,,,,,7337.1
coast,1790363781,,,1,,,,,7337.1
coast,1790363786,,,1,,,,,7337.1
coast,1790363791,,,1,,,,,7337.1
coast,1790363796,,,1,,,,,7337.1
coast,1790363801,,,1,,,,,7337.1
coast,1790363806,,,1,,,,,7337.1
coast,1790363811,,,1,,,,,7337.1
coast,1790363816,,,1,,,,,7337.1
coast,1790363821,,,1,,,,,7337.1
coast,1790363826,,,1,,,,,7337.1
coast,1790363831,,,1,,,,,7337.1
coast,1790363836,,,1,,,,,7337.1
coast,1790363841,,,1,,,,,7337.1
coast,1790363846,,,1,,,,,7337.1
coast,1790363851,,,1,,,,,7337.1
coast,1790363856,,,1,,,,,7337.1
coast,1790363861,,,1,,,,,7337.1
coast,1790363866,,,1,,,,,7337.1
coast,1790363871,,,1,,,,,7337.1
coast,1790363876,,,1,,,,,7337.1
coast,1790363881,,,1,,,,,7337.1
coast,1790363886,,,1,,,,,7337.1
coast,1790363891,,,1,,,,,7337.1
coast,1790363896,,,1,,,,,7337.1
coast,1790363901,,,1,,,,,7337.1
coast,1790363906,,,1,,,,,7337.1
coast,1790363911,,,1,,,,,7337.1
coast,1790363916,,,1,,,,,7337.1
coast,1790363921,,,1,,,,,7337.1
coast,1790363926,,,1,,,,,7337.1
coast,1790363931,,,1,,,,,7337.1
coast,1790363936,,,1,,,,,7337.1
coast,1790363941,,,1,,,,,7337.1
coast,1790363946,,,1,,,,,7337.1
coast,1790363951,,,1,,,,,7337.1
coast,1790363956,,,1,,,,,7337.1
coast,1790363961,,,1,,,,,7337.1
coast,1790363966,,,1,,,,,7337.1
coast,1790363971,,,1,,,,,7337.1
coast,1790363976,,,1,,,,,7337.1
coast,1790363981,,,1,,,,,7337.1
coast,1790363986,,,1,,,,,7337.1
coast,1790363991,,,1,,,,,7337.1
coast,1790363996,,,1,,,,,7337.1
coast,1790364001,,,1,,,,,7337.1
coast,1790364006,,,1,,,,,7337.1
coast,1790364011,,,1,,,,,7337.1
coast,1790364016,,,1,,,,,7337.1
coast,1790364021,,,1,,,,,7337.1
coast,1790364026,,,1,,,,,7337.1
coast,1790364031,,,1,,,,,7337.1
coast,1790364036,,,1,,,,,7337.1
coast,1790364041,,,1,,,,,7337.1
coast,1790364046,,,1,,,,,7337.1
coast,1790364051,,,1,,,,,7337.1
coast,1790364056,,,1,,,,,7337.1
coast,1790364061,,,1,,,,,7337.1
coast,1790364066,,,1,,,,,7337.1
coast,1790364071,,,1,,,,,7337.1
coast,1790364076,,,1,,,,,7337.1
coast,1790364081,,,1,,,,,7337.1
coast,1790364086,,,1,,,,,7337.1
coast,1790364091,,,1,,,,,7337.1
coast,1790364096,,,1,,,,,7337.1
coast,1790364101,,,1,,,,,7337.1
coast,1790364106,,,1,,,,,7337.1
coast,1790364111,,,1,,,,,7337.1
coast,1790364116,,,1,,,,,7337.1
coast,1790364121,,,1,,,,,7337.1
coast,1790364126,,,1,,,,,7337.1
coast,1790364131,,,1,,,,,7337.1
coast,1790364136,,,1,,,,,7337.1
coast,1790364141,,,1,,,,,7337.1
coast,1790364146,,,1,,,,,7337.1
coast,1790364151,,,1,,,,,7337.1
coast,1790364156,,,1,,,,,7337.1
coast,1790364161,,,1,,,,,7337.1
coast,1790364166,,,1,,,,,7337.1
coast,1790364171,,,1,,,,,7337.1
coast,1790364176,,,1,,,,,7337.1
coast,1790364181,,,1,,,,,7337.1
coast,1790364186,,,1,,,,,7337.1
coast,1790364191,,,1,,,,,7337.1
coast,1790364196,,,1,,,,,7337.1
coast,1790364201,,,1,,,,,7337.1
coast,1790364206,,,1,,,,,7337.1
coast,1790364211,,,1,,,,,7337.1
coast,1790364216,,,1,,,,,7337.1
coast,1790364221,,,1,,,,,7337.1
coast,1790364226,,,1,,,,,7337.1
coast,1790364231,,,1,,,,,7337.1
coast,1790364236,,,1,,,,,7337.1
coast,1790364241,,,1,,,,,7337.1
coast,1790364246,,,1,,,,,7337.1
coast,1790364251,,,1,,,,,7337.1
coast,1790364256,,,1,,,,,7337.1
coast,1790364261,,,1,,,,,7337.1
coast,1790364266,,,1,,,,,7337.1
coast,1790364271,,,1,,,,,7337.1
coast,1790364276,,,1,,,,,7337.1
coast,1790364281,,,1,,,,,7337.1
coast,1790364286,,,1,,,,,7337.1
coast,1790364291,,,1,,,,,7337.1
coast,1790364296,,,1,,,,,7337.1
coast,1790364301,,,1,,,,,7337.1
coast,1790364306,,,1,,,,,7337.1
coast,1790364311,,,1,,,,,7337.1
coast,1790364316,,,1,,,,,7337.1
coast,1790364321,,,1,,,,,7337.1
coast,1790364326,,,1,,,,,7337.1
coast,1790364331,,,1,,,,,7337.1
coast,1790364336,,,1,,,,,7337.1
coast,1790364341,,,1,,,,,7337.1
coast,1790364346,,,1,,,,,7337.1
coast,1790364351,,,1,,,,,7337.1
coast,1790364356,,,1,,,,,7337.1
coast,1790364361,,,1,,,,,7337.1
coast,1790364366,,,1,,,,,7337.1
coast,1790364371,,,1,,,,,7337.1
coast,1790364376,,,1,,,,,7337.1
coast,1790364381,,,1,,,,,7337.1
coast,1790364386,,,1,,,,,7337.1
coast,1790364391,,,1,,,,,7337.1
coast,1790364396,,,1,,,,,7337.1
coast,1790364401,,,1,,,,,7337.1
coast,1790364406,,,1,,,,,7337.1
coast,1790364411,,,1,,,,,7337.1
coast,1790364416,,,1,,,,,7337.1
coast,1790364421,,,1,,,,,7337.1
coast,1790364426,,,1,,,,,7337.1
coast,1790364431,,,1,,,,,7337.1
coast,1790364436,,,1,,,,,7337.1
coast,1790364441,,,1,,,,,7337.1
coast,1790364446,,,1,,,,,7337.1
coast,1790364451,,,1,,,,,7337.1
coast,1790364456,,,1,,,,,7337.1
coast,1790364461,,,1,,,,,7337.1
coast,1790364466,,,1,,,,,7337.1
coast,1790364471,,,1,,,,,7337.1
coast,1790364476,,,1,,,,,7337.1
coast,1790364481,,,1,,,,,7337.1
coast,1790364486,,,1,,,,,7337.1
coast,1790364491,,,1,,,,,7337.1
coast,1790364496,,,1,,,,,7337.1
coast,1790364501,,,1,,,,,7337.1
coast,1790364506,,,1,,,,,7337.1
coast,1790364511,,,1,,,,,7337.1
coast,1790364516,,,1,,,,,7337.1
coast,1790364521,,,1,,,,,7337.1
fix,1790364526,6608.2,5952.6,0,,,,,
fix,1790364714,0.0,30.4,1,0.0,0.00,9.7,accepted,0.0
coast,1790364719,,,1,,,,,0.0
coast,1790364724,,,1,,,,,0.0
fix,1790364726,2.4,2.3,1,2.3,0.23,10.0,accepted,2.3
coast,1790364731,,,1,,,,,3.2
coast,1790364736,,,1,,,,,3.9
coast,1790364741,,,1,,,,,4.3
coast,1790364746,,,1,,,,,4.5
coast,1790364751,,,1,,,,,4.7
coast,1790364756,,,1,,,,,4.8
coast,1790364761,,,1,,,,,4.9
coast,1790364766,,,1,,,,,5.0
coast,1790364771,,,1,,,,,5.0
coast,1790364776,,,1,,,,,5.0
coast,1790364781,,,1,,,,,5.0
fix,1790364782,133.4,13.1,1,133.4,3.17,10.2,accepted,133.4
coast,1790364787,,,1,,,,,146.3
coast,1790364792,,,1,,,,,154.9
coast,1790364797,,,1,,,,,160.5
coast,1790364802,,,1,,,,,164.3
coast,1790364807,,,1,,,,,166.7
coast,1790364812,,,1,,,,,168.3
coast,1790364817,,,1,,,,,169.4
coast,1790364822,,,1,,,,,170.1
coast,1790364827,,,1,,,,,170.6
coast,1790364832,,,1,,,,,170.9
coast,1790364837,,,1,,,,,171.1
fix,1790364841,282.0,9.8,1,282.1,2.34,10.2,accepted,282.1
coast,1790364846,,,1,,,,,291.6
coast,1790364851,,,1,,,,,297.9
fix,1790364856,305.5,3.9,1,305.6,1.49,10.2,accepted,305.6
coast,1790364861,,,1,,,,,311.7
coast,1790364866,,,1,,,,,315.8
coast,1790364871,,,1,,,,,318.4
coast,1790364876,,,1,,,,,320.2
coast,1790364881,,,1,,,,,321.3
coast,1790364886,,,1,,,,,322.1
coast,1790364891,,,1,,,,,322.6
coast,1790364896,,,1,,,,,322.9
fix,1790364899,376.0,24.6,1,376.0,1.69,10.2,accepted,376.0
coast,1790364904,,,1,,,,,382.9
coast,1790364909,,,1,,,,,387.5
coast,1790364914,,,1,,,,,390.5
coast,1790364919,,,1,,,,,392.5
coast,1790364924,,,1,,,,,393.8
coast,1790364929,,,1,,,,,394.6
coast,1790364934,,,1,,,,,395.2
fix,1790364939,429.1,75.0,1,429.1,1.23,10.2,accepted,429.1
coast,1790364944,,,1,,,,,434.2
coast,1790364949,,,1,,,,,437.5
coast,1790364954,,,1,,,,,439.7
coast,1790364959,,,1,,,,,441.1
coast,1790364964,,,1,,,,,442.1
coast,1790364969,,,1,,,,,442.7
coast,1790364974,,,1,,,,,443.1
coast,1790364979,,,1,,,,,443.4
coast,1790364984,,,1,,,,,443.6
coast,1790364989,,,1,,,,,443.7
fix,1790364992,607.7,5.2,1,607.6,4.00,10.2,accepted,607.6
coast,1790364997,,,1,,,,,624.0
coast,1790365002,,,1,,,,,634.8
coast,1790365007,,,1,,,,,641.9
coast,1790365012,,,1,,,,,646.6
coast,1790365017,,,1,,,,,649.7
coast,1790365022,,,1,,,,,651.7
fix,1790365027,653.4,10.8,1,653.5,0.74,10.2,accepted,653.5
coast,1790365032,,,1,,,,,656.5
coast,1790365037,,,1,,,,,658.5
coast,1790365042,,,1,,,,,659.8
coast,1790365047,,,1,,,,,660.7
coast,1790365052,,,1,,,,,661.2
coast,1790365057,,,1,,,,,661.6
coast,1790365062,,,1,,,,,661.9
coast,1790365067,,,1,,,,,662.0
coast,1790365072,,,1,,,,,662.1
coast,1790365077,,,1,,,,,662.2
coast,1790365082,,,1,,,,,662.2
fix,1790365085,1044.1,3.6,1,1043.9,8.66,10.2,accepted,1043.9
coast,1790365090,,,1,,,,,1079.3
coast,1790365095,,,1,,,,,1102.7
coast,1790365100,,,1,,,,,1118.1
coast,1790365105,,,1,,,,,1128.2
coast,1790365110,,,1,,,,,1134.9
coast,1790365115,,,1,,,,,1139.3
coast,1790365120,,,1,,,,,1142.2
coast,1790365125,,,1,,,,,1144.1
coast,1790365130,,,1,,,,,1145.4
coast,1790365135,,,1,,,,,1146.2
coast,1790365140,,,1,,,,,1146.8
coast,1790365145,,,1,,,,,1147.1
coast,1790365150,,,1,,,,,1147.4
coast,1790365155,,,1,,,,,1147.5
coast,1790365160,,,1,,,,,1147.6
coast,1790365165,,,1,,,,,1147.7
coast,1790365170,,,1,,,,,1147.7
coast,1790365175,,,1,,,,,1147.8
coast,1790365180,,,1,,,,,1147.8
coast,1790365185,,,1,,,,,1147.8
coast,1790365190,,,1,,,,,1147.8
coast,1790365195,,,1,,,,,1147.8
coast,1790365200,,,1,,,,,1147.8
coast,1790365205,,,1,,,,,1147.8
fix,1790365206,1265.9,0.8,1,1265.9,-0.59,10.2,accepted,1265.9
coast,1790365211,,,1,,,,,1263.5
coast,1790365216,,,1,,,,,1261.9
coast,1790365221,,,1,,,,,1260.8
coast,1790365226,,,1,,,,,1260.1
coast,1790365231,,,1,,,,,1259.7
coast,1790365236,,,1,,,,,1259.4
coast,1790365241,,,1,,,,,1259.2
coast,1790365246,,,1,,,,,1259.0
coast,1790365251,,,1,,,,,1259.0
coast,1790365256,,,1,,,,,1258.9
coast,1790365261,,,1,,,,,1258.9
fix,1790365265,1499.1,0.6,1,1499.1,4.79,10.2,accepted,1499.1
coast,1790365270,,,1,,,,,1518.7
coast,1790365275,,,1,,,,,1531.6
coast,1790365280,,,1,,,,,1540.1
coast,1790365285,,,1,,,,,1545.7
coast,1790365290,,,1,,,,,1549.4
coast,1790365295,,,1,,,,,1551.9
coast,1790365300,,,1,,,,,1553.5
coast,1790365305,,,1,,,,,1554.5
coast,1790365310,,,1,,,,,1555.2
coast,1790365315,,,1,,,,,1555.7
coast,1790365320,,,1,,,,,1556.0
fix,1790365324,1698.3,8.6,1,1698.4,3.01,10.2,accepted,1698.4
coast,1790365329,,,1,,,,,1710.7
coast,1790365334,,,1,,,,,1718.8
coast,1790365339,,,1,,,,,1724.1
coast,1790365344,,,1,,,,,1727.6
coast,1790365349,,,1,,,,,1730.0
coast,1790365354,,,1,,,,,1731.5
coast,1790365359,,,1,,,,,1732.5
coast,1790365364,,,1,,,,,1733.2
coast,1790365369,,,1,,,,,1733.6
coast,1790365374,,,1,,,,,1733.9
coast,1790365379,,,1,,,,,1734.1
coast,1790365384,,,1,,,,,1734.2
coast,1790365389,,,1,,,,,1734.3
coast,1790365394,,,1,,,,,1734.4
coast,1790365399,,,1,,,,,1734.4
coast,1790365404,,,1,,,,,1734.4
coast,1790365409,,,1,,,,,1734.4
fix,1790365411,1779.6,0.9,1,1779.6,0.28,10.2,accepted,1779.6
coast,1790365416,,,1,,,,,1780.8
coast,1790365421,,,1,,,,,1781.6
coast,1790365426,,,1,,,,,1782.1
coast,1790365431,,,1,,,,,1782.4
coast,1790365436,,,1,,,,,1782.6
coast,1790365441,,,1,,,,,1782.8
coast,1790365446,,,1,,,,,1782.9
fix,1790365448,1813.2,2.1,1,1813.2,1.01,10.2,accepted,1813.2
coast,1790365453,,,1,,,,,1817.3
coast,1790365458,,,1,,,,,1820.0
coast,1790365463,,,1,,,,,1821.8
coast,1790365468,,,1,,,,,1823.0
coast,1790365473,,,1,,,,,1823.8
coast,1790365478,,,1,,,,,1824.3
coast,1790365483,,,1,,,,,1824.6
coast,1790365488,,,1,,,,,1824.9
coast,1790365493,,,1,,,,,1825.0
coast,1790365498,,,1,,,,,1825.1
coast,1790365503,,,1,,,,,1825.2
fix,1790365507,2003.1,6.4,1,2003.0,3.91,10.2,accepted,2003.0
fix,1790365512,2021.2,2.5,1,2021.3,3.67,9.8,accepted,2021.3
coast,1790365517,,,1,,,,,2036.3
coast,1790365522,,,1,,,,,2046.2
coast,1790365527,,,1,,,,,2052.7
coast,1790365532,,,1,,,,,2057.0
coast,1790365537,,,1,,,,,2059.8
coast,1790365542,,,1,,,,,2061.7
coast,1790365547,,,1,,,,,2062.9
coast,1790365552,,,1,,,,,2063.8
coast,1790365557,,,1,,,,,2064.3
coast,1790365562,,,1,,,,,2064.6
coast,1790365567,,,1,,,,,2064.9
fix,1790365571,2178.5,4.5,1,2178.5,2.28,10.2,accepted,2178.5
coast,1790365576,,,1,,,,,2187.9
coast,1790365581,,,1,,,,,2194.0
coast,1790365586,,,1,,,,,2198.1
coast,1790365591,,,1,,,,,2200.7
coast,1790365596,,,1,,,,,2202.5
coast,1790365601,,,1,,,,,2203.6
coast,1790365606,,,1,,,,,2204.4
coast,1790365611,,,1,,,,,2204.9
fix,1790365612,2196.3,4.5,1,2196.3,0.01,10.2,accepted,2196.3
coast,1790365617,,,1,,,,,2196.4
coast,1790365622,,,1,,,,,2196.4
coast,1790365627,,,1,,,,,2196.5
coast,1790365632,,,1,,,,,2196.5
coast,1790365637,,,1,,,,,2196.5
coast,1790365642,,,1,,,,,2196.5
coast,1790365647,,,1,,,,,2196.5
coast,1790365652,,,1,,,,,2196.5
coast,1790365657,,,1,,,,,2196.5
coast,1790365662,,,1,,,,,2196.5
coast,1790365667,,,1,,,,,2196.5
coast,1790365672,,,1,,,,,2196.5
coast,1790365677,,,1,,,,,2196.5
coast,1790365682,,,1,,,,,2196.5
coast,1790365687,,,1,,,,,2196.5
coast,1790365692,,,1,,,,,2196.5
coast,1790365697,,,1,,,,,2196.5
coast,1790365702,,,1,,,,,2196.5
fix,1790365705,2226.9,0.5,1,2226.9,0.44,10.2,accepted,2226.9
coast,1790365710,,,1,,,,,2228.7
coast,1790365715,,,1,,,,,2229.9
coast,1790365720,,,1,,,,,2230.7
coast,1790365725,,,1,,,,,2231.2
coast,1790365730,,,1,,,,,2231.5
coast,1790365735,,,1,,,,,2231.8
coast,1790365740,,,1,,,,,2231.9
coast,1790365745,,,1,,,,,2232.0
coast,1790365750,,,1,,,,,2232.1
coast,1790365755,,,1,,,,,2232.1
fix,1790365760,2260.4,5.4,1,2260.4,0.64,10.2,accepted,2260.4
coast,1790365765,,,1,,,,,2263.0
coast,1790365770,,,1,,,,,2264.8
coast,1790365775,,,1,,,,,2265.9
coast,1790365780,,,1,,,,,2266.7
coast,1790365785,,,1,,,,,2267.2
coast,1790365790,,,1,,,,,2267.5
coast,1790365795,,,1,,,,,2267.7
coast,1790365800,,,1,,,,,2267.9
coast,1790365805,,,1,,,,,2268.0
coast,1790365810,,,1,,,,,2268.0
coast,1790365815,,,1,,,,,2268.1
fix,1790365819,2423.4,15.8,1,2423.3,3.33,10.2,accepted,2423.3
coast,1790365824,,,1,,,,,2436.9
coast,1790365829,,,1,,,,,2445.9
coast,1790365834,,,1,,,,,2451.9
coast,1790365839,,,1,,,,,2455.8
coast,1790365844,,,1,,,,,2458.3
coast,1790365849,,,1,,,,,2460.0
coast,1790365854,,,1,,,,,2461.2
coast,1790365859,,,1,,,,,2461.9
coast,1790365864,,,1,,,,,2462.4
coast,1790365869,,,1,,,,,2462.7
coast,1790365874,,,1,,,,,2462.9
fix,1790365878,2551.4,2.2,1,2551.4,1.86,10.2,accepted,2551.4
coast,1790365883,,,1,,,,,2559.0
coast,1790365888,,,1,,,,,2564.0
coast,1790365893,,,1,,,,,2567.3
coast,1790365898,,,1,,,,,2569.5
coast,1790365903,,,1,,,,,2570.9
coast,1790365908,,,1,,,,,2571.9
coast,1790365913,,,1,,,,,2572.5
coast,1790365918,,,1,,,,,2572.9
coast,1790365923,,,1,,,,,2573.2
coast,1790365928,,,1,,,,,2573.4
fix,1790365930,2593.3,0.8,1,2593.4,0.54,10.2,accepted,2593.4
coast,1790365935,,,1,,,,,2595.6
coast,1790365940,,,1,,,,,2597.1
coast,1790365945,,,1,,,,,2598.0
coast,1790365950,,,1,,,,,2598.7
coast,1790365955,,,1,,,,,2599.1
coast,1790365960,,,1,,,,,2599.4
coast,1790365965,,,1,,,,,2599.5
coast,1790365970,,,1,,,,,2599.7
coast,1790365975,,,1,,,,,2599.7
coast,1790365980,,,1,,,,,2599.8
coast,1790365985,,,1,,,,,2599.8
fix,1790365988,2719.3,4.5,1,2719.3,2.62,10.2,accepted,2719.3
coast,1790365993,,,1,,,,,2730.0
coast,1790365998,,,1,,,,,2737.1
coast,1790366003,,,1,,,,,2741.7
fix,1790366007,2851.8,2.9,1,2851.3,7.50,10.2,accepted,2851.3
coast,1790366012,,,1,,,,,2881.9
coast,1790366017,,,1,,,,,2902.1
coast,1790366022,,,1,,,,,2915.4
fix,1790366027,2977.7,2.6,1,2977.9,6.07,10.2,accepted,2977.9
coast,1790366032,,,1,,,,,3002.7
coast,1790366037,,,1,,,,,3019.0
coast,1790366042,,,1,,,,,3029.8
coast,1790366047,,,1,,,,,3036.9
coast,1790366052,,,1,,,,,3041.6
coast,1790366057,,,1,,,,,3044.7
coast,1790366062,,,1,,,,,3046.7
coast,1790366067,,,1,,,,,3048.1
fix,1790366072,2996.9,3.7,1,2997.2,-1.51,10.2,accepted,2997.2
coast,1790366077,,,1,,,,,2991.1
coast,1790366082,,,1,,,,,2987.0
coast,1790366087,,,1,,,,,2984.3
coast,1790366092,,,1,,,,,2982.5
coast,1790366097,,,1,,,,,2981.3
coast,1790366102,,,1,,,,,2980.6
coast,1790366107,,,1,,,,,2980.1
coast,1790366112,,,1,,,,,2979.7
coast,1790366117,,,1,,,,,2979.5
coast,1790366122,,,1,,,,,2979.4
coast,1790366127,,,1,,,,,2979.3
coast,1790366132,,,1,,,,,2979.2
coast,1790366137,,,1,,,,,2979.2
coast,1790366142,,,1,,,,,2979.1
coast,1790366147,,,1,,,,,2979.1
coast,1790366152,,,1,,,,,2979.1
coast,1790366157,,,1,,,,,2979.1
coast,1790366162,,,1,,,,,2979.1
coast,1790366167,,,1,,,,,2979.1
coast,1790366172,,,1,,,,,2979.1
coast,1790366177,,,1,,,,,2979.1
coast,1790366182,,,1,,,,,2979.1
fix,1790366186,3037.7,6.6,1,3037.7,1.06,10.2,accepted,3037.7
coast,1790366191,,,1,,,,,3042.0
coast,1790366196,,,1,,,,,3044.8
coast,1790366201,,,1,,,,,3046.7
coast,1790366206,,,1,,,,,3047.9
coast,1790366211,,,1,,,,,3048.7
coast,1790366216,,,1,,,,,3049.3
coast,1790366221,,,1,,,,,3049.6
coast,1790366226,,,1,,,,,3049.9
coast,1790366231,,,1,,,,,3050.0
coast,1790366236,,,1,,,,,3050.1
coast,1790366241,,,1,,,,,3050.2
fix,1790366246,3168.1,14.5,1,3168.1,2.39,10.2,accepted,3168.1
coast,1790366251,,,1,,,,,3177.8
coast,1790366256,,,1,,,,,3184.3
coast,1790366261,,,1,,,,,3188.5
coast,1790366266,,,1,,,,,3191.3
coast,1790366271,,,1,,,,,3193.2
coast,1790366276,,,1,,,,,3194.4
coast,1790366281,,,1,,,,,3195.2
coast,1790366286,,,1,,,,,3195.7
coast,1790366291,,,1,,,,,3196.1
coast,1790366296,,,1,,,,,3196.3
coast,1790366301,,,1,,,,,3196.5
fix,1790366305,3302.2,3.9,1,3302.2,2.24,10.2,accepted,3302.2
coast,1790366310,,,1,,,,,3311.3
coast,1790366315,,,1,,,,,3317.4
fix,1790366317,3350.5,1.5,1,3350.2,4.13,10.2,accepted,3350.2
coast,1790366322,,,1,,,,,3367.1
coast,1790366327,,,1,,,,,3378.2
coast,1790366332,,,1,,,,,3385.5
coast,1790366337,,,1,,,,,3390.3
coast,1790366342,,,1,,,,,3393.5
coast,1790366347,,,1,,,,,3395.6
fix,1790366350,3581.3,2.5,1,3581.0,7.95,10.2,accepted,3581.0
coast,1790366355,,,1,,,,,3613.5
coast,1790366360,,,1,,,,,3634.9
coast,1790366365,,,1,,,,,3649.1
coast,1790366370,,,1,,,,,3658.4
coast,1790366375,,,1,,,,,3664.5
coast,1790366380,,,1,,,,,3668.6
coast,1790366385,,,1,,,,,3671.2
coast,1790366390,,,1,,,,,3673.0
fix,1790366393,3722.6,6.2,1,3722.8,1.91,10.2,accepted,3722.8
coast,1790366398,,,1,,,,,3730.7
coast,1790366403,,,1,,,,,3735.8
coast,1790366408,,,1,,,,,3739.2
coast,1790366413,,,1,,,,,3741.5
coast,1790366418,,,1,,,,,3743.0
coast,1790366423,,,1,,,,,3743.9
coast,1790366428,,,1,,,,,3744.6
coast,1790366433,,,1,,,,,3745.0
coast,1790366438,,,1,,,,,3745.3
coast,1790366443,,,1,,,,,3745.5
fix,1790366447,3900.3,1.9,1,3900.2,3.69,10.2,accepted,3900.2
coast,1790366452,,,1,,,,,3915.3
coast,1790366457,,,1,,,,,3925.2
coast,1790366462,,,1,,,,,3931.8
coast,1790366467,,,1,,,,,3936.1
coast,1790366472,,,1,,,,,3939.0
coast,1790366477,,,1,,,,,3940.8
coast,1790366482,,,1,,,,,3942.1
coast,1790366487,,,1,,,,,3942.9
coast,1790366492,,,1,,,,,3943.4
coast,1790366497,,,1,,,,,3943.8
coast,1790366502,,,1,,,,,3944.0
fix,1790366505,3999.6,54.3,1,3999.6,1.17,10.2,accepted,3999.6
coast,1790366510,,,1,,,,,4004.4
coast,1790366515,,,1,,,,,4007.5
coast,1790366520,,,1,,,,,4009.6
coast,1790366525,,,1,,,,,4011.0
coast,1790366530,,,1,,,,,4011.9
coast,1790366535,,,1,,,,,4012.5
coast,1790366540,,,1,,,,,4012.9
coast,1790366545,,,1,,,,,4013.1
coast,1790366550,,,1,,,,,4013.3
coast,1790366555,,,1,,,,,4013.4
fix,1790366559,4169.9,1.9,1,4169.9,3.66,10.2,accepted,4169.9
coast,1790366564,,,1,,,,,4184.8
coast,1790366569,,,1,,,,,4194.7
coast,1790366574,,,1,,,,,4201.2
coast,1790366579,,,1,,,,,4205.5
coast,1790366584,,,1,,,,,4208.4
coast,1790366589,,,1,,,,,4210.2
coast,1790366594,,,1,,,,,4211.5
coast,1790366599,,,1,,,,,4212.3
coast,1790366604,,,1,,,,,4212.8
coast,1790366609,,,1,,,,,4213.2
coast,1790366614,,,1,,,,,4213.4
fix,1790366618,4280.9,6.2,1,4280.9,1.39,10.2,accepted,4280.9
coast,1790366623,,,1,,,,,4286.6
coast,1790366628,,,1,,,,,4290.4
coast,1790366633,,,1,,,,,4292.9
coast,1790366638,,,1,,,,,4294.5
coast,1790366643,,,1,,,,,4295.6
coast,1790366648,,,1,,,,,4296.3
coast,1790366653,,,1,,,,,4296.7
coast,1790366658,,,1,,,,,4297.0
coast,1790366663,,,1,,,,,4297.2
coast,1790366668,,,1,,,,,4297.4
fix,1790366671,4320.2,4.8,1,4320.2,0.58,10.2,accepted,4320.2
coast,1790366676,,,1,,,,,4322.6
coast,1790366681,,,1,,,,,4324.1
coast,1790366686,,,1,,,,,4325.1
coast,1790366691,,,1,,,,,4325.8
coast,1790366696,,,1,,,,,4326.3
coast,1790366701,,,1,,,,,4326.6
fix,1790366705,4634.6,6.8,1,4634.1,11.03,10.2,accepted,4634.1
coast,1790366710,,,1,,,,,4679.2
coast,1790366715,,,1,,,,,4708.9
coast,1790366720,,,1,,,,,4728.5
coast,1790366725,,,1,,,,,4741.4
coast,1790366730,,,1,,,,,4749.9
fix,1790366733,4695.1,0.7,1,4695.9,0.19,10.2,accepted,4695.9
coast,1790366738,,,1,,,,,4696.7
coast,1790366743,,,1,,,,,4697.2
coast,1790366748,,,1,,,,,4697.6
coast,1790366753,,,1,,,,,4697.8
coast,1790366758,,,1,,,,,4697.9
coast,1790366763,,,1,,,,,4698.0
coast,1790366768,,,1,,,,,4698.1
coast,1790366773,,,1,,,,,4698.1
coast,1790366778,,,1,,,,,4698.2
coast,1790366783,,,1,,,,,4698.2
coast,1790366788,,,1,,,,,4698.2
fix,1790366793,5008.7,3.0,1,5008.5,6.96,10.2,accepted,5008.5
coast,1790366798,,,1,,,,,5037.0
coast,1790366803,,,1,,,,,5055.8
coast,1790366808,,,1,,,,,5068.1
coast,1790366813,,,1,,,,,5076.3
coast,1790366818,,,1,,,,,5081.7
coast,1790366823,,,1,,,,,5085.2
coast,1790366828,,,1,,,,,5087.5
coast,1790366833,,,1,,,,,5089.1
coast,1790366838,,,1,,,,,5090.1
fix,1790366841,5081.6,6.0,1,5081.8,0.20,10.2,accepted,5081.8
coast,1790366846,,,1,,,,,5082.6
coast,1790366851,,,1,,,,,5083.1
coast,1790366856,,,1,,,,,5083.5
coast,1790366861,,,1,,,,,5083.7
coast,1790366866,,,1,,,,,5083.9
coast,1790366871,,,1,,,,,5084.0
fix,1790366876,5095.2,2.7,1,5095.2,0.42,10.2,accepted,5095.2
coast,1790366881,,,1,,,,,5096.9
coast,1790366886,,,1,,,,,5098.1
coast,1790366891,,,1,,,,,5098.8
coast,1790366896,,,1,,,,,5099.3
coast,1790366901,,,1,,,,,5099.6
coast,1790366906,,,1,,,,,5099.9
coast,1790366911,,,1,,,,,5100.0
coast,1790366916,,,1,,,,,5100.1
fix,1790366920,5135.6,1.4,1,5135.5,1.06,10.2,accepted,5135.5
coast,1790366925,,,1,,,,,5139.9
coast,1790366930,,,1,,,,,5142.7
coast,1790366935,,,1,,,,,5144.6
coast,1790366940,,,1,,,,,5145.8
coast,1790366945,,,1,,,,,5146.7
coast,1790366950,,,1,,,,,5147.2
coast,1790366955,,,1,,,,,5147.5
coast,1790366960,,,1,,,,,5147.8
coast,1790366965,,,1,,,,,5147.9
coast,1790366970,,,1,,,,,5148.0
coast,1790366975,,,1,,,,,5148.1
fix,1790366979,5249.4,3.0,1,5249.3,2.19,10.2,accepted,5249.3
coast,1790366984,,,1,,,,,5258.3
coast,1790366989,,,1,,,,,5264.2
coast,1790366994,,,1,,,,,5268.1
coast,1790366999,,,1,,,,,5270.7
coast,1790367004,,,1,,,,,5272.4
coast,1790367009,,,1,,,,,5273.5
coast,1790367014,,,1,,,,,5274.2
coast,1790367019,,,1,,,,,5274.7
coast,1790367024,,,1,,,,,5275.0
fix,1790367026,5310.1,4.6,1,5310.1,1.08,10.2,accepted,5310.1
coast,1790367031,,,1,,,,,5314.6
coast,1790367036,,,1,,,,,5317.5
coast,1790367041,,,1,,,,,5319.4
coast,1790367046,,,1,,,,,5320.6
coast,1790367051,,,1,,,,,5321.5
coast,1790367056,,,1,,,,,5322.0
coast,1790367061,,,1,,,,,5322.4
coast,1790367066,,,1,,,,,5322.6
coast,1790367071,,,1,,,,,5322.8
coast,1790367076,,,1,,,,,5322.9
coast,1790367081,,,1,,,,,5322.9
coast,1790367086,,,1,,,,,5323.0
coast,1790367091,,,1,,,,,5323.0
coast,1790367096,,,1,,,,,5323.0
coast,1790367101,,,1,,,,,5323.1
coast,1790367106,,,1,,,,,5323.1
coast,1790367111,,,1,,,,,5323.1
coast,1790367116,,,1,,,,,5323.1
coast,1790367121,,,1,,,,,5323.1
coast,1790367126,,,1,,,,,5323.1
coast,1790367131,,,1,,,,,5323.1
fix,1790367135,5310.1,4.6,1,5310.1,-0.39,10.2,accepted,5310.1
coast,1790367140,,,1,,,,,5308.5
coast,1790367145,,,1,,,,,5307.5
coast,1790367150,,,1,,,,,5306.8
coast,1790367155,,,1,,,,,5306.3
coast,1790367160,,,1,,,,,5306.0
coast,1790367165,,,1,,,,,5305.8
coast,1790367170,,,1,,,,,5305.7
coast,1790367175,,,1,,,,,5305.6
coast,1790367180,,,1,,,,,5305.6
coast,1790367185,,,1,,,,,5305.5
coast,1790367190,,,1,,,,,5305.5
coast,1790367195,,,1,,,,,5305.5
fix,1790367198,5350.9,4.4,1,5350.9,0.86,10.2,accepted,5350.9
coast,1790367203,,,1,,,,,5354.4
coast,1790367208,,,1,,,,,5356.7
fix,1790367211,5370.7,5.0,1,5370.6,1.56,10.2,accepted,5370.6
coast,1790367216,,,1,,,,,5377.0
coast,1790367221,,,1,,,,,5381.2
coast,1790367226,,,1,,,,,5384.0
coast,1790367231,,,1,,,,,5385.8
coast,1790367236,,,1,,,,,5387.0
coast,1790367241,,,1,,,,,5387.8
coast,1790367246,,,1,,,,,5388.3
coast,1790367251,,,1,,,,,5388.7
fix,1790367253,5403.4,3.1,1,5403.4,0.50,10.2,accepted,5403.4
coast,1790367258,,,1,,,,,5405.5
coast,1790367263,,,1,,,,,5406.8
coast,1790367268,,,1,,,,,5407.7
coast,1790367273,,,1,,,,,5408.3
coast,1790367278,,,1,,,,,5408.7
coast,1790367283,,,1,,,,,5408.9
coast,1790367288,,,1,,,,,5409.1
fix,1790367291,5633.5,5.5,1,5633.2,7.47,10.2,accepted,5633.2
coast,1790367296,,,1,,,,,5663.7
coast,1790367301,,,1,,,,,5683.8
coast,1790367306,,,1,,,,,5697.1
coast,1790367311,,,1,,,,,5705.8
coast,1790367316,,,1,,,,,5711.6
coast,1790367321,,,1,,,,,5715.4
coast,1790367326,,,1,,,,,5717.9
coast,1790367331,,,1,,,,,5719.6
coast,1790367336,,,1,,,,,5720.6
coast,1790367341,,,1,,,,,5721.4
fix,1790367345,5793.6,1.8,1,5793.7,1.60,10.2,accepted,5793.7
coast,1790367350,,,1,,,,,5800.3
coast,1790367355,,,1,,,,,5804.6
coast,1790367360,,,1,,,,,5807.4
coast,1790367365,,,1,,,,,5809.3
coast,1790367370,,,1,,,,,5810.5
coast,1790367375,,,1,,,,,5811.3
coast,1790367380,,,1,,,,,5811.9
coast,1790367385,,,1,,,,,5812.2
coast,1790367390,,,1,,,,,5812.4
coast,1790367395,,,1,,,,,5812.6
coast,1790367400,,,1,,,,,5812.7
fix,1790367404,5914.8,1.9,1,5914.8,2.18,10.2,accepted,5914.8
coast,1790367409,,,1,,,,,5923.7
coast,1790367414,,,1,,,,,5929.6
coast,1790367419,,,1,,,,,5933.5
coast,1790367424,,,1,,,,,5936.0
coast,1790367429,,,1,,,,,5937.7
coast,1790367434,,,1,,,,,5938.8
coast,1790367439,,,1,,,,,5939.5
fix,1790367440,6130.8,6.3,1,6130.6,6.77,10.2,accepted,6130.6
coast,1790367445,,,1,,,,,6158.3
coast,1790367450,,,1,,,,,6176.6
coast,1790367455,,,1,,,,,6188.6
coast,1790367460,,,1,,,,,6196.6
coast,1790367465,,,1,,,,,6201.8
coast,1790367470,,,1,,,,,6205.3
coast,1790367475,,,1,,,,,6207.5
fix,1790367476,6223.8,2.0,1,6224.1,1.52,10.2,accepted,6224.1
coast,1790367481,,,1,,,,,6230.3
coast,1790367486,,,1,,,,,6234.4
coast,1790367491,,,1,,,,,6237.1
coast,1790367496,,,1,,,,,6238.9
coast,1790367501,,,1,,,,,6240.1
fix,1790367506,6427.1,0.4,1,6426.7,7.98,10.2,accepted,6426.7
coast,1790367511,,,1,,,,,6459.3
coast,1790367516,,,1,,,,,6480.9
coast,1790367521,,,1,,,,,6495.1
fix,1790367525,6597.9,1.2,1,6597.7,9.19,10.2,accepted,6597.7
coast,1790367530,,,1,,,,,6635.3
coast,1790367535,,,1,,,,,6660.1
coast,1790367540,,,1,,,,,6676.4
fix,1790367544,6755.0,3.1,1,6755.2,8.09,10.2,accepted,6755.2
coast,1790367549,,,1,,,,,6788.3
coast,1790367554,,,1,,,,,6810.1
coast,1790367559,,,1,,,,,6824.5
coast,1790367564,,,1,,,,,6834.0
coast,1790367569,,,1,,,,,6840.2
coast,1790367574,,,1,,,,,6844.3
coast,1790367579,,,1,,,,,6847.0
coast,1790367584,,,1,,,,,6848.8
coast,1790367589,,,1,,,,,6850.0
coast,1790367594,,,1,,,,,6850.8
coast,1790367599,,,1,,,,,6851.3
fix,1790367604,6891.6,4.7,1,6891.8,0.07,10.2,accepted,6891.8
coast,1790367609,,,1,,,,,6892.1
fix,1790367614,6991.7,1.5,1,6989.2,10.22,10.1,accepted,6989.2
coast,1790367619,,,1,,,,,7031.0
coast,1790367624,,,1,,,,,7058.5
coast,1790367629,,,1,,,,,7076.7
fix,1790367630,7122.6,1.9,1,7123.2,8.01,10.2,accepted,7123.2
coast,1790367635,,,1,,,,,7155.9
coast,1790367640,,,1,,,,,7177.5
coast,1790367645,,,1,,,,,7191.8
coast,1790367650,,,1,,,,,7201.1
coast,1790367655,,,1,,,,,7207.3
coast,1790367660,,,1,,,,,7211.4
coast,1790367665,,,1,,,,,7214.1
fix,1790367669,7192.4,1.3,1,7192.9,-0.34,10.2,accepted,7192.9
coast,1790367674,,,1,,,,,7191.5
fix,1790367675,7273.4,1.3,1,7266.1,11.56,9.8,accepted,7266.1
coast,1790367680,,,1,,,,,7313.3
coast,1790367685,,,1,,,,,7344.5
coast,1790367690,,,1,,,,,7365.0
coast,1790367695,,,1,,,,,7378.6
coast,1790367700,,,1,,,,,7387.5
coast,1790367705,,,1,,,,,7393.4
coast,1790367710,,,1,,,,,7397.3
coast,1790367715,,,1,,,,,7399.8
coast,1790367720,,,1,,,,,7401.5
coast,1790367725,,,1,,,,,7402.6
coast,1790367730,,,1,,,,,7403.4
coast,1790367735,,,1,,,,,7403.8
coast,1790367740,,,1,,,,,7404.2
fix,1790367745,7370.5,0.7,1,7370.7,-2.63,10.2,accepted,7370.7
coast,1790367750,,,1,,,,,7360.0
coast,1790367755,,,1,,,,,7352.9
coast,1790367760,,,1,,,,,7348.2
coast,1790367765,,,1,,,,,7345.2
coast,1790367770,,,1,,,,,7343.1
coast,1790367775,,,1,,,,,7341.8
coast,1790367780,,,1,,,,,7340.9
coast,1790367785,,,1,,,,,7340.3
coast,1790367790,,,1,,,,,7339.9
coast,1790367795,,,1,,,,,7339.7
coast,1790367800,,,1,,,,,7339.5
coast,1790367805,,,1,,,,,7339.4
coast,1790367810,,,1,,,,,7339.3
coast,1790367815,,,1,,,,,7339.3
coast,1790367820,,,1,,,,,7339.3
coast,1790367825,,,1,,,,,7339.2
coast,1790367830,,,1,,,,,7339.2
coast,1790367835,,,1,,,,,7339.2
coast,1790367840,,,1,,,,,7339.2
coast,1790367845,,,1,,,,,7339.2
coast,1790367850,,,1,,,,,7339.2
coast,1790367855,,,1,,,,,7339.2
coast,1790367860,,,1,,,,,7339.2
coast,1790367865,,,1,,,,,7339.2
coast,1790367870,,,1,,,,,7339.2
coast,1790367875,,,1,,,,,7339.2
coast,1790367880,,,1,,,,,7339.2
coast,1790367885,,,1,,,,,7339.2
coast,1790367890,,,1,,,,,7339.2
coast,1790367895,,,1,,,,,7339.2
coast,1790367900,,,1,,,,,7339.2
coast,1790367905,,,1,,,,,7339.2
coast,1790367910,,,1,,,,,7339.2
coast,1790367915,,,1,,,,,7339.2
coast,1790367920,,,1,,,,,7339.2
coast,1790367925,,,1,,,,,7339.2
coast,1790367930,,,1,,,,,7339.2
coast,1790367935,,,1,,,,,7339.2
coast,1790367940,,,1,,,,,7339.2
coast,1790367945,,,1,,,,,7339.2
coast,1790367950,,,1,,,,,7339.2
coast,1790367955,,,1,,,,,7339.2
coast,1790367960,,,1,,,,,7339.2
coast,1790367965,,,1,,,,,7339.2
coast,1790367970,,,1,,,,,7339.2
coast,1790367975,,,1,,,,,7339.2
coast,1790367980,,,1,,,,,7339.2
coast,1790367985,,,1,,,,,7339.2
coast,1790367990,,,1,,,,,7339.2
coast,1790367995,,,1,,,,,7339.2
coast,1790368000,,,1,,,,,7339.2
coast,1790368005,,,1,,,,,7339.2
coast,1790368010,,,1,,,,,7339.2
coast,1790368015,,,1,,,,,7339.2
coast,1790368020,,,1,,,,,7339.2
coast,1790368025,,,1,,,,,7339.2
coast,1790368030,,,1,,,,,7339.2
coast,1790368035,,,1,,,,,7339.2
coast,1790368040,,,1,,,,,7339.2
coast,1790368045,,,1,,,,,7339.2
coast,1790368050,,,1,,,,,7339.2
coast,1790368055,,,1,,,,,7339.2
coast,1790368060,,,1,,,,,7339.2
coast,1790368065,,,1,,,,,7339.2
coast,1790368070,,,1,,,,,7339.2
coast,1790368075,,,1,,,,,7339.2
coast,1790368080,,,1,,,,,7339.2
coast,1790368085,,,1,,,,,7339.2
coast,1790368090,,,1,,,,,7339.2
coast,1790368095,,,1,,,,,7339.2
coast,1790368100,,,1,,,,,7339.2
coast,1790368105,,,1,,,,,7339.2
coast,1790368110,,,1,,,,,7339.2
coast,1790368115,,,1,,,,,7339.2
coast,1790368120,,,1,,,,,7339.2
coast,1790368125,,,1,,,,,7339.2
coast,1790368130,,,1,,,,,7339.2
coast,1790368135,,,1,,,,,7339.2
coast,1790368140,,,1,,,,,7339.2
coast,1790368145,,,1,,,,,7339.2
coast,1790368150,,,1,,,,,7339.2
coast,1790368155,,,1,,,,,7339.2
coast,1790368160,,,1,,,,,7339.2
coast,1790368165,,,1,,,,,7339.2
coast,1790368170,,,1,,,,,7339.2
coast,1790368175,,,1,,,,,7339.2
coast,1790368180,,,1,,,,,7339.2
coast,1790368185,,,1,,,,,7339.2
coast,1790368190,,,1,,,,,7339.2
coast,1790368195,,,1,,,,,7339.2
coast,1790368200,,,1,,,,,7339.2
coast,1790368205,,,1,,,,,7339.2
coast,1790368210,,,1,,,,,7339.2
coast,1790368215,,,1,,,,,7339.2
coast,1790368220,,,1,,,,,7339.2
coast,1790368225,,,1,,,,,7339.2
coast,1790368230,,,1,,,,,7339.2
coast,1790368235,,,1,,,,,7339.2
coast,1790368240,,,1,,,,,7339.2
coast,1790368245,,,1,,,,,7339.2
coast,1790368250,,,1,,,,,7339.2
coast,1790368255,,,1,,,,,7339.2
coast,1790368260,,,1,,,,,7339.2
coast,1790368265,,,1,,,,,7339.2
coast,1790368270,,,1,,,,,7339.2
coast,1790368275,,,1,,,,,7339.2
coast,1790368280,,,1,,,,,7339.2
coast,1790368285,,,1,,,,,7339.2
coast,1790368290,,,1,,,,,7339.2
coast,1790368295,,,1,,,,,7339.2
coast,1790368300,,,1,,,,,7339.2
coast,1790368305,,,1,,,,,7339.2
coast,1790368310,,,1,,,,,7339.2
coast,1790368315,,,1,,,,,7339.2
coast,1790368320,,,1,,,,,7339.2
coast,1790368325,,,1,,,,,7339.2
coast,1790368330,,,1,,,,,7339.2
coast,1790368335,,,1,,,,,7339.2
coast,1790368340,,,1,,,,,7339.2
coast,1790368345,,,1,,,,,7339.2
coast,1790368350,,,1,,,,,7339.2
coast,1790368355,,,1,,,,,7339.2
coast,1790368360,,,1,,,,,7339.2
coast,1790368365,,,1,,,,,7339.2
coast,1790368370,,,1,,,,,7339.2
coast,1790368375,,,1,,,,,7339.2
coast,1790368380,,,1,,,,,7339.2
coast,1790368385,,,1,,,,,7339.2
coast,1790368390,,,1,,,,,7339.2
coast,1790368395,,,1,,,,,7339.2
coast,1790368400,,,1,,,,,7339.2
coast,1790368405,,,1,,,,,7339.2
coast,1790368410,,,1,,,,,7339.2
coast,1790368415,,,1,,,,,7339.2
coast,1790368420,,,1,,,,,7339.2
coast,1790368425,,,1,,,,,7339.2
coast,1790368430,,,1,,,,,7339.2
coast,1790368435,,,1,,,,,7339.2
coast,1790368440,,,1,,,,,7339.2
coast,1790368445,,,1,,,,,7339.2
coast,1790368450,,,1,,,,,7339.2
coast,1790368455,,,1,,,,,7339.2
coast,1790368460,,,1,,,,,7339.2
coast,1790368465,,,1,,,,,7339.2
coast,1790368470,,,1,,,,,7339.2
coast,1790368475,,,1,,,,,7339.2
coast,1790368480,,,1,,,,,7339.2
coast,1790368485,,,1,,,,,7339.2
coast,1790368490,,,1,,,,,7339.2
coast,1790368495,,,1,,,,,7339.2
coast,1790368500,,,1,,,,,7339.2
coast,1790368505,,,1,,,,,7339.2
coast,1790368510,,,1,,,,,7339.2
coast,1790368515,,,1,,,,,7339.2
coast,1790368520,,,1,,,,,7339.2
coast,1790368525,,,1,,,,,7339.2
coast,1790368530,,,1,,,,,7339.2
coast,1790368535,,,1,,,,,7339.2
coast,1790368540,,,1,,,,,7339.2
coast,1790368545,,,1,,,,,7339.2
coast,1790368550,,,1,,,,,7339.2
coast,1790368555,,,1,,,,,7339.2
coast,1790368560,,,1,,,,,7339.2
coast,1790368565,,,1,,,,,7339.2
coast,1790368570,,,1,,,,,7339.2
coast,1790368575,,,1,,,,,7339.2
coast,1790368580,,,1,,,,,7339.2
coast,1790368585,,,1,,,,,7339.2
coast,1790368590,,,1,,,,,7339.2
coast,1790368595,,,1,,,,,7339.2
coast,1790368600,,,1,,,,,7339.2
coast,1790368605,,,1,,,,,7339.2
coast,1790368610,,,1,,,,,7339.2
coast,1790368615,,,1,,,,,7339.2
coast,1790368620,,,1,,,,,7339.2
coast,1790368625,,,1,,,,,7339.2
coast,1790368630,,,1,,,,,7339.2
coast,1790368635,,,1,,,,,7339.2
coast,1790368640,,,1,,,,,7339.2
coast,1790368645,,,1,,,,,7339.2
coast,1790368650,,,1,,,,,7339.2
coast,1790368655,,,1,,,,,7339.2
coast,1790368660,,,1,,,,,7339.2
coast,1790368665,,,1,,,,,7339.2
coast,1790368670,,,1,,,,,7339.2
coast,1790368675,,,1,,,,,7339.2
coast,1790368680,,,1,,,,,7339.2
coast,1790368685,,,1,,,,,7339.2
coast,1790368690,,,1,,,,,7339.2
coast,1790368695,,,1,,,,,7339.2
coast,1790368700,,,1,,,,,7339.2
coast,1790368705,,,1,,,,,7339.2
coast,1790368710,,,1,,,,,7339.2
coast,1790368715,,,1,,,,,7339.2
coast,1790368720,,,1,,,,,7339.2
coast,1790368725,,,1,,,,,7339.2
coast,1790368730,,,1,,,,,7339.2
coast,1790368735,,,1,,,,,7339.2
coast,1790368740,,,1,,,,,7339.2
coast,1790368745,,,1,,,,,7339.2
coast,1790368750,,,1,,,,,7339.2
coast,1790368755,,,1,,,,,7339.2
coast,1790368760,,,1,,,,,7339.2
coast,1790368765,,,1,,,,,7339.2
coast,1790368770,,,1,,,,,7339.2
coast,1790368775,,,1,,,,,7339.2
coast,1790368780,,,1,,,,,7339.2
coast,1790368785,,,1,,,,,7339.2
coast,1790368790,,,1,,,,,7339.2
coast,1790368795,,,1,,,,,7339.2
coast,1790368800,,,1,,,,,7339.2
coast,1790368805,,,1,,,,,7339.2
coast,1790368810,,,1,,,,,7339.2
coast,1790368815,,,1,,,,,7339.2
coast,1790368820,,,1,,,,,7339.2
coast,1790368825,,,1,,,,,7339.2
coast,1790368830,,,1,,,,,7339.2
coast,1790368835,,,1,,,,,7339.2
coast,1790368840,,,1,,,,,7339.2
coast,1790368845,,,1,,,,,7339.2
coast,1790368850,,,1,,,,,7339.2
coast,1790368855,,,1,,,,,7339.2
coast,1790368860,,,1,,,,,7339.2
coast,1790368865,,,1,,,,,7339.2
coast,1790368870,,,1,,,,,7339.2
coast,1790368875,,,1,,,,,7339.2
coast,1790368880,,,1,,,,,7339.2
coast,1790368885,,,1,,,,,7339.2
coast,1790368890,,,1,,,,,7339.2
coast,1790368895,,,1,,,,,7339.2
coast,1790368900,,,1,,,,,7339.2
coast,1790368905,,,1,,,,,7339.2
coast,1790368910,,,1,,,,,7339.2
coast,1790368915,,,1,,,,,7339.2
coast,1790368920,,,1,,,,,7339.2
coast,1790368925,,,1,,,,,7339.2
coast,1790368930,,,1,,,,,7339.2
coast,1790368935,,,1,,,,,7339.2
coast,1790368940,,,1,,,,,7339.2
coast,1790368945,,,1,,,,,7339.2
coast,1790368950,,,1,,,,,7339.2
coast,1790368955,,,1,,,,,7339.2
coast,1790368960,,,1,,,,,7339.2
coast,1790368965,,,1,,,,,7339.2
coast,1790368970,,,1,,,,,7339.2
coast,1790368975,,,1,,,,,7339.2
coast,1790368980,,,1,,,,,7339.2
coast,1790368985,,,1,,,,,7339.2
coast,1790368990,,,1,,,,,7339.2
coast,1790368995,,,1,,,,,7339.2
coast,1790369000,,,1,,,,,7339.2
coast,1790369005,,,1,,,,,7339.2
coast,1790369010,,,1,,,,,7339.2
coast,1790369015,,,1,,,,,7339.2
coast,1790369020,,,1,,,,,7339.2
coast,1790369025,,,1,,,,,7339.2
coast,1790369030,,,1,,,,,7339.2
coast,1790369035,,,1,,,,,7339.2
coast,1790369040,,,1,,,,,7339.2
coast,1790369045,,,1,,,,,7339.2
coast,1790369050,,,1,,,,,7339.2
coast,1790369055,,,1,,,,,7339.2
coast,1790369060,,,1,,,,,7339.2
coast,1790369065,,,1,,,,,7339.2
coast,1790369070,,,1,,,,,7339.2
coast,1790369075,,,1,,,,,7339.2
coast,1790369080,,,1,,,,,7339.2
coast,1790369085,,,1,,,,,7339.2
coast,1790369090,,,1,,,,,7339.2
coast,1790369095,,,1,,,,,7339.2
coast,1790369100,,,1,,,,,7339.2
coast,1790369105,,,1,,,,,7339.2
coast,1790369110,,,1,,,,,7339.2
coast,1790369115,,,1,,,,,7339.2
coast,1790369120,,,1,,,,,7339.2
coast,1790369125,,,1,,,,,7339.2
coast,1790369130,,,1,,,,,7339.2
coast,1790369135,,,1,,,,,7339.2
coast,1790369140,,,1,,,,,7339.2
coast,1790369145,,,1,,,,,7339.2
coast,1790369150,,,1,,,,,7339.2
coast,1790369155,,,1,,,,,7339.2
coast,1790369160,,,1,,,,,7339.2
coast,1790369165,,,1,,,,,7339.2
coast,1790369170,,,1,,,,,7339.2
coast,1790369175,,,1,,,,,7339.2
coast,1790369180,,,1,,,,,7339.2
coast,1790369185,,,1,,,,,7339.2
coast,1790369190,,,1,,,,,7339.2
coast,1790369195,,,1,,,,,7339.2
coast,1790369200,,,1,,,,,7339.2
coast,1790369205,,,1,,,,,7339.2
coast,1790369210,,,1,,,,,7339.2
coast,1790369215,,,1,,,,,7339.2
coast,1790369220,,,1,,,,,7339.2
coast,1790369225,,,1,,,,,7339.2
coast,1790369230,,,1,,,,,7339.2
coast,1790369235,,,1,,,,,7339.2
coast,1790369240,,,1,,,,,7339.2
coast,1790369245,,,1,,,,,7339.2
coast,1790369250,,,1,,,,,7339.2
coast,1790369255,,,1,,,,,7339.2
coast,1790369260,,,1,,,,,7339.2
coast,1790369265,,,1,,,,,7339.2
coast,1790369270,,,1,,,,,7339.2
coast,1790369275,,,1,,,,,7339.2
coast,1790369280,,,1,,,,,7339.2
coast,1790369285,,,1,,,,,7339.2
coast,1790369290,,,1,,,,,7339.2
coast,1790369295,,,1,,,,,7339.2
coast,1790369300,,,1,,,,,7339.2
coast,1790369305,,,1,,,,,7339.2
coast,1790369310,,,1,,,,,7339.2
coast,1790369315,,,1,,,,,7339.2
coast,1790369320,,,1,,,,,7339.2
coast,1790369325,,,1,,,,,7339.2
coast,1790369330,,,1,,,,,7339.2
coast,1790369335,,,1,,,,,7339.2
coast,1790369340,,,1,,,,,7339.2
coast,1790369345,,,1,,,,,7339.2
coast,1790369350,,,1,,,,,7339.2
coast,1790369355,,,1,,,,,7339.2
coast,1790369360,,,1,,,,,7339.2
coast,1790369365,,,1,,,,,7339.2
coast,1790369370,,,1,,,,,7339.2
coast,1790369375,,,1,,,,,7339.2
coast,1790369380,,,1,,,,,7339.2
coast,1790369385,,,1,,,,,7339.2
coast,1790369390,,,1,,,,,7339.2
coast,1790369395,,,1,,,,,7339.2
coast,1790369400,,,1,,,,,7339.2
coast,1790369405,,,1,,,,,7339.2
coast,1790369410,,,1,,,,,7339.2
coast,1790369415,,,1,,,,,7339.2
coast,1790369420,,,1,,,,,7339.2
coast,1790369425,,,1,,,,,7339.2
coast,1790369430,,,1,,,,,7339.2
coast,1790369435,,,1,,,,,7339.2
coast,1790369440,,,1,,,,,7339.2
coast,1790369445,,,1,,,,,7339.2
coast,1790369450,,,1,,,,,7339.2
coast,1790369455,,,1,,,,,7339.2
coast,1790369460,,,1,,,,,7339.2
coast,1790369465,,,1,,,,,7339.2
coast,1790369470,,,1,,,,,7339.2
coast,1790369475,,,1,,,,,7339.2
coast,1790369480,,,1,,,,,7339.2
coast,1790369485,,,1,,,,,7339.2
coast,1790369490,,,1,,,,,7339.2
coast,1790369495,,,1,,,,,7339.2
coast,1790369500,,,1,,,,,7339.2
coast,1790369505,,,1,,,,,7339.2
coast,1790369510,,,1,,,,,7339.2
coast,1790369515,,,1,,,,,7339.2
coast,1790369520,,,1,,,,,7339.2
coast,1790369525,,,1,,,,,7339.2
coast,1790369530,,,1,,,,,7339.2
coast,1790369535,,,1,,,,,7339.2
coast,1790369540,,,1,,,,,7339.2
coast,1790369545,,,1,,,,,7339.2
coast,1790369550,,,1,,,,,7339.2
coast,1790369555,,,1,,,,,7339.2
coast,1790369560,,,1,,,,,7339.2
coast,1790369565,,,1,,,,,7339.2
coast,1790369570,,,1,,,,,7339.2
coast,1790369575,,,1,,,,,7339.2
coast,1790369580,,,1,,,,,7339.2
coast,1790369585,,,1,,,,,7339.2
coast,1790369590,,,1,,,,,7339.2
coast,1790369595,,,1,,,,,7339.2
coast,1790369600,,,1,,,,,7339.2
coast,1790369605,,,1,,,,,7339.2
coast,1790369610,,,1,,,,,7339.2
coast,1790369615,,,1,,,,,7339.2
coast,1790369620,,,1,,,,,7339.2
coast,1790369625,,,1,,,,,7339.2
coast,1790369630,,,1,,,,,7339.2
coast,1790369635,,,1,,,,,7339.2
coast,1790369640,,,1,,,,,7339.2
coast,1790369645,,,1,,,,,7339.2
coast,1790369650,,,1,,,,,7339.2
coast,1790369655,,,1,,,,,7339.2
coast,1790369660,,,1,,,,,7339.2
coast,1790369665,,,1,,,,,7339.2
coast,1790369670,,,1,,,,,7339.2
coast,1790369675,,,1,,,,,7339.2
coast,1790369680,,,1,,,,,7339.2
coast,1790369685,,,1,,,,,7339.2
coast,1790369690,,,1,,,,,7339.2
coast,1790369695,,,1,,,,,7339.2
coast,1790369700,,,1,,,,,7339.2
coast,1790369705,,,1,,,,,7339.2
coast,1790369710,,,1,,,,,7339.2
coast,1790369715,,,1,,,,,7339.2
coast,1790369720,,,1,,,,,7339.2
coast,1790369725,,,1,,,,,7339.2
coast,1790369730,,,1,,,,,7339.2
coast,1790369735,,,1,,,,,7339.2
coast,1790369740,,,1,,,,,7339.2
coast,1790369745,,,1,,,,,7339.2
coast,1790369750,,,1,,,,,7339.2
coast,1790369755,,,1,,,,,7339.2
coast,1790369760,,,1,,,,,7339.2
coast,1790369765,,,1,,,,,7339.2
coast,1790369770,,,1,,,,,7339.2
coast,1790369775,,,1,,,,,7339.2
coast,1790369780,,,1,,,,,7339.2
coast,1790369785,,,1,,,,,7339.2
coast,1790369790,,,1,,,,,7339.2
coast,1790369795,,,1,,,,,7339.2
coast,1790369800,,,1,,,,,7339.2
coast,1790369805,,,1,,,,,7339.2
coast,1790369810,,,1,,,,,7339.2
coast,1790369815,,,1,,,,,7339.2
coast,1790369820,,,1,,,,,7339.2
coast,1790369825,,,1,,,,,7339.2
coast,1790369830,,,1,,,,,7339.2
coast,1790369835,,,1,,,,,7339.2
coast,1790369840,,,1,,,,,7339.2
coast,1790369845,,,1,,,,,7339.2
coast,1790369850,,,1,,,,,7339.2
coast,1790369855,,,1,,,,,7339.2
coast,1790369860,,,1,,,,,7339.2
coast,1790369865,,,1,,,,,7339.2
coast,1790369870,,,1,,,,,7339.2
coast,1790369875,,,1,,,,,7339.2
coast,1790369880,,,1,,,,,7339.2
coast,1790369885,,,1,,,,,7339.2
coast,1790369890,,,1,,,,,7339.2
coast,1790369895,,,1,,,,,7339.2
coast,1790369900,,,1,,,,,7339.2
coast,1790369905,,,1,,,,,7339.2
coast,1790369910,,,1,,,,,7339.2
coast,1790369915,,,1,,,,,7339.2
coast,1790369920,,,1,,,,,7339.2
coast,1790369925,,,1,,,,,7339.2
coast,1790369930,,,1,,,,,7339.2
coast,1790369935,,,1,,,,,7339.2
coast,1790369940,,,1,,,,,7339.2
coast,1790369945,,,1,,,,,7339.2
coast,1790369950,,,1,,,,,7339.2
coast,1790369955,,,1,,,,,7339.2
coast,1790369960,,,1,,,,,7339.2
coast,1790369965,,,1,,,,,7339.2
coast,1790369970,,,1,,,,,7339.2
coast,1790369975,,,1,,,,,7339.2
coast,1790369980,,,1,,,,,7339.2
coast,1790369985,,,1,,,,,7339.2
coast,1790369990,,,1,,,,,7339.2
coast,1790369995,,,1,,,,,7339.2
coast,1790370000,,,1,,,,,7339.2
coast,1790370005,,,1,,,,,7339.2
coast,1790370010,,,1,,,,,7339.2
coast,1790370015,,,1,,,,,7339.2
coast,1790370020,,,1,,,,,7339.2
coast,1790370025,,,1,,,,,7339.2
coast,1790370030,,,1,,,,,7339.2
coast,1790370035,,,1,,,,,7339.2
coast,1790370040,,,1,,,,,7339.2
coast,1790370045,,,1,,,,,7339.2
coast,1790370050,,,1,,,,,7339.2
coast,1790370055,,,1,,,,,7339.2
coast,1790370060,,,1,,,,,7339.2
coast,1790370065,,,1,,,,,7339.2
coast,1790370070,,,1,,,,,7339.2
coast,1790370075,,,1,,,,,7339.2
coast,1790370080,,,1,,,,,7339.2
coast,1790370085,,,1,,,,,7339.2
coast,1790370090,,,1,,,,,7339.2
coast,1790370095,,,1,,,,,7339.2
coast,1790370100,,,1,,,,,7339.2
coast,1790370105,,,1,,,,,7339.2
coast,1790370110,,,1,,,,,7339.2
coast,1790370115,,,1,,,,,7339.2
coast,1790370120,,,1,,,,,7339.2
coast,1790370125,,,1,,,,,7339.2
coast,1790370130,,,1,,,,,7339.2
coast,1790370135,,,1,,,,,7339.2
coast,1790370140,,,1,,,,,7339.2
coast,1790370145,,,1,,,,,7339.2
coast,1790370150,,,1,,,,,7339.2
coast,1790370155,,,1,,,,,7339.2
coast,1790370160,,,1,,,,,7339.2
coast,1790370165,,,1,,,,,7339.2
coast,1790370170,,,1,,,,,7339.2
coast,1790370175,,,1,,,,,7339.2
coast,1790370180,,,1,,,,,7339.2
coast,1790370185,,,1,,,,,7339.2
coast,1790370190,,,1,,,,,7339.2
coast,1790370195,,,1,,,,,7339.2
coast,1790370200,,,1,,,,,7339.2
coast,1790370205,,,1,,,,,7339.2
fix,1790370206,6637.7,5994.2,0,,,,,
fix,1790370396,0.0,17.4,1,0.0,0.00,9.7,accepted,0.0
coast,1790370401,,,1,,,,,0.0
coast,1790370406,,,1,,,,,0.0
coast,1790370411,,,1,,,,,0.0
coast,1790370416,,,1,,,,,0.0
coast,1790370421,,,1,,,,,0.0
coast,1790370426,,,1,,,,,0.0
coast,1790370431,,,1,,,,,0.0
fix,1790370435,2.4,2.3,1,2.4,0.08,10.2,accepted,2.4
coast,1790370440,,,1,,,,,2.7
coast,1790370445,,,1,,,,,3.0
coast,1790370450,,,1,,,,,3.1
coast,1790370455,,,1,,,,,3.2
coast,1790370460,,,1,,,,,3.3
coast,1790370465,,,1,,,,,3.3
coast,1790370470,,,1,,,,,3.4
coast,1790370475,,,1,,,,,3.4
coast,1790370480,,,1,,,,,3.4
coast,1790370485,,,1,,,,,3.4
coast,1790370490,,,1,,,,,3.4
coast,1790370495,,,1,,,,,3.4
coast,1790370500,,,1,,,,,3.4
coast,1790370505,,,1,,,,,3.4
coast,1790370510,,,1,,,,,3.4
coast,1790370515,,,1,,,,,3.4
fix,1790370518,95.6,9.6,1,95.6,1.50,10.2,accepted,95.6
coast,1790370523,,,1,,,,,101.7
coast,1790370528,,,1,,,,,105.7
fix,1790370531,143.9,5.4,1,143.5,3.83,10.2,accepted,143.5
coast,1790370536,,,1,,,,,159.2
coast,1790370541,,,1,,,,,169.5
coast,1790370546,,,1,,,,,176.3
coast,1790370551,,,1,,,,,180.8
coast,1790370556,,,1,,,,,183.8
coast,1790370561,,,1,,,,,185.7
coast,1790370566,,,1,,,,,187.0
coast,1790370571,,,1,,,,,187.9
coast,1790370576,,,1,,,,,188.4
coast,1790370581,,,1,,,,,188.8
coast,1790370586,,,1,,,,,189.0
fix,1790370590,276.6,4.5,1,276.6,1.63,10.2,accepted,276.6
coast,1790370595,,,1,,,,,283.3
coast,1790370600,,,1,,,,,287.7
coast,1790370605,,,1,,,,,290.6
fix,1790370610,305.5,3.9,1,305.5,1.42,10.2,accepted,305.5
coast,1790370615,,,1,,,,,311.3
coast,1790370620,,,1,,,,,315.1
coast,1790370625,,,1,,,,,317.7
coast,1790370630,,,1,,,,,319.3
coast,1790370635,,,1,,,,,320.4
coast,1790370640,,,1,,,,,321.1
coast,1790370645,,,1,,,,,321.6
coast,1790370650,,,1,,,,,321.9
fix,1790370652,376.0,44.7,1,376.0,1.77,10.2,accepted,376.0
coast,1790370657,,,1,,,,,383.3
coast,1790370662,,,1,,,,,388.0
coast,1790370667,,,1,,,,,391.2
coast,1790370672,,,1,,,,,393.2
coast,1790370677,,,1,,,,,394.6
coast,1790370682,,,1,,,,,395.5
coast,1790370687,,,1,,,,,396.1
coast,1790370692,,,1,,,,,396.5
coast,1790370697,,,1,,,,,396.7
coast,1790370702,,,1,,,,,396.9
coast,1790370707,,,1,,,,,397.0
coast,1790370712,,,1,,,,,397.1
fix,1790370717,429.1,75.0,1,429.1,0.51,10.2,accepted,429.1
coast,1790370722,,,1,,,,,431.2
coast,1790370727,,,1,,,,,432.6
coast,1790370732,,,1,,,,,433.5
coast,1790370737,,,1,,,,,434.1
coast,1790370742,,,1,,,,,434.5
coast,1790370747,,,1,,,,,434.7
coast,1790370752,,,1,,,,,434.9
coast,1790370757,,,1,,,,,435.0
coast,1790370762,,,1,,,,,435.1
coast,1790370767,,,1,,,,,435.2
coast,1790370772,,,1,,,,,435.2
coast,1790370777,,,1,,,,,435.2
fix,1790370778,607.7,5.2,1,607.6,3.56,10.2,accepted,607.6
coast,1790370783,,,1,,,,,622.2
fix,1790370788,638.2,8.5,1,638.3,3.04,10.1,accepted,638.3
coast,1790370793,,,1,,,,,650.8
coast,1790370798,,,1,,,,,659.0
coast,1790370803,,,1,,,,,664.4
coast,1790370808,,,1,,,,,667.9
coast,1790370813,,,1,,,,,670.3
coast,1790370818,,,1,,,,,671.8
coast,1790370823,,,1,,,,,672.9
coast,1790370828,,,1,,,,,673.5
coast,1790370833,,,1,,,,,674.0
coast,1790370838,,,1,,,,,674.3
coast,1790370843,,,1,,,,,674.5
fix,1790370847,856.4,9.5,1,856.4,3.96,10.2,accepted,856.4
coast,1790370852,,,1,,,,,872.5
coast,1790370857,,,1,,,,,883.2
coast,1790370862,,,1,,,,,890.2
coast,1790370867,,,1,,,,,894.9
coast,1790370872,,,1,,,,,897.9
coast,1790370877,,,1,,,,,899.9
fix,1790370878,873.8,0.9,1,874.0,-0.09,10.2,accepted,874.0
coast,1790370883,,,1,,,,,873.6
coast,1790370888,,,1,,,,,873.4
coast,1790370893,,,1,,,,,873.2
coast,1790370898,,,1,,,,,873.1
coast,1790370903,,,1,,,,,873.1
coast,1790370908,,,1,,,,,873.0
coast,1790370913,,,1,,,,,873.0
coast,1790370918,,,1,,,,,873.0
coast,1790370923,,,1,,,,,873.0
coast,1790370928,,,1,,,,,873.0
coast,1790370933,,,1,,,,,872.9
fix,1790370937,1106.5,27.3,1,1106.3,5.29,10.2,accepted,1106.3
coast,1790370942,,,1,,,,,1127.9
coast,1790370947,,,1,,,,,1142.2
coast,1790370952,,,1,,,,,1151.6
coast,1790370957,,,1,,,,,1157.8
coast,1790370962,,,1,,,,,1161.9
coast,1790370967,,,1,,,,,1164.5
coast,1790370972,,,1,,,,,1166.3
coast,1790370977,,,1,,,,,1167.5
coast,1790370982,,,1,,,,,1168.3
coast,1790370987,,,1,,,,,1168.8
coast,1790370992,,,1,,,,,1169.1
fix,1790370997,1412.5,4.2,1,1412.5,5.05,10.2,accepted,1412.5
coast,1790371002,,,1,,,,,1433.1
coast,1790371007,,,1,,,,,1446.7
coast,1790371012,,,1,,,,,1455.7
coast,1790371017,,,1,,,,,1461.6
coast,1790371022,,,1,,,,,1465.5
coast,1790371027,,,1,,,,,1468.1
coast,1790371032,,,1,,,,,1469.8
coast,1790371037,,,1,,,,,1470.9
coast,1790371042,,,1,,,,,1471.7
coast,1790371047,,,1,,,,,1472.1
coast,1790371052,,,1,,,,,1472.5
fix,1790371055,1645.5,7.1,1,1645.5,3.75,10.2,accepted,1645.5
coast,1790371060,,,1,,,,,1660.9
coast,1790371065,,,1,,,,,1671.0
coast,1790371070,,,1,,,,,1677.6
coast,1790371075,,,1,,,,,1682.0
coast,1790371080,,,1,,,,,1684.9
coast,1790371085,,,1,,,,,1686.8
coast,1790371090,,,1,,,,,1688.1
coast,1790371095,,,1,,,,,1688.9
coast,1790371100,,,1,,,,,1689.5
coast,1790371105,,,1,,,,,1689.8
coast,1790371110,,,1,,,,,1690.0
fix,1790371115,1794.0,4.9,1,1794.0,2.13,10.2,accepted,1794.0
coast,1790371120,,,1,,,,,1802.8
coast,1790371125,,,1,,,,,1808.5
coast,1790371130,,,1,,,,,1812.3
coast,1790371135,,,1,,,,,1814.8
coast,1790371140,,,1,,,,,1816.4
coast,1790371145,,,1,,,,,1817.5
coast,1790371150,,,1,,,,,1818.2
coast,1790371155,,,1,,,,,1818.7
coast,1790371160,,,1,,,,,1819.0
coast,1790371165,,,1,,,,,1819.2
coast,1790371170,,,1,,,,,1819.4
coast,1790371175,,,1,,,,,1819.5
coast,1790371180,,,1,,,,,1819.5
coast,1790371185,,,1,,,,,1819.6
fix,1790371186,2021.2,2.5,1,2021.1,3.51,10.2,accepted,2021.1
coast,1790371191,,,1,,,,,2035.5
coast,1790371196,,,1,,,,,2044.9
coast,1790371201,,,1,,,,,2051.2
coast,1790371206,,,1,,,,,2055.3
coast,1790371211,,,1,,,,,2058.0
coast,1790371216,,,1,,,,,2059.8
coast,1790371221,,,1,,,,,2060.9
coast,1790371226,,,1,,,,,2061.7
coast,1790371231,,,1,,,,,2062.2
coast,1790371236,,,1,,,,,2062.6
coast,1790371241,,,1,,,,,2062.8
fix,1790371245,2115.0,3.4,1,2115.0,1.12,10.2,accepted,2115.0
coast,1790371250,,,1,,,,,2119.6
coast,1790371255,,,1,,,,,2122.7
coast,1790371260,,,1,,,,,2124.6
coast,1790371265,,,1,,,,,2126.0
coast,1790371270,,,1,,,,,2126.8
coast,1790371275,,,1,,,,,2127.4
coast,1790371280,,,1,,,,,2127.8
coast,1790371285,,,1,,,,,2128.0
coast,1790371290,,,1,,,,,2128.2
fix,1790371291,2196.3,4.5,1,2196.2,1.92,10.2,accepted,2196.2
coast,1790371296,,,1,,,,,2204.1
coast,1790371301,,,1,,,,,2209.2
coast,1790371306,,,1,,,,,2212.6
coast,1790371311,,,1,,,,,2214.9
coast,1790371316,,,1,,,,,2216.4
coast,1790371321,,,1,,,,,2217.3
coast,1790371326,,,1,,,,,2218.0
fix,1790371331,2226.9,0.5,1,2227.0,0.49,10.2,accepted,2227.0
coast,1790371336,,,1,,,,,2229.0
coast,1790371341,,,1,,,,,2230.3
coast,1790371346,,,1,,,,,2231.1
coast,1790371351,,,1,,,,,2231.7
coast,1790371356,,,1,,,,,2232.1
fix,1790371361,2242.2,3.2,1,2242.2,0.51,10.2,accepted,2242.2
coast,1790371366,,,1,,,,,2244.3
coast,1790371371,,,1,,,,,2245.7
coast,1790371376,,,1,,,,,2246.6
coast,1790371381,,,1,,,,,2247.2
coast,1790371386,,,1,,,,,2247.6
fix,1790371388,2260.4,5.4,1,2260.4,0.71,10.2,accepted,2260.4
coast,1790371393,,,1,,,,,2263.3
coast,1790371398,,,1,,,,,2265.2
coast,1790371403,,,1,,,,,2266.5
coast,1790371408,,,1,,,,,2267.3
coast,1790371413,,,1,,,,,2267.9
coast,1790371418,,,1,,,,,2268.2
coast,1790371423,,,1,,,,,2268.5
coast,1790371428,,,1,,,,,2268.6
coast,1790371433,,,1,,,,,2268.7
coast,1790371438,,,1,,,,,2268.8
coast,1790371443,,,1,,,,,2268.9
fix,1790371447,2399.0,1.7,1,2398.9,2.92,10.2,accepted,2398.9
coast,1790371452,,,1,,,,,2410.9
coast,1790371457,,,1,,,,,2418.7
coast,1790371462,,,1,,,,,2423.9
coast,1790371467,,,1,,,,,2427.4
coast,1790371472,,,1,,,,,2429.6
coast,1790371477,,,1,,,,,2431.1
coast,1790371482,,,1,,,,,2432.1
coast,1790371487,,,1,,,,,2432.7
coast,1790371492,,,1,,,,,2433.1
coast,1790371497,,,1,,,,,2433.4
coast,1790371502,,,1,,,,,2433.6
fix,1790371507,2551.4,2.2,1,2551.4,2.44,10.2,accepted,2551.4
coast,1790371512,,,1,,,,,2561.3
coast,1790371517,,,1,,,,,2567.9
fix,1790371519,2593.3,0.8,1,2593.1,3.55,10.2,accepted,2593.1
coast,1790371524,,,1,,,,,2607.7
coast,1790371529,,,1,,,,,2617.2
coast,1790371534,,,1,,,,,2623.6
coast,1790371539,,,1,,,,,2627.7
coast,1790371544,,,1,,,,,2630.5
fix,1790371548,2833.3,5.0,1,2832.7,9.74,10.2,accepted,2832.7
coast,1790371553,,,1,,,,,2872.5
coast,1790371558,,,1,,,,,2898.8
coast,1790371563,,,1,,,,,2916.1
coast,1790371568,,,1,,,,,2927.5
coast,1790371573,,,1,,,,,2935.0
coast,1790371578,,,1,,,,,2940.0
coast,1790371583,,,1,,,,,2943.2
coast,1790371588,,,1,,,,,2945.4
coast,1790371593,,,1,,,,,2946.8
coast,1790371598,,,1,,,,,2947.7
coast,1790371603,,,1,,,,,2948.3
fix,1790371607,2935.8,1.3,1,2936.1,-1.02,10.2,accepted,2936.1
coast,1790371612,,,1,,,,,2931.9
coast,1790371617,,,1,,,,,2929.1
coast,1790371622,,,1,,,,,2927.3
coast,1790371627,,,1,,,,,2926.1
coast,1790371632,,,1,,,,,2925.3
coast,1790371637,,,1,,,,,2924.8
coast,1790371642,,,1,,,,,2924.5
coast,1790371647,,,1,,,,,2924.3
coast,1790371652,,,1,,,,,2924.1
coast,1790371657,,,1,,,,,2924.0
coast,1790371662,,,1,,,,,2923.9
fix,1790371666,3007.8,3.6,1,3007.7,1.82,10.2,accepted,3007.7
coast,1790371671,,,1,,,,,3015.2
coast,1790371676,,,1,,,,,3020.1
coast,1790371681,,,1,,,,,3023.3
coast,1790371686,,,1,,,,,3025.5
coast,1790371691,,,1,,,,,3026.9
coast,1790371696,,,1,,,,,3027.8
coast,1790371701,,,1,,,,,3028.4
coast,1790371706,,,1,,,,,3028.8
coast,1790371711,,,1,,,,,3029.1
coast,1790371716,,,1,,,,,3029.3
coast,1790371721,,,1,,,,,3029.4
coast,1790371726,,,1,,,,,3029.5
coast,1790371731,,,1,,,,,3029.5
coast,1790371736,,,1,,,,,3029.5
coast,1790371741,,,1,,,,,3029.6
coast,1790371746,,,1,,,,,3029.6
coast,1790371751,,,1,,,,,3029.6
coast,1790371756,,,1,,,,,3029.6
coast,1790371761,,,1,,,,,3029.6
coast,1790371766,,,1,,,,,3029.6
coast,1790371771,,,1,,,,,3029.6
coast,1790371776,,,1,,,,,3029.6
coast,1790371781,,,1,,,,,3029.6
coast,1790371786,,,1,,,,,3029.6
coast,1790371791,,,1,,,,,3029.6
coast,1790371796,,,1,,,,,3029.6
coast,1790371801,,,1,,,,,3029.6
fix,1790371806,3047.2,5.6,1,3047.2,-0.28,10.2,accepted,3047.2
coast,1790371811,,,1,,,,,3046.1
coast,1790371816,,,1,,,,,3045.3
coast,1790371821,,,1,,,,,3044.8
coast,1790371826,,,1,,,,,3044.5
coast,1790371831,,,1,,,,,3044.3
coast,1790371836,,,1,,,,,3044.1
coast,1790371841,,,1,,,,,3044.0
coast,1790371846,,,1,,,,,3044.0
coast,1790371851,,,1,,,,,3043.9
coast,1790371856,,,1,,,,,3043.9
coast,1790371861,,,1,,,,,3043.9
fix,1790371865,3200.7,21.4,1,3200.6,3.09,10.2,accepted,3200.6
coast,1790371870,,,1,,,,,3213.2
coast,1790371875,,,1,,,,,3221.6
coast,1790371880,,,1,,,,,3227.1
coast,1790371885,,,1,,,,,3230.7
coast,1790371890,,,1,,,,,3233.1
coast,1790371895,,,1,,,,,3234.6
coast,1790371900,,,1,,,,,3235.7
fix,1790371904,3335.4,1.8,1,3335.4,3.53,10.2,accepted,3335.4
coast,1790371909,,,1,,,,,3349.8
coast,1790371914,,,1,,,,,3359.3
coast,1790371919,,,1,,,,,3365.6
coast,1790371924,,,1,,,,,3369.7
coast,1790371929,,,1,,,,,3372.5
coast,1790371934,,,1,,,,,3374.2
coast,1790371939,,,1,,,,,3375.4
fix,1790371940,3589.5,7.5,1,3589.3,7.93,10.2,accepted,3589.3
coast,1790371945,,,1,,,,,3621.7
coast,1790371950,,,1,,,,,3643.1
coast,1790371955,,,1,,,,,3657.2
coast,1790371960,,,1,,,,,3666.5
coast,1790371965,,,1,,,,,3672.6
coast,1790371970,,,1,,,,,3676.6
coast,1790371975,,,1,,,,,3679.3
coast,1790371980,,,1,,,,,3681.0
fix,1790371982,3624.5,10.1,1,3624.9,-1.14,10.2,accepted,3624.9
coast,1790371987,,,1,,,,,3620.2
coast,1790371992,,,1,,,,,3617.2
coast,1790371997,,,1,,,,,3615.1
coast,1790372002,,,1,,,,,3613.8
coast,1790372007,,,1,,,,,3612.9
coast,1790372012,,,1,,,,,3612.4
coast,1790372017,,,1,,,,,3612.0
coast,1790372022,,,1,,,,,3611.7
coast,1790372027,,,1,,,,,3611.6
coast,1790372032,,,1,,,,,3611.4
coast,1790372037,,,1,,,,,3611.4
fix,1790372040,3891.1,7.0,1,3891.0,6.33,10.2,accepted,3891.0
coast,1790372045,,,1,,,,,3916.9
coast,1790372050,,,1,,,,,3933.9
coast,1790372055,,,1,,,,,3945.2
coast,1790372060,,,1,,,,,3952.6
coast,1790372065,,,1,,,,,3957.5
coast,1790372070,,,1,,,,,3960.7
coast,1790372075,,,1,,,,,3962.9
coast,1790372080,,,1,,,,,3964.3
coast,1790372085,,,1,,,,,3965.2
coast,1790372090,,,1,,,,,3965.8
coast,1790372095,,,1,,,,,3966.2
fix,1790372100,4097.0,3.8,1,4097.0,2.64,10.2,accepted,4097.0
coast,1790372105,,,1,,,,,4107.8
coast,1790372110,,,1,,,,,4115.0
coast,1790372115,,,1,,,,,4119.7
coast,1790372120,,,1,,,,,4122.8
coast,1790372125,,,1,,,,,4124.8
fix,1790372130,4169.9,1.9,1,4169.9,2.39,10.2,accepted,4169.9
coast,1790372135,,,1,,,,,4179.7
coast,1790372140,,,1,,,,,4186.2
coast,1790372145,,,1,,,,,4190.4
coast,1790372150,,,1,,,,,4193.2
coast,1790372155,,,1,,,,,4195.1
coast,1790372160,,,1,,,,,4196.3
coast,1790372165,,,1,,,,,4197.1
coast,1790372170,,,1,,,,,4197.6
coast,1790372175,,,1,,,,,4198.0
coast,1790372180,,,1,,,,,4198.2
coast,1790372185,,,1,,,,,4198.3
fix,1790372189,4494.7,3.2,1,4494.6,6.55,10.2,accepted,4494.6
coast,1790372194,,,1,,,,,4521.4
coast,1790372199,,,1,,,,,4539.1
coast,1790372204,,,1,,,,,4550.7
coast,1790372209,,,1,,,,,4558.4
coast,1790372214,,,1,,,,,4563.5
coast,1790372219,,,1,,,,,4566.8
coast,1790372224,,,1,,,,,4569.0
coast,1790372229,,,1,,,,,4570.4
coast,1790372234,,,1,,,,,4571.4
fix,1790372235,4788.6,1.3,1,4788.6,6.35,10.2,accepted,4788.6
coast,1790372240,,,1,,,,,4814.6
coast,1790372245,,,1,,,,,4831.7
coast,1790372250,,,1,,,,,4843.0
coast,1790372255,,,1,,,,,4850.5
coast,1790372260,,,1,,,,,4855.4
coast,1790372265,,,1,,,,,4858.6
coast,1790372270,,,1,,,,,4860.7
coast,1790372275,,,1,,,,,4862.1
coast,1790372280,,,1,,,,,4863.1
coast,1790372285,,,1,,,,,4863.7
coast,1790372290,,,1,,,,,4864.1
coast,1790372295,,,1,,,,,4864.3
coast,1790372300,,,1,,,,,4864.5
fix,1790372303,5075.8,5.5,1,5075.8,3.56,10.2,accepted,5075.8
coast,1790372308,,,1,,,,,5090.4
coast,1790372313,,,1,,,,,5100.0
coast,1790372318,,,1,,,,,5106.3
coast,1790372323,,,1,,,,,5110.5
coast,1790372328,,,1,,,,,5113.2
coast,1790372333,,,1,,,,,5115.0
coast,1790372338,,,1,,,,,5116.2
coast,1790372343,,,1,,,,,5117.0
coast,1790372348,,,1,,,,,5117.5
coast,1790372353,,,1,,,,,5117.9
coast,1790372358,,,1,,,,,5118.1
fix,1790372362,5342.3,5.5,1,5342.3,4.76,10.2,accepted,5342.3
coast,1790372367,,,1,,,,,5361.8
coast,1790372372,,,1,,,,,5374.6
coast,1790372377,,,1,,,,,5383.1
coast,1790372382,,,1,,,,,5388.6
coast,1790372387,,,1,,,,,5392.3
coast,1790372392,,,1,,,,,5394.7
coast,1790372397,,,1,,,,,5396.3
fix,1790372401,5370.7,5.0,1,5370.9,-0.12,10.2,accepted,5370.9
coast,1790372406,,,1,,,,,5370.4
coast,1790372411,,,1,,,,,5370.0
coast,1790372416,,,1,,,,,5369.8
coast,1790372421,,,1,,,,,5369.7
coast,1790372426,,,1,,,,,5369.6
coast,1790372431,,,1,,,,,5369.5
coast,1790372436,,,1,,,,,5369.5
fix,1790372441,5403.4,3.1,1,5403.3,1.06,10.2,accepted,5403.3
coast,1790372446,,,1,,,,,5407.6
coast,1790372451,,,1,,,,,5410.5
coast,1790372456,,,1,,,,,5412.4
coast,1790372461,,,1,,,,,5413.6
coast,1790372466,,,1,,,,,5414.4
coast,1790372471,,,1,,,,,5415.0
coast,1790372476,,,1,,,,,5415.3
coast,1790372481,,,1,,,,,5415.5
coast,1790372486,,,1,,,,,5415.7
coast,1790372491,,,1,,,,,5415.8
fix,1790372492,5706.9,4.0,1,5706.8,7.39,10.2,accepted,5706.8
coast,1790372497,,,1,,,,,5737.0
coast,1790372502,,,1,,,,,5756.9
coast,1790372507,,,1,,,,,5770.0
coast,1790372512,,,1,,,,,5778.7
fix,1790372515,5760.1,0.5,1,5760.6,1.51,10.2,accepted,5760.6
coast,1790372520,,,1,,,,,5766.8
coast,1790372525,,,1,,,,,5770.9
coast,1790372530,,,1,,,,,5773.6
fix,1790372535,5793.6,1.8,1,5793.5,1.68,10.2,accepted,5793.5
coast,1790372540,,,1,,,,,5800.4
coast,1790372545,,,1,,,,,5804.9
coast,1790372550,,,1,,,,,5807.9
coast,1790372555,,,1,,,,,5809.9
coast,1790372560,,,1,,,,,5811.2
coast,1790372565,,,1,,,,,5812.0
coast,1790372570,,,1,,,,,5812.6
coast,1790372575,,,1,,,,,5812.9
coast,1790372580,,,1,,,,,5813.2
coast,1790372585,,,1,,,,,5813.3
coast,1790372590,,,1,,,,,5813.4
fix,1790372594,6035.6,4.5,1,6035.5,5.01,10.2,accepted,6035.5
coast,1790372599,,,1,,,,,6055.9
coast,1790372604,,,1,,,,,6069.4
coast,1790372609,,,1,,,,,6078.3
coast,1790372614,,,1,,,,,6084.2
coast,1790372619,,,1,,,,,6088.1
coast,1790372624,,,1,,,,,6090.6
coast,1790372629,,,1,,,,,6092.3
coast,1790372634,,,1,,,,,6093.4
coast,1790372639,,,1,,,,,6094.1
coast,1790372644,,,1,,,,,6094.6
fix,1790372647,6223.8,2.0,1,6223.9,3.18,10.2,accepted,6223.9
coast,1790372652,,,1,,,,,6236.9
coast,1790372657,,,1,,,,,6245.4
coast,1790372662,,,1,,,,,6251.1
coast,1790372667,,,1,,,,,6254.8
coast,1790372672,,,1,,,,,6257.2
fix,1790372675,6447.2,2.4,1,6446.9,8.84,10.2,accepted,6446.9
coast,1790372680,,,1,,,,,6483.0
coast,1790372685,,,1,,,,,6506.9
coast,1790372690,,,1,,,,,6522.6
coast,1790372695,,,1,,,,,6532.9
coast,1790372700,,,1,,,,,6539.8
coast,1790372705,,,1,,,,,6544.3
fix,1790372706,6667.3,2.2,1,6667.5,6.66,10.2,accepted,6667.5
coast,1790372711,,,1,,,,,6694.7
coast,1790372716,,,1,,,,,6712.7
coast,1790372721,,,1,,,,,6724.5
coast,1790372726,,,1,,,,,6732.3
coast,1790372731,,,1,,,,,6737.4
coast,1790372736,,,1,,,,,6740.8
coast,1790372741,,,1,,,,,6743.1
coast,1790372746,,,1,,,,,6744.6
coast,1790372751,,,1,,,,,6745.5
coast,1790372756,,,1,,,,,6746.2
coast,1790372761,,,1,,,,,6746.6
fix,1790372765,6791.7,8.2,1,6791.9,0.57,10.2,accepted,6791.9
coast,1790372770,,,1,,,,,6794.2
coast,1790372775,,,1,,,,,6795.7
coast,1790372780,,,1,,,,,6796.7
coast,1790372785,,,1,,,,,6797.4
coast,1790372790,,,1,,,,,6797.8
coast,1790372795,,,1,,,,,6798.1
coast,1790372800,,,1,,,,,6798.3
coast,1790372805,,,1,,,,,6798.4
coast,1790372810,,,1,,,,,6798.5
coast,1790372815,,,1,,,,,6798.6
fix,1790372817,6852.0,2.2,1,6852.0,1.31,10.2,accepted,6852.0
fix,1790372822,6891.6,4.7,1,6888.4,6.82,9.7,accepted,6888.4
coast,1790372827,,,1,,,,,6916.3
coast,1790372832,,,1,,,,,6934.7
fix,1790372834,6991.7,1.5,1,6991.0,8.70,10.1,accepted,6991.0
coast,1790372839,,,1,,,,,7026.5
coast,1790372844,,,1,,,,,7050.0
coast,1790372849,,,1,,,,,7065.4
fix,1790372854,7122.6,1.9,1,7123.1,6.08,10.2,accepted,7123.1
coast,1790372859,,,1,,,,,7148.0
coast,1790372864,,,1,,,,,7164.4
coast,1790372869,,,1,,,,,7175.2
coast,1790372874,,,1,,,,,7182.3
coast,1790372879,,,1,,,,,7187.0
coast,1790372884,,,1,,,,,7190.1
coast,1790372889,,,1,,,,,7192.2
coast,1790372894,,,1,,,,,7193.5
coast,1790372899,,,1,,,,,7194.4
coast,1790372904,,,1,,,,,7195.0
coast,1790372909,,,1,,,,,7195.4
coast,1790372914,,,1,,,,,7195.6
coast,1790372919,,,1,,,,,7195.8
coast,1790372924,,,1,,,,,7195.9
fix,1790372926,7273.4,1.3,1,7273.5,0.52,10.2,accepted,7273.5
coast,1790372931,,,1,,,,,7275.6
coast,1790372936,,,1,,,,,7277.0
coast,1790372941,,,1,,,,,7277.9
coast,1790372946,,,1,,,,,7278.5
coast,1790372951,,,1,,,,,7278.9
coast,1790372956,,,1,,,,,7279.2
coast,1790372961,,,1,,,,,7279.3
coast,1790372966,,,1,,,,,7279.5
coast,1790372971,,,1,,,,,7279.5
fix,1790372976,7307.5,18.7,1,7307.5,0.72,10.2,accepted,7307.5
coast,1790372981,,,1,,,,,7310.4
coast,1790372986,,,1,,,,,7312.4
coast,1790372991,,,1,,,,,7313.7
coast,1790372996,,,1,,,,,7314.5
coast,1790373001,,,1,,,,,7315.1
coast,1790373006,,,1,,,,,7315.4
coast,1790373011,,,1,,,,,7315.7
coast,1790373016,,,1,,,,,7315.8
coast,1790373021,,,1,,,,,7315.9
coast,1790373026,,,1,,,,,7316.0
coast,1790373031,,,1,,,,,7316.0
coast,1790373036,,,1,,,,,7316.1
coast,1790373041,,,1,,,,,7316.1
coast,1790373046,,,1,,,,,7316.1
coast,1790373051,,,1,,,,,7316.1
coast,1790373056,,,1,,,,,7316.1
coast,1790373061,,,1,,,,,7316.1
coast,1790373066,,,1,,,,,7316.1
coast,1790373071,,,1,,,,,7316.1
coast,1790373076,,,1,,,,,7316.1
coast,1790373081,,,1,,,,,7316.1
coast,1790373086,,,1,,,,,7316.1
coast,1790373091,,,1,,,,,7316.1
coast,1790373096,,,1,,,,,7316.1
coast,1790373101,,,1,,,,,7316.1
coast,1790373106,,,1,,,,,7316.1
coast,1790373111,,,1,,,,,7316.1
coast,1790373116,,,1,,,,,7316.1
coast,1790373121,,,1,,,,,7316.1
coast,1790373126,,,1,,,,,7316.1
coast,1790373131,,,1,,,,,7316.1
coast,1790373136,,,1,,,,,7316.1
coast,1790373141,,,1,,,,,7316.1
coast,1790373146,,,1,,,,,7316.1
coast,1790373151,,,1,,,,,7316.1
coast,1790373156,,,1,,,,,7316.1
coast,1790373161,,,1,,,,,7316.1
coast,1790373166,,,1,,,,,7316.1
coast,1790373171,,,1,,,,,7316.1
coast,1790373176,,,1,,,,,7316.1
coast,1790373181,,,1,,,,,7316.1
coast,1790373186,,,1,,,,,7316.1
coast,1790373191,,,1,,,,,7316.1
coast,1790373196,,,1,,,,,7316.1
coast,1790373201,,,1,,,,,7316.1
coast,1790373206,,,1,,,,,7316.1
coast,1790373211,,,1,,,,,7316.1
coast,1790373216,,,1,,,,,7316.1
coast,1790373221,,,1,,,,,7316.1
coast,1790373226,,,1,,,,,7316.1
coast,1790373231,,,1,,,,,7316.1
coast,1790373236,,,1,,,,,7316.1
coast,1790373241,,,1,,,,,7316.1
coast,1790373246,,,1,,,,,7316.1
coast,1790373251,,,1,,,,,7316.1
coast,1790373256,,,1,,,,,7316.1
coast,1790373261,,,1,,,,,7316.1
coast,1790373266,,,1,,,,,7316.1
coast,1790373271,,,1,,,,,7316.1
coast,1790373276,,,1,,,,,7316.1
coast,1790373281,,,1,,,,,7316.1
coast,1790373286,,,1,,,,,7316.1
coast,1790373291,,,1,,,,,7316.1
coast,1790373296,,,1,,,,,7316.1
coast,1790373301,,,1,,,,,7316.1
coast,1790373306,,,1,,,,,7316.1
coast,1790373311,,,1,,,,,7316.1
coast,1790373316,,,1,,,,,7316.1
coast,1790373321,,,1,,,,,7316.1
coast,1790373326,,,1,,,,,7316.1
coast,1790373331,,,1,,,,,7316.1
coast,1790373336,,,1,,,,,7316.1
coast,1790373341,,,1,,,,,7316.1
coast,1790373346,,,1,,,,,7316.1
coast,1790373351,,,1,,,,,7316.1
coast,1790373356,,,1,,,,,7316.1
coast,1790373361,,,1,,,,,7316.1
coast,1790373366,,,1,,,,,7316.1
coast,1790373371,,,1,,,,,7316.1
coast,1790373376,,,1,,,,,7316.1
coast,1790373381,,,1,,,,,7316.1
coast,1790373386,,,1,,,,,7316.1
coast,1790373391,,,1,,,,,7316.1
coast,1790373396,,,1,,,,,7316.1
coast,1790373401,,,1,,,,,7316.1
coast,1790373406,,,1,,,,,7316.1
coast,1790373411,,,1,,,,,7316.1
coast,1790373416,,,1,,,,,7316.1
coast,1790373421,,,1,,,,,7316.1
coast,1790373426,,,1,,,,,7316.1
coast,1790373431,,,1,,,,,7316.1
coast,1790373436,,,1,,,,,7316.1
coast,1790373441,,,1,,,,,7316.1
coast,1790373446,,,1,,,,,7316.1
coast,1790373451,,,1,,,,,7316.1
coast,1790373456,,,1,,,,,7316.1
coast,1790373461,,,1,,,,,7316.1
coast,1790373466,,,1,,,,,7316.1
fix,1790373468,7307.5,8.7,1,7307.5,-0.33,10.2,accepted,7307.5
coast,1790373473,,,1,,,,,7306.2
coast,1790373478,,,1,,,,,7305.3
coast,1790373483,,,1,,,,,7304.7
coast,1790373488,,,1,,,,,7304.3
coast,1790373493,,,1,,,,,7304.1
coast,1790373498,,,1,,,,,7303.9
coast,1790373503,,,1,,,,,7303.8
coast,1790373508,,,1,,,,,7303.7
coast,1790373513,,,1,,,,,7303.7
coast,1790373518,,,1,,,,,7303.6
coast,1790373523,,,1,,,,,7303.6
coast,1790373528,,,1,,,,,7303.6
coast,1790373533,,,1,,,,,7303.6
coast,1790373538,,,1,,,,,7303.6
coast,1790373543,,,1,,,,,7303.6
coast,1790373548,,,1,,,,,7303.6
coast,1790373553,,,1,,,,,7303.6
coast,1790373558,,,1,,,,,7303.6
coast,1790373563,,,1,,,,,7303.6
coast,1790373568,,,1,,,,,7303.6
coast,1790373573,,,1,,,,,7303.6
coast,1790373578,,,1,,,,,7303.6
coast,1790373583,,,1,,,,,7303.6
coast,1790373588,,,1,,,,,7303.6
coast,1790373593,,,1,,,,,7303.6
coast,1790373598,,,1,,,,,7303.6
coast,1790373603,,,1,,,,,7303.6
coast,1790373608,,,1,,,,,7303.6
coast,1790373613,,,1,,,,,7303.6
coast,1790373618,,,1,,,,,7303.6
coast,1790373623,,,1,,,,,7303.6
coast,1790373628,,,1,,,,,7303.6
coast,1790373633,,,1,,,,,7303.6
coast,1790373638,,,1,,,,,7303.6
coast,1790373643,,,1,,,,,7303.6
fix,1790373645,7350.2,1.1,1,7350.2,0.33,10.2,accepted,7350.2
coast,1790373650,,,1,,,,,7351.6
coast,1790373655,,,1,,,,,7352.5
coast,1790373660,,,1,,,,,7353.0
fix,1790373661,7172.7,4.1,1,7173.3,-11.52,10.2,accepted,7173.3
coast,1790373666,,,1,,,,,7126.2
coast,1790373671,,,1,,,,,7095.1
coast,1790373676,,,1,,,,,7074.7
coast,1790373681,,,1,,,,,7061.2
coast,1790373686,,,1,,,,,7052.3
coast,1790373691,,,1,,,,,7046.4
coast,1790373696,,,1,,,,,7042.5
coast,1790373701,,,1,,,,,7040.0
coast,1790373706,,,1,,,,,7038.3
coast,1790373711,,,1,,,,,7037.2
coast,1790373716,,,1,,,,,7036.5
coast,1790373721,,,1,,,,,7036.0
coast,1790373726,,,1,,,,,7035.7
coast,1790373731,,,1,,,,,7035.5
coast,1790373736,,,1,,,,,7035.3
coast,1790373741,,,1,,,,,7035.2
coast,1790373746,,,1,,,,,7035.2
coast,1790373751,,,1,,,,,7035.1
coast,1790373756,,,1,,,,,7035.1
coast,1790373761,,,1,,,,,7035.1
coast,1790373766,,,1,,,,,7035.1
coast,1790373771,,,1,,,,,7035.1
coast,1790373776,,,1,,,,,7035.1
coast,1790373781,,,1,,,,,7035.1
coast,1790373786,,,1,,,,,7035.1
coast,1790373791,,,1,,,,,7035.1
coast,1790373796,,,1,,,,,7035.1
coast,1790373801,,,1,,,,,7035.1
coast,1790373806,,,1,,,,,7035.1
coast,1790373811,,,1,,,,,7035.1
coast,1790373816,,,1,,,,,7035.1
coast,1790373821,,,1,,,,,7035.1
coast,1790373826,,,1,,,,,7035.1
coast,1790373831,,,1,,,,,7035.1
coast,1790373836,,,1,,,,,7035.1
coast,1790373841,,,1,,,,,7035.1
coast,1790373846,,,1,,,,,7035.1
coast,1790373851,,,1,,,,,7035.1
coast,1790373856,,,1,,,,,7035.1
coast,1790373861,,,1,,,,,7035.1
coast,1790373866,,,1,,,,,7035.1
coast,1790373871,,,1,,,,,7035.1
coast,1790373876,,,1,,,,,7035.1
coast,1790373881,,,1,,,,,7035.1
coast,1790373886,,,1,,,,,7035.1
coast,1790373891,,,1,,,,,7035.1
coast,1790373896,,,1,,,,,7035.1
coast,1790373901,,,1,,,,,7035.1
coast,1790373906,,,1,,,,,7035.1
coast,1790373911,,,1,,,,,7035.1
coast,1790373916,,,1,,,,,7035.1
coast,1790373921,,,1,,,,,7035.1
coast,1790373926,,,1,,,,,7035.1
coast,1790373931,,,1,,,,,7035.1
coast,1790373936,,,1,,,,,7035.1
coast,1790373941,,,1,,,,,7035.1
coast,1790373946,,,1,,,,,7035.1
coast,1790373951,,,1,,,,,7035.1
coast,1790373956,,,1,,,,,7035.1
coast,1790373961,,,1,,,,,7035.1
coast,1790373966,,,1,,,,,7035.1
coast,1790373971,,,1,,,,,7035.1
coast,1790373976,,,1,,,,,7035.1
coast,1790373981,,,1,,,,,7035.1
coast,1790373986,,,1,,,,,7035.1
coast,1790373991,,,1,,,,,7035.1
coast,1790373996,,,1,,,,,7035.1
coast,1790374001,,,1,,,,,7035.1
coast,1790374006,,,1,,,,,7035.1
coast,1790374011,,,1,,,,,7035.1
coast,1790374016,,,1,,,,,7035.1
coast,1790374021,,,1,,,,,7035.1
coast,1790374026,,,1,,,,,7035.1
coast,1790374031,,,1,,,,,7035.1
coast,1790374036,,,1,,,,,7035.1
coast,1790374041,,,1,,,,,7035.1
coast,1790374046,,,1,,,,,7035.1
coast,1790374051,,,1,,,,,7035.1
coast,1790374056,,,1,,,,,7035.1
coast,1790374061,,,1,,,,,7035.1
coast,1790374066,,,1,,,,,7035.1
coast,1790374071,,,1,,,,,7035.1
coast,1790374076,,,1,,,,,7035.1
coast,1790374081,,,1,,,,,7035.1
coast,1790374086,,,1,,,,,7035.1
coast,1790374091,,,1,,,,,7035.1
coast,1790374096,,,1,,,,,7035.1
coast,1790374101,,,1,,,,,7035.1
coast,1790374106,,,1,,,,,7035.1
coast,1790374111,,,1,,,,,7035.1
coast,1790374116,,,1,,,,,7035.1
coast,1790374121,,,1,,,,,7035.1
coast,1790374126,,,1,,,,,7035.1
coast,1790374131,,,1,,,,,7035.1
coast,1790374136,,,1,,,,,7035.1
coast,1790374141,,,1,,,,,7035.1
coast,1790374146,,,1,,,,,7035.1
coast,1790374151,,,1,,,,,7035.1
coast,1790374156,,,1,,,,,7035.1
coast,1790374161,,,1,,,,,7035.1
coast,1790374166,,,1,,,,,7035.1
coast,1790374171,,,1,,,,,7035.1
coast,1790374176,,,1,,,,,7035.1
coast,1790374181,,,1,,,,,7035.1
coast,1790374186,,,1,,,,,7035.1
coast,1790374191,,,1,,,,,7035.1
coast,1790374196,,,1,,,,,7035.1
coast,1790374201,,,1,,,,,7035.1
coast,1790374206,,,1,,,,,7035.1
coast,1790374211,,,1,,,,,7035.1
coast,1790374216,,,1,,,,,7035.1
coast,1790374221,,,1,,,,,7035.1
coast,1790374226,,,1,,,,,7035.1
coast,1790374231,,,1,,,,,7035.1
coast,1790374236,,,1,,,,,7035.1
coast,1790374241,,,1,,,,,7035.1
coast,1790374246,,,1,,,,,7035.1
coast,1790374251,,,1,,,,,7035.1
coast,1790374256,,,1,,,,,7035.1
coast,1790374261,,,1,,,,,7035.1
coast,1790374266,,,1,,,,,7035.1
coast,1790374271,,,1,,,,,7035.1
coast,1790374276,,,1,,,,,7035.1
coast,1790374281,,,1,,,,,7035.1
coast,1790374286,,,1,,,,,7035.1
coast,1790374291,,,1,,,,,7035.1
coast,1790374296,,,1,,,,,7035.1
coast,1790374301,,,1,,,,,7035.1
coast,1790374306,,,1,,,,,7035.1
coast,1790374311,,,1,,,,,7035.1
coast,1790374316,,,1,,,,,7035.1
coast,1790374321,,,1,,,,,7035.1
coast,1790374326,,,1,,,,,7035.1
coast,1790374331,,,1,,,,,7035.1
coast,1790374336,,,1,,,,,7035.1
coast,1790374341,,,1,,,,,7035.1
coast,1790374346,,,1,,,,,7035.1
coast,1790374351,,,1,,,,,7035.1
coast,1790374356,,,1,,,,,7035.1
coast,1790374361,,,1,,,,,7035.1
coast,1790374366,,,1,,,,,7035.1
coast,1790374371,,,1,,,,,7035.1
coast,1790374376,,,1,,,,,7035.1
coast,1790374381,,,1,,,,,7035.1
coast,1790374386,,,1,,,,,7035.1
coast,1790374391,,,1,,,,,7035.1
coast,1790374396,,,1,,,,,7035.1
coast,1790374401,,,1,,,,,7035.1
coast,1790374406,,,1,,,,,7035.1
coast,1790374411,,,1,,,,,7035.1
coast,1790374416,,,1,,,,,7035.1
coast,1790374421,,,1,,,,,7035.1
coast,1790374426,,,1,,,,,7035.1
coast,1790374431,,,1,,,,,7035.1
coast,1790374436,,,1,,,,,7035.1
coast,1790374441,,,1,,,,,7035.1
coast,1790374446,,,1,,,,,7035.1
coast,1790374451,,,1,,,,,7035.1
coast,1790374456,,,1,,,,,7035.1
coast,1790374461,,,1,,,,,7035.1
coast,1790374466,,,1,,,,,7035.1
coast,1790374471,,,1,,,,,7035.1
coast,1790374476,,,1,,,,,7035.1
coast,1790374481,,,1,,,,,7035.1
coast,1790374486,,,1,,,,,7035.1
coast,1790374491,,,1,,,,,7035.1
coast,1790374496,,,1,,,,,7035.1
coast,1790374501,,,1,,,,,7035.1
coast,1790374506,,,1,,,,,7035.1
coast,1790374511,,,1,,,,,7035.1
coast,1790374516,,,1,,,,,7035.1
coast,1790374521,,,1,,,,,7035.1
coast,1790374526,,,1,,,,,7035.1
coast,1790374531,,,1,,,,,7035.1
coast,1790374536,,,1,,,,,7035.1
coast,1790374541,,,1,,,,,7035.1
coast,1790374546,,,1,,,,,7035.1
coast,1790374551,,,1,,,,,7035.1
coast,1790374556,,,1,,,,,7035.1
coast,1790374561,,,1,,,,,7035.1
coast,1790374566,,,1,,,,,7035.1
coast,1790374571,,,1,,,,,7035.1
coast,1790374576,,,1,,,,,7035.1
coast,1790374581,,,1,,,,,7035.1
coast,1790374586,,,1,,,,,7035.1
coast,1790374591,,,1,,,,,7035.1
coast,1790374596,,,1,,,,,7035.1
coast,1790374601,,,1,,,,,7035.1
coast,1790374606,,,1,,,,,7035.1
coast,1790374611,,,1,,,,,7035.1
coast,1790374616,,,1,,,,,7035.1
coast,1790374621,,,1,,,,,7035.1
coast,1790374626,,,1,,,,,7035.1
coast,1790374631,,,1,,,,,7035.1
coast,1790374636,,,1,,,,,7035.1
coast,1790374641,,,1,,,,,7035.1
coast,1790374646,,,1,,,,,7035.1
coast,1790374651,,,1,,,,,7035.1
coast,1790374656,,,1,,,,,7035.1
coast,1790374661,,,1,,,,,7035.1
coast,1790374666,,,1,,,,,7035.1
coast,1790374671,,,1,,,,,7035.1
coast,1790374676,,,1,,,,,7035.1
coast,1790374681,,,1,,,,,7035.1
coast,1790374686,,,1,,,,,7035.1
coast,1790374691,,,1,,,,,7035.1
coast,1790374696,,,1,,,,,7035.1
coast,1790374701,,,1,,,,,7035.1
coast,1790374706,,,1,,,,,7035.1
coast,1790374711,,,1,,,,,7035.1
coast,1790374716,,,1,,,,,7035.1
coast,1790374721,,,1,,,,,7035.1
coast,1790374726,,,1,,,,,7035.1
coast,1790374731,,,1,,,,,7035.1
coast,1790374736,,,1,,,,,7035.1
coast,1790374741,,,1,,,,,7035.1
coast,1790374746,,,1,,,,,7035.1
coast,1790374751,,,1,,,,,7035.1
coast,1790374756,,,1,,,,,7035.1
coast,1790374761,,,1,,,,,7035.1
coast,1790374766,,,1,,,,,7035.1
coast,1790374771,,,1,,,,,7035.1
coast,1790374776,,,1,,,,,7035.1
coast,1790374781,,,1,,,,,7035.1
coast,1790374786,,,1,,,,,7035.1
coast,1790374791,,,1,,,,,7035.1
coast,1790374796,,,1,,,,,7035.1
coast,1790374801,,,1,,,,,7035.1
coast,1790374806,,,1,,,,,7035.1
coast,1790374811,,,1,,,,,7035.1
coast,1790374816,,,1,,,,,7035.1
coast,1790374821,,,1,,,,,7035.1
coast,1790374826,,,1,,,,,7035.1
coast,1790374831,,,1,,,,,7035.1
coast,1790374836,,,1,,,,,7035.1
coast,1790374841,,,1,,,,,7035.1
coast,1790374846,,,1,,,,,7035.1
coast,1790374851,,,1,,,,,7035.1
coast,1790374856,,,1,,,,,7035.1
coast,1790374861,,,1,,,,,7035.1
coast,1790374866,,,1,,,,,7035.1
coast,1790374871,,,1,,,,,7035.1
coast,1790374876,,,1,,,,,7035.1
coast,1790374881,,,1,,,,,7035.1
coast,1790374886,,,1,,,,,7035.1
coast,1790374891,,,1,,,,,7035.1
coast,1790374896,,,1,,,,,7035.1
coast,1790374901,,,1,,,,,7035.1
coast,1790374906,,,1,,,,,7035.1
coast,1790374911,,,1,,,,,7035.1
coast,1790374916,,,1,,,,,7035.1
coast,1790374921,,,1,,,,,7035.1
coast,1790374926,,,1,,,,,7035.1
coast,1790374931,,,1,,,,,7035.1
coast,1790374936,,,1,,,,,7035.1
coast,1790374941,,,1,,,,,7035.1
coast,1790374946,,,1,,,,,7035.1
coast,1790374951,,,1,,,,,7035.1
coast,1790374956,,,1,,,,,7035.1
coast,1790374961,,,1,,,,,7035.1
coast,1790374966,,,1,,,,,7035.1
coast,1790374971,,,1,,,,,7035.1
coast,1790374976,,,1,,,,,7035.1
coast,1790374981,,,1,,,,,7035.1
coast,1790374986,,,1,,,,,7035.1
coast,1790374991,,,1,,,,,7035.1
coast,1790374996,,,1,,,,,7035.1
coast,1790375001,,,1,,,,,7035.1
coast,1790375006,,,1,,,,,7035.1
coast,1790375011,,,1,,,,,7035.1
coast,1790375016,,,1,,,,,7035.1
coast,1790375021,,,1,,,,,7035.1
coast,1790375026,,,1,,,,,7035.1
coast,1790375031,,,1,,,,,7035.1
coast,1790375036,,,1,,,,,7035.1
coast,1790375041,,,1,,,,,7035.1
coast,1790375046,,,1,,,,,7035.1
coast,1790375051,,,1,,,,,7035.1
coast,1790375056,,,1,,,,,7035.1
coast,1790375061,,,1,,,,,7035.1
coast,1790375066,,,1,,,,,7035.1
coast,1790375071,,,1,,,,,7035.1
coast,1790375076,,,1,,,,,7035.1
coast,1790375081,,,1,,,,,7035.1
coast,1790375086,,,1,,,,,7035.1
coast,1790375091,,,1,,,,,7035.1
coast,1790375096,,,1,,,,,7035.1
coast,1790375101,,,1,,,,,7035.1
coast,1790375106,,,1,,,,,7035.1
coast,1790375111,,,1,,,,,7035.1
coast,1790375116,,,1,,,,,7035.1
coast,1790375121,,,1,,,,,7035.1
coast,1790375126,,,1,,,,,7035.1
coast,1790375131,,,1,,,,,7035.1
coast,1790375136,,,1,,,,,7035.1
coast,1790375141,,,1,,,,,7035.1
coast,1790375146,,,1,,,,,7035.1
coast,1790375151,,,1,,,,,7035.1
coast,1790375156,,,1,,,,,7035.1
coast,1790375161,,,1,,,,,7035.1
coast,1790375166,,,1,,,,,7035.1
coast,1790375171,,,1,,,,,7035.1
coast,1790375176,,,1,,,,,7035.1
coast,1790375181,,,1,,,,,7035.1
coast,1790375186,,,1,,,,,7035.1
coast,1790375191,,,1,,,,,7035.1
coast,1790375196,,,1,,,,,7035.1
coast,1790375201,,,1,,,,,7035.1
coast,1790375206,,,1,,,,,7035.1
coast,1790375211,,,1,,,,,7035.1
coast,1790375216,,,1,,,,,7035.1
coast,1790375221,,,1,,,,,7035.1
coast,1790375226,,,1,,,,,7035.1
coast,1790375231,,,1,,,,,7035.1
coast,1790375236,,,1,,,,,7035.1
coast,1790375241,,,1,,,,,7035.1
coast,1790375246,,,1,,,,,7035.1
coast,1790375251,,,1,,,,,7035.1
coast,1790375256,,,1,,,,,7035.1
coast,1790375261,,,1,,,,,7035.1
coast,1790375266,,,1,,,,,7035.1
coast,1790375271,,,1,,,,,7035.1
coast,1790375276,,,1,,,,,7035.1
coast,1790375281,,,1,,,,,7035.1
coast,1790375286,,,1,,,,,7035.1
coast,1790375291,,,1,,,,,7035.1
coast,1790375296,,,1,,,,,7035.1
coast,1790375301,,,1,,,,,7035.1
coast,1790375306,,,1,,,,,7035.1
coast,1790375311,,,1,,,,,7035.1
coast,1790375316,,,1,,,,,7035.1
coast,1790375321,,,1,,,,,7035.1
coast,1790375326,,,1,,,,,7035.1
coast,1790375331,,,1,,,,,7035.1
coast,1790375336,,,1,,,,,7035.1
coast,1790375341,,,1,,,,,7035.1
coast,1790375346,,,1,,,,,7035.1
coast,1790375351,,,1,,,,,7035.1
coast,1790375356,,,1,,,,,7035.1
coast,1790375361,,,1,,,,,7035.1
coast,1790375366,,,1,,,,,7035.1
coast,1790375371,,,1,,,,,7035.1
coast,1790375376,,,1,,,,,7035.1
coast,1790375381,,,1,,,,,7035.1
coast,1790375386,,,1,,,,,7035.1
coast,1790375391,,,1,,,,,7035.1
coast,1790375396,,,1,,,,,7035.1
coast,1790375401,,,1,,,,,7035.1
coast,1790375406,,,1,,,,,7035.1
coast,1790375411,,,1,,,,,7035.1
coast,1790375416,,,1,,,,,7035.1
coast,1790375421,,,1,,,,,7035.1
coast,1790375426,,,1,,,,,7035.1
coast,1790375431,,,1,,,,,7035.1
coast,1790375436,,,1,,,,,7035.1
coast,1790375441,,,1,,,,,7035.1
coast,1790375446,,,1,,,,,7035.1
coast,1790375451,,,1,,,,,7035.1
coast,1790375456,,,1,,,,,7035.1
coast,1790375461,,,1,,,,,7035.1
coast,1790375466,,,1,,,,,7035.1
coast,1790375471,,,1,,,,,7035.1
coast,1790375476,,,1,,,,,7035.1
coast,1790375481,,,1,,,,,7035.1
coast,1790375486,,,1,,,,,7035.1
coast,1790375491,,,1,,,,,7035.1
coast,1790375496,,,1,,,,,7035.1
coast,1790375501,,,1,,,,,7035.1
coast,1790375506,,,1,,,,,7035.1
coast,1790375511,,,1,,,,,7035.1
fix,1790375513,6408.6,5774.1,0,,,,,
fix,1790376147,0.0,12.3,1,0.0,0.00,9.7,accepted,0.0
coast,1790376152,,,1,,,,,0.0
coast,1790376157,,,1,,,,,0.0
coast,1790376162,,,1,,,,,0.0
coast,1790376167,,,1,,,,,0.0
coast,1790376172,,,1,,,,,0.0
coast,1790376177,,,1,,,,,0.0
coast,1790376182,,,1,,,,,0.0
coast,1790376187,,,1,,,,,0.0
coast,1790376192,,,1,,,,,0.0
coast,1790376197,,,1,,,,,0.0
coast,1790376202,,,1,,,,,0.0
coast,1790376207,,,1,,,,,0.0
coast,1790376212,,,1,,,,,0.0
coast,1790376217,,,1,,,,,0.0
coast,1790376222,,,1,,,,,0.0
coast,1790376227,,,1,,,,,0.0
fix,1790376228,133.4,13.1,1,133.4,2.35,10.2,accepted,133.4
fix,1790376229,133.4,13.1,1,134.4,1.94,7.9,accepted,134.4
coast,1790376234,,,1,,,,,142.3
coast,1790376239,,,1,,,,,147.6
coast,1790376244,,,1,,,,,151.0
coast,1790376249,,,1,,,,,153.3
coast,1790376254,,,1,,,,,154.8
coast,1790376259,,,1,,,,,155.8
coast,1790376264,,,1,,,,,156.5
coast,1790376269,,,1,,,,,156.9
fix,1790376271,193.5,9.5,1,193.6,1.30,10.2,accepted,193.6
coast,1790376276,,,1,,,,,198.9
coast,1790376281,,,1,,,,,202.4
coast,1790376286,,,1,,,,,204.7
coast,1790376291,,,1,,,,,206.2
coast,1790376296,,,1,,,,,207.2
coast,1790376301,,,1,,,,,207.9
coast,1790376306,,,1,,,,,208.3
coast,1790376311,,,1,,,,,208.6
coast,1790376316,,,1,,,,,208.8
coast,1790376321,,,1,,,,,208.9
fix,1790376324,276.6,4.5,1,276.6,1.64,10.2,accepted,276.6
coast,1790376329,,,1,,,,,283.3
fix,1790376330,305.5,3.9,1,304.1,4.49,9.9,accepted,304.1
coast,1790376335,,,1,,,,,322.5
coast,1790376340,,,1,,,,,334.6
coast,1790376345,,,1,,,,,342.6
coast,1790376350,,,1,,,,,347.9
coast,1790376355,,,1,,,,,351.3
coast,1790376360,,,1,,,,,353.6
coast,1790376365,,,1,,,,,355.1
coast,1790376370,,,1,,,,,356.1
fix,1790376371,378.2,32.9,1,378.4,0.87,10.2,accepted,378.4
coast,1790376376,,,1,,,,,382.0
coast,1790376381,,,1,,,,,384.3
coast,1790376386,,,1,,,,,385.8
coast,1790376391,,,1,,,,,386.9
coast,1790376396,,,1,,,,,387.5
coast,1790376401,,,1,,,,,388.0
coast,1790376406,,,1,,,,,388.3
coast,1790376411,,,1,,,,,388.5
coast,1790376416,,,1,,,,,388.6
coast,1790376421,,,1,,,,,388.7
coast,1790376426,,,1,,,,,388.7
coast,1790376431,,,1,,,,,388.8
coast,1790376436,,,1,,,,,388.8
fix,1790376441,441.0,65.2,1,441.0,0.90,10.2,accepted,441.0
coast,1790376446,,,1,,,,,444.7
coast,1790376451,,,1,,,,,447.2
coast,1790376456,,,1,,,,,448.8
coast,1790376461,,,1,,,,,449.8
coast,1790376466,,,1,,,,,450.5
coast,1790376471,,,1,,,,,451.0
coast,1790376476,,,1,,,,,451.3
fix,1790376478,607.7,5.2,1,607.5,5.19,10.2,accepted,607.5
coast,1790376483,,,1,,,,,628.7
coast,1790376488,,,1,,,,,642.7
coast,1790376493,,,1,,,,,651.9
coast,1790376498,,,1,,,,,658.0
coast,1790376503,,,1,,,,,662.0
coast,1790376508,,,1,,,,,664.7
coast,1790376513,,,1,,,,,666.4
coast,1790376518,,,1,,,,,667.6
coast,1790376523,,,1,,,,,668.3
coast,1790376528,,,1,,,,,668.8
fix,1790376530,639.9,4.4,1,640.1,-0.74,10.2,accepted,640.1
coast,1790376535,,,1,,,,,637.1
coast,1790376540,,,1,,,,,635.1
coast,1790376545,,,1,,,,,633.7
coast,1790376550,,,1,,,,,632.9
coast,1790376555,,,1,,,,,632.3
coast,1790376560,,,1,,,,,631.9
coast,1790376565,,,1,,,,,631.7
coast,1790376570,,,1,,,,,631.5
coast,1790376575,,,1,,,,,631.4
coast,1790376580,,,1,,,,,631.3
coast,1790376585,,,1,,,,,631.3
fix,1790376589,873.8,0.9,1,873.6,5.29,10.2,accepted,873.6
coast,1790376594,,,1,,,,,895.3
coast,1790376599,,,1,,,,,909.5
coast,1790376604,,,1,,,,,918.9
coast,1790376609,,,1,,,,,925.1
coast,1790376614,,,1,,,,,929.2
coast,1790376619,,,1,,,,,931.9
coast,1790376624,,,1,,,,,933.7
coast,1790376629,,,1,,,,,934.9
coast,1790376634,,,1,,,,,935.6
coast,1790376639,,,1,,,,,936.1
coast,1790376644,,,1,,,,,936.5
fix,1790376647,1150.7,9.9,1,1150.7,4.64,10.2,accepted,1150.7
coast,1790376652,,,1,,,,,1169.7
coast,1790376657,,,1,,,,,1182.2
coast,1790376662,,,1,,,,,1190.5
fix,1790376666,1193.9,8.3,1,1194.2,1.99,10.2,accepted,1194.2
coast,1790376671,,,1,,,,,1202.3
coast,1790376676,,,1,,,,,1207.7
coast,1790376681,,,1,,,,,1211.2
coast,1790376686,,,1,,,,,1213.6
coast,1790376691,,,1,,,,,1215.1
coast,1790376696,,,1,,,,,1216.1
coast,1790376701,,,1,,,,,1216.8
coast,1790376706,,,1,,,,,1217.2
coast,1790376711,,,1,,,,,1217.5
coast,1790376716,,,1,,,,,1217.7
coast,1790376721,,,1,,,,,1217.8
fix,1790376725,1352.5,5.9,1,1352.5,2.94,10.2,accepted,1352.5
coast,1790376730,,,1,,,,,1364.5
coast,1790376735,,,1,,,,,1372.4
coast,1790376740,,,1,,,,,1377.7
coast,1790376745,,,1,,,,,1381.1
coast,1790376750,,,1,,,,,1383.4
coast,1790376755,,,1,,,,,1384.9
coast,1790376760,,,1,,,,,1385.9
coast,1790376765,,,1,,,,,1386.5
coast,1790376770,,,1,,,,,1387.0
coast,1790376775,,,1,,,,,1387.2
coast,1790376780,,,1,,,,,1387.4
fix,1790376784,1678.8,3.7,1,1678.8,6.24,10.2,accepted,1678.8
coast,1790376789,,,1,,,,,1704.3
coast,1790376794,,,1,,,,,1721.1
coast,1790376799,,,1,,,,,1732.2
coast,1790376804,,,1,,,,,1739.5
coast,1790376809,,,1,,,,,1744.3
coast,1790376814,,,1,,,,,1747.5
coast,1790376819,,,1,,,,,1749.6
coast,1790376824,,,1,,,,,1751.0
coast,1790376829,,,1,,,,,1751.9
coast,1790376834,,,1,,,,,1752.5
fix,1790376836,1813.2,2.1,1,1813.3,1.67,10.2,accepted,1813.3
coast,1790376841,,,1,,,,,1820.2
coast,1790376846,,,1,,,,,1824.7
coast,1790376851,,,1,,,,,1827.6
coast,1790376856,,,1,,,,,1829.6
coast,1790376861,,,1,,,,,1830.9
coast,1790376866,,,1,,,,,1831.7
coast,1790376871,,,1,,,,,1832.3
coast,1790376876,,,1,,,,,1832.7
coast,1790376881,,,1,,,,,1832.9
coast,1790376886,,,1,,,,,1833.1
coast,1790376891,,,1,,,,,1833.2
fix,1790376895,2115.0,3.4,1,2114.9,6.08,10.2,accepted,2114.9
coast,1790376900,,,1,,,,,2139.8
coast,1790376905,,,1,,,,,2156.1
coast,1790376910,,,1,,,,,2166.9
coast,1790376915,,,1,,,,,2174.0
coast,1790376920,,,1,,,,,2178.7
coast,1790376925,,,1,,,,,2181.8
coast,1790376930,,,1,,,,,2183.9
fix,1790376934,2148.3,1.9,1,2148.5,-0.25,10.2,accepted,2148.5
coast,1790376939,,,1,,,,,2147.5
coast,1790376944,,,1,,,,,2146.8
coast,1790376949,,,1,,,,,2146.3
coast,1790376954,,,1,,,,,2146.1
coast,1790376959,,,1,,,,,2145.9
coast,1790376964,,,1,,,,,2145.7
coast,1790376969,,,1,,,,,2145.6
coast,1790376974,,,1,,,,,2145.6
coast,1790376979,,,1,,,,,2145.5
coast,1790376984,,,1,,,,,2145.5
coast,1790376989,,,1,,,,,2145.5
coast,1790376994,,,1,,,,,2145.5
coast,1790376999,,,1,,,,,2145.5
coast,1790377004,,,1,,,,,2145.5
coast,1790377009,,,1,,,,,2145.5
coast,1790377014,,,1,,,,,2145.5
coast,1790377019,,,1,,,,,2145.5
coast,1790377024,,,1,,,,,2145.5
coast,1790377029,,,1,,,,,2145.5
coast,1790377034,,,1,,,,,2145.5
coast,1790377039,,,1,,,,,2145.5
coast,1790377044,,,1,,,,,2145.5
fix,1790377046,2196.3,4.5,1,2196.3,0.68,10.2,accepted,2196.3
coast,1790377051,,,1,,,,,2199.1
coast,1790377056,,,1,,,,,2200.9
coast,1790377061,,,1,,,,,2202.1
coast,1790377066,,,1,,,,,2202.9
coast,1790377071,,,1,,,,,2203.5
coast,1790377076,,,1,,,,,2203.8
coast,1790377081,,,1,,,,,2204.0
coast,1790377086,,,1,,,,,2204.2
fix,1790377087,2256.8,7.1,1,2256.8,1.60,10.2,accepted,2256.8
coast,1790377092,,,1,,,,,2263.3
coast,1790377097,,,1,,,,,2267.6
coast,1790377102,,,1,,,,,2270.4
coast,1790377107,,,1,,,,,2272.3
coast,1790377112,,,1,,,,,2273.5
coast,1790377117,,,1,,,,,2274.3
coast,1790377122,,,1,,,,,2274.9
coast,1790377127,,,1,,,,,2275.2
fix,1790377129,2432.4,25.0,1,2432.2,4.85,10.2,accepted,2432.2
coast,1790377134,,,1,,,,,2452.1
coast,1790377139,,,1,,,,,2465.1
coast,1790377144,,,1,,,,,2473.7
coast,1790377149,,,1,,,,,2479.4
coast,1790377154,,,1,,,,,2483.2
coast,1790377159,,,1,,,,,2485.6
coast,1790377164,,,1,,,,,2487.3
coast,1790377169,,,1,,,,,2488.3
coast,1790377174,,,1,,,,,2489.0
fix,1790377175,2498.0,14.3,1,2498.1,0.49,10.2,accepted,2498.1
coast,1790377180,,,1,,,,,2500.1
coast,1790377185,,,1,,,,,2501.4
coast,1790377190,,,1,,,,,2502.3
coast,1790377195,,,1,,,,,2502.9
coast,1790377200,,,1,,,,,2503.3
coast,1790377205,,,1,,,,,2503.5
coast,1790377210,,,1,,,,,2503.7
fix,1790377213,2593.3,0.8,1,2593.2,2.99,10.2,accepted,2593.2
coast,1790377218,,,1,,,,,2605.4
coast,1790377223,,,1,,,,,2613.5
coast,1790377228,,,1,,,,,2618.8
coast,1790377233,,,1,,,,,2622.3
coast,1790377238,,,1,,,,,2624.6
coast,1790377243,,,1,,,,,2626.1
coast,1790377248,,,1,,,,,2627.1
coast,1790377253,,,1,,,,,2627.8
coast,1790377258,,,1,,,,,2628.2
coast,1790377263,,,1,,,,,2628.5
coast,1790377268,,,1,,,,,2628.7
coast,1790377273,,,1,,,,,2628.8
coast,1790377278,,,1,,,,,2628.9
coast,1790377283,,,1,,,,,2629.0
fix,1790377285,2935.8,1.3,1,2935.8,5.36,10.2,accepted,2935.8
coast,1790377290,,,1,,,,,2957.7
coast,1790377295,,,1,,,,,2972.1
coast,1790377300,,,1,,,,,2981.7
coast,1790377305,,,1,,,,,2987.9
coast,1790377310,,,1,,,,,2992.1
coast,1790377315,,,1,,,,,2994.8
coast,1790377320,,,1,,,,,2996.6
coast,1790377325,,,1,,,,,2997.8
coast,1790377330,,,1,,,,,2998.6
coast,1790377335,,,1,,,,,2999.1
fix,1790377337,3037.7,6.6,1,3037.8,1.18,10.2,accepted,3037.8
coast,1790377342,,,1,,,,,3042.6
coast,1790377347,,,1,,,,,3045.7
coast,1790377352,,,1,,,,,3047.8
coast,1790377357,,,1,,,,,3049.2
coast,1790377362,,,1,,,,,3050.1
coast,1790377367,,,1,,,,,3050.7
coast,1790377372,,,1,,,,,3051.1
coast,1790377377,,,1,,,,,3051.4
coast,1790377382,,,1,,,,,3051.5
coast,1790377387,,,1,,,,,3051.7
coast,1790377392,,,1,,,,,3051.7
fix,1790377396,3428.3,8.5,1,3428.2,8.14,10.2,accepted,3428.2
coast,1790377401,,,1,,,,,3461.5
coast,1790377406,,,1,,,,,3483.4
coast,1790377411,,,1,,,,,3497.9
coast,1790377416,,,1,,,,,3507.4
coast,1790377421,,,1,,,,,3513.7
coast,1790377426,,,1,,,,,3517.8
coast,1790377431,,,1,,,,,3520.6
coast,1790377436,,,1,,,,,3522.4
coast,1790377441,,,1,,,,,3523.5
coast,1790377446,,,1,,,,,3524.3
coast,1790377451,,,1,,,,,3524.8
fix,1790377454,3562.1,6.9,1,3562.3,0.77,10.2,accepted,3562.3
coast,1790377459,,,1,,,,,3565.4
coast,1790377464,,,1,,,,,3567.5
coast,1790377469,,,1,,,,,3568.8
coast,1790377474,,,1,,,,,3569.7
coast,1790377479,,,1,,,,,3570.3
coast,1790377484,,,1,,,,,3570.7
fix,1790377486,3581.3,2.5,1,3581.3,0.56,10.2,accepted,3581.3
coast,1790377491,,,1,,,,,3583.6
coast,1790377496,,,1,,,,,3585.1
coast,1790377501,,,1,,,,,3586.1
coast,1790377506,,,1,,,,,3586.8
coast,1790377511,,,1,,,,,3587.2
coast,1790377516,,,1,,,,,3587.5
coast,1790377521,,,1,,,,,3587.7
coast,1790377526,,,1,,,,,3587.8
coast,1790377531,,,1,,,,,3587.9
coast,1790377536,,,1,,,,,3588.0
coast,1790377541,,,1,,,,,3588.0
fix,1790377545,3902.5,40.9,1,3902.4,7.06,10.2,accepted,3902.4
coast,1790377550,,,1,,,,,3931.3
coast,1790377555,,,1,,,,,3950.3
coast,1790377560,,,1,,,,,3962.8
coast,1790377565,,,1,,,,,3971.1
coast,1790377570,,,1,,,,,3976.5
coast,1790377575,,,1,,,,,3980.1
coast,1790377580,,,1,,,,,3982.5
coast,1790377585,,,1,,,,,3984.1
fix,1790377587,3908.1,71.1,1,3908.4,-1.43,10.2,accepted,3908.4
coast,1790377592,,,1,,,,,3902.5
coast,1790377597,,,1,,,,,3898.7
coast,1790377602,,,1,,,,,3896.1
coast,1790377607,,,1,,,,,3894.4
coast,1790377612,,,1,,,,,3893.3
coast,1790377617,,,1,,,,,3892.6
coast,1790377622,,,1,,,,,3892.1
coast,1790377627,,,1,,,,,3891.8
coast,1790377632,,,1,,,,,3891.6
coast,1790377637,,,1,,,,,3891.5
coast,1790377642,,,1,,,,,3891.4
fix,1790377646,4109.4,5.5,1,4109.3,4.87,10.2,accepted,4109.3
coast,1790377651,,,1,,,,,4129.2
coast,1790377656,,,1,,,,,4142.4
coast,1790377661,,,1,,,,,4151.0
coast,1790377666,,,1,,,,,4156.7
coast,1790377671,,,1,,,,,4160.5
coast,1790377676,,,1,,,,,4163.0
coast,1790377681,,,1,,,,,4164.6
coast,1790377686,,,1,,,,,4165.7
fix,1790377689,4169.9,1.9,1,4170.1,0.62,10.2,accepted,4170.1
coast,1790377694,,,1,,,,,4172.6
coast,1790377699,,,1,,,,,4174.3
coast,1790377704,,,1,,,,,4175.4
coast,1790377709,,,1,,,,,4176.1
coast,1790377714,,,1,,,,,4176.6
coast,1790377719,,,1,,,,,4176.9
coast,1790377724,,,1,,,,,4177.1
coast,1790377729,,,1,,,,,4177.3
coast,1790377734,,,1,,,,,4177.3
coast,1790377739,,,1,,,,,4177.4
coast,1790377744,,,1,,,,,4177.4
coast,1790377749,,,1,,,,,4177.5
coast,1790377754,,,1,,,,,4177.5
coast,1790377759,,,1,,,,,4177.5
coast,1790377764,,,1,,,,,4177.5
fix,1790377766,4320.2,4.8,1,4320.2,2.39,10.2,accepted,4320.2
coast,1790377771,,,1,,,,,4329.9
coast,1790377776,,,1,,,,,4336.4
coast,1790377781,,,1,,,,,4340.6
coast,1790377786,,,1,,,,,4343.4
coast,1790377791,,,1,,,,,4345.3
fix,1790377794,4695.1,0.7,1,4694.4,14.99,10.2,accepted,4694.4
coast,1790377799,,,1,,,,,4755.7
coast,1790377804,,,1,,,,,4796.1
coast,1790377809,,,1,,,,,4822.7
coast,1790377814,,,1,,,,,4840.3
coast,1790377819,,,1,,,,,4851.9
fix,1790377823,4968.6,2.8,1,4969.2,8.09,10.2,accepted,4969.2
coast,1790377828,,,1,,,,,5002.2
coast,1790377833,,,1,,,,,5024.1
coast,1790377838,,,1,,,,,5038.4
coast,1790377843,,,1,,,,,5047.9
coast,1790377848,,,1,,,,,5054.2
coast,1790377853,,,1,,,,,5058.3
fix,1790377856,5075.8,5.5,1,5076.1,1.93,10.2,accepted,5076.1
coast,1790377861,,,1,,,,,5084.0
coast,1790377866,,,1,,,,,5089.2
coast,1790377871,,,1,,,,,5092.6
coast,1790377876,,,1,,,,,5094.9
coast,1790377881,,,1,,,,,5096.4
coast,1790377886,,,1,,,,,5097.4
coast,1790377891,,,1,,,,,5098.0
coast,1790377896,,,1,,,,,5098.4
coast,1790377901,,,1,,,,,5098.7
coast,1790377906,,,1,,,,,5098.9
coast,1790377911,,,1,,,,,5099.0
fix,1790377915,5403.4,3.1,1,5403.3,6.75,10.2,accepted,5403.3
coast,1790377920,,,1,,,,,5430.9
coast,1790377925,,,1,,,,,5449.0
coast,1790377930,,,1,,,,,5461.0
coast,1790377935,,,1,,,,,5468.9
coast,1790377940,,,1,,,,,5474.2
coast,1790377945,,,1,,,,,5477.6
coast,1790377950,,,1,,,,,5479.9
fix,1790377954,5706.9,4.0,1,5706.9,8.01,10.2,accepted,5706.9
coast,1790377959,,,1,,,,,5739.7
coast,1790377964,,,1,,,,,5761.3
coast,1790377969,,,1,,,,,5775.5
coast,1790377974,,,1,,,,,5784.9
coast,1790377979,,,1,,,,,5791.1
fix,1790377983,5800.1,9.5,1,5800.5,2.18,10.2,accepted,5800.5
coast,1790377988,,,1,,,,,5809.4
coast,1790377993,,,1,,,,,5815.2
coast,1790377998,,,1,,,,,5819.1
coast,1790378003,,,1,,,,,5821.7
coast,1790378008,,,1,,,,,5823.4
coast,1790378013,,,1,,,,,5824.5
coast,1790378018,,,1,,,,,5825.2
fix,1790378020,6083.3,0.1,1,6082.9,9.19,10.2,accepted,6082.9
coast,1790378025,,,1,,,,,6120.5
coast,1790378030,,,1,,,,,6145.3
coast,1790378035,,,1,,,,,6161.6
coast,1790378040,,,1,,,,,6172.3
coast,1790378045,,,1,,,,,6179.4
coast,1790378050,,,1,,,,,6184.1
coast,1790378055,,,1,,,,,6187.2
coast,1790378060,,,1,,,,,6189.2
coast,1790378065,,,1,,,,,6190.6
coast,1790378070,,,1,,,,,6191.5
coast,1790378075,,,1,,,,,6192.0
fix,1790378080,6357.5,5.1,1,6357.6,3.09,10.2,accepted,6357.6
coast,1790378085,,,1,,,,,6370.2
coast,1790378090,,,1,,,,,6378.5
coast,1790378095,,,1,,,,,6384.0
coast,1790378100,,,1,,,,,6387.6
coast,1790378105,,,1,,,,,6390.0
coast,1790378110,,,1,,,,,6391.6
coast,1790378115,,,1,,,,,6392.6
coast,1790378120,,,1,,,,,6393.3
fix,1790378121,6647.5,3.5,1,6647.3,7.95,10.2,accepted,6647.3
coast,1790378126,,,1,,,,,6679.8
coast,1790378131,,,1,,,,,6701.2
coast,1790378136,,,1,,,,,6715.4
coast,1790378141,,,1,,,,,6724.7
coast,1790378146,,,1,,,,,6730.8
coast,1790378151,,,1,,,,,6734.9
coast,1790378156,,,1,,,,,6737.5
coast,1790378161,,,1,,,,,6739.3
coast,1790378166,,,1,,,,,6740.4
coast,1790378171,,,1,,,,,6741.2
coast,1790378176,,,1,,,,,6741.7
fix,1790378180,6791.7,8.2,1,6791.9,0.77,10.2,accepted,6791.9
coast,1790378185,,,1,,,,,6795.0
coast,1790378190,,,1,,,,,6797.1
coast,1790378195,,,1,,,,,6798.5
coast,1790378200,,,1,,,,,6799.4
coast,1790378205,,,1,,,,,6799.9
coast,1790378210,,,1,,,,,6800.3
coast,1790378215,,,1,,,,,6800.6
coast,1790378220,,,1,,,,,6800.8
coast,1790378225,,,1,,,,,6800.9
coast,1790378230,,,1,,,,,6801.0
coast,1790378235,,,1,,,,,6801.0
coast,1790378240,,,1,,,,,6801.0
coast,1790378245,,,1,,,,,6801.1
coast,1790378250,,,1,,,,,6801.1
fix,1790378253,7122.6,1.9,1,7122.6,5.64,10.2,accepted,7122.6
coast,1790378258,,,1,,,,,7145.6
coast,1790378263,,,1,,,,,7160.9
coast,1790378268,,,1,,,,,7170.9
coast,1790378273,,,1,,,,,7177.5
coast,1790378278,,,1,,,,,7181.8
coast,1790378283,,,1,,,,,7184.7
coast,1790378288,,,1,,,,,7186.6
coast,1790378293,,,1,,,,,7187.9
coast,1790378298,,,1,,,,,7188.7
coast,1790378303,,,1,,,,,7189.2
fix,1790378306,7273.4,1.3,1,7273.5,2.21,10.2,accepted,7273.5
coast,1790378311,,,1,,,,,7282.5
coast,1790378316,,,1,,,,,7288.4
coast,1790378321,,,1,,,,,7292.4
coast,1790378326,,,1,,,,,7294.9
coast,1790378331,,,1,,,,,7296.7
coast,1790378336,,,1,,,,,7297.8
coast,1790378341,,,1,,,,,7298.5
fix,1790378346,7307.5,8.7,1,7307.6,0.55,10.2,accepted,7307.6
coast,1790378351,,,1,,,,,7309.8
coast,1790378356,,,1,,,,,7311.3
coast,1790378361,,,1,,,,,7312.3
coast,1790378366,,,1,,,,,7312.9
coast,1790378371,,,1,,,,,7313.3
coast,1790378376,,,1,,,,,7313.6
coast,1790378381,,,1,,,,,7313.8
coast,1790378386,,,1,,,,,7313.9
coast,1790378391,,,1,,,,,7314.0
coast,1790378396,,,1,,,,,7314.0
coast,1790378401,,,1,,,,,7314.1
coast,1790378406,,,1,,,,,7314.1
coast,1790378411,,,1,,,,,7314.1
coast,1790378416,,,1,,,,,7314.1
coast,1790378421,,,1,,,,,7314.1
coast,1790378426,,,1,,,,,7314.1
coast,1790378431,,,1,,,,,7314.1
coast,1790378436,,,1,,,,,7314.1
coast,1790378441,,,1,,,,,7314.1
coast,1790378446,,,1,,,,,7314.1
coast,1790378451,,,1,,,,,7314.1
coast,1790378456,,,1,,,,,7314.1
coast,1790378461,,,1,,,,,7314.1
coast,1790378466,,,1,,,,,7314.1
coast,1790378471,,,1,,,,,7314.1
coast,1790378476,,,1,,,,,7314.1
coast,1790378481,,,1,,,,,7314.1
coast,1790378486,,,1,,,,,7314.1
coast,1790378491,,,1,,,,,7314.1
coast,1790378496,,,1,,,,,7314.1
coast,1790378501,,,1,,,,,7314.1
coast,1790378506,,,1,,,,,7314.1
coast,1790378511,,,1,,,,,7314.1
coast,1790378516,,,1,,,,,7314.1
coast,1790378521,,,1,,,,,7314.1
coast,1790378526,,,1,,,,,7314.1
coast,1790378531,,,1,,,,,7314.1
coast,1790378536,,,1,,,,,7314.1
coast,1790378541,,,1,,,,,7314.1
coast,1790378546,,,1,,,,,7314.1
coast,1790378551,,,1,,,,,7314.1
coast,1790378556,,,1,,,,,7314.1
coast,1790378561,,,1,,,,,7314.1
coast,1790378566,,,1,,,,,7314.1
coast,1790378571,,,1,,,,,7314.1
coast,1790378576,,,1,,,,,7314.1
coast,1790378581,,,1,,,,,7314.1
coast,1790378586,,,1,,,,,7314.1
coast,1790378591,,,1,,,,,7314.1
coast,1790378596,,,1,,,,,7314.1
coast,1790378601,,,1,,,,,7314.1
coast,1790378606,,,1,,,,,7314.1
coast,1790378611,,,1,,,,,7314.1
coast,1790378616,,,1,,,,,7314.1
coast,1790378621,,,1,,,,,7314.1
coast,1790378626,,,1,,,,,7314.1
coast,1790378631,,,1,,,,,7314.1
coast,1790378636,,,1,,,,,7314.1
coast,1790378641,,,1,,,,,7314.1
coast,1790378646,,,1,,,,,7314.1
coast,1790378651,,,1,,,,,7314.1
coast,1790378656,,,1,,,,,7314.1
coast,1790378661,,,1,,,,,7314.1
coast,1790378666,,,1,,,,,7314.1
fix,1790378671,7341.0,8.0,1,7341.0,-0.10,10.2,accepted,7341.0
coast,1790378676,,,1,,,,,7340.6
coast,1790378681,,,1,,,,,7340.3
coast,1790378686,,,1,,,,,7340.1
coast,1790378691,,,1,,,,,7340.0
coast,1790378696,,,1,,,,,7339.9
coast,1790378701,,,1,,,,,7339.9
coast,1790378706,,,1,,,,,7339.9
fix,1790378708,7172.7,4.1,1,7172.7,-4.83,10.2,accepted,7172.7
