id,startedAt,snapshot_gap_s,band_vertices,nearest_m,matched,cat,sev,tfl_id
div-2026-08-28-1,1787949637,207,441,,0,,,
div-2026-08-28-2,1787949680,250,235,,0,,,
div-2026-08-28-3,1787949678,248,290,79,1,Works,Minimal,TIMS-233707
div-2026-08-28-4,1787949907,477,1,,0,,,
div-2026-08-28-5,1787949757,327,1603,18,1,Collisions,Serious,TIMS-234059
div-2026-08-28-6,1787949600,170,257,,0,,,
div-2026-08-28-7,1787949958,528,300,,0,,,
div-2026-08-28-8,1787950042,612,507,,0,,,
div-2026-08-28-9,1787949941,511,745,,0,,,
div-2026-08-28-11,1787949737,307,821,,0,,,
div-2026-08-28-12,1787949938,508,329,1398,0,,,
div-2026-08-28-13,1787949983,553,495,1035,0,,,
div-2026-08-28-14,1787949941,511,671,1,1,Works,Minimal,TIMS-233715
div-2026-08-28-16,1787949936,506,899,4,1,Works,Moderate,TIMS-216408
div-2026-08-28-17,1787949920,490,414,,0,,,
div-2026-08-28-19,1787950053,623,369,,0,,,
div-2026-08-28-20,1787950117,687,402,127,1,Works,Minimal,TIMS-232198
div-2026-08-28-21,1787949905,475,107,,0,,,
div-2026-08-28-23,1787950148,718,1,1483,0,,,
div-2026-08-28-24,1787950116,686,1,,0,,,
div-2026-08-28-26,1787950090,660,1,,0,,,
div-2026-08-28-27,1787950234,804,408,547,0,,,
div-2026-08-28-28,1787950329,899,302,49,1,Works,Minimal,TIMS-233087
div-2026-08-28-29,1787950583,1153,366,,0,,,
div-2026-08-28-30,1787950356,926,253,,0,,,
div-2026-08-28-31,1787950622,1192,1,,0,,,
div-2026-08-28-32,1787950522,1092,245,,0,,,
div-2026-08-28-34,1787950382,952,264,735,0,,,
div-2026-08-28-35,1787949885,455,196,488,0,,,
div-2026-08-28-36,1787950021,591,146,2107,0,,,
div-2026-08-28-37,1787950406,976,441,37,1,Works,Moderate,TIMS-221115
div-2026-08-28-38,1787950136,706,227,28,1,Works,Moderate,TIMS-221115
div-2026-08-28-39,1787950401,971,500,1721,0,,,
div-2026-08-28-42,1787950401,971,286,572,0,,,
div-2026-08-28-45,1787950400,970,132,,0,,,
div-2026-08-28-47,1787950502,1072,267,,0,,,
div-2026-08-28-50,1787950798,1368,495,263,0,,,
div-2026-08-28-53,1787950802,1372,544,18,1,Collisions,Serious,TIMS-234059
div-2026-08-28-54,1787951067,1637,240,707,0,,,
div-2026-08-28-55,1787951083,1653,638,,0,,,
div-2026-08-28-57,1787950751,1321,1,,0,,,
div-2026-08-28-59,1787951182,1752,1,,0,,,
div-2026-08-28-60,1787951367,1937,408,,0,,,
div-2026-08-28-63,1787950961,1531,538,,0,,,
div-2026-08-28-64,1787951220,1790,305,5,1,Works,Moderate,TIMS-231640
div-2026-08-28-65,1787951637,2207,1,1507,0,,,
div-2026-08-28-67,1787951577,2147,656,12,1,Works,Moderate,TIMS-233994
div-2026-08-28-68,1787951233,1803,503,10,1,Works,Minimal,TIMS-233087
div-2026-08-28-69,1787951428,1998,482,345,0,,,
div-2026-08-28-71,1787951728,2298,240,,0,,,
div-2026-08-28-72,1787951456,2026,1,,0,,,
div-2026-08-28-78,1787952026,2596,865,,0,,,
div-2026-08-28-79,1787951962,2532,666,11,1,Works,Minimal,TIMS-230544
div-2026-08-28-80,1787952180,2750,1,,0,,,
div-2026-08-28-82,1787951948,2518,252,,0,,,
div-2026-08-28-84,1787952184,2754,425,,0,,,
div-2026-08-28-87,1787952680,2969,464,,0,,,
div-2026-08-28-89,1787952803,2846,268,921,0,,,
div-2026-08-28-91,1787952925,2724,1,,0,,,
div-2026-08-28-92,1787952595,3054,617,,0,,,
div-2026-08-28-93,1787952831,2818,194,,0,,,
div-2026-08-28-96,1787952323,2893,195,488,0,,,
div-2026-08-28-99,1787952918,2731,570,1035,0,,,
div-2026-08-28-100,1787953181,2468,236,,0,,,
div-2026-08-28-104,1787953121,2528,280,,0,,,
div-2026-08-28-106,1787953322,2327,1,576,0,,,
div-2026-08-28-110,1787953706,1943,1,,0,,,
div-2026-08-28-126,1787954924,725,1,1087,0,,,
div-2026-08-29-1,1787961529,3847,374,,0,,,
div-2026-08-29-2,1787961792,3584,417,22,1,Works,Moderate,TIMS-233994
div-2026-08-29-3,1787961878,3498,423,19,1,Works,Minimal,TIMS-230565
div-2026-08-29-4,1787961938,3438,1088,7,1,Works,Minimal,TIMS-232642
div-2026-08-29-5,1787961752,3624,1,935,0,,,
div-2026-08-29-6,1787962128,3248,1,1608,0,,,
div-2026-08-29-7,1787962067,3309,154,82,1,Works,Minimal,TIMS-233087
div-2026-08-29-8,1787962430,2946,1,1402,0,,,
div-2026-08-29-9,1787962243,3133,218,,0,,,
div-2026-08-29-10,1787962780,2596,188,,0,,,
div-2026-08-29-11,1787962486,2890,1,,0,,,
div-2026-08-29-12,1787963029,2347,520,8,1,Works,Minimal,TIMS-225605
div-2026-08-29-13,1787961588,3788,318,,0,,,
div-2026-08-29-14,1787963338,2038,1,,0,,,
div-2026-08-29-15,1787963060,2316,1,344,0,,,
div-2026-08-29-16,1787963158,2218,1,864,0,,,
div-2026-08-29-17,1787963039,2337,1,,0,,,
div-2026-08-29-18,1787963518,1858,413,,0,,,
div-2026-08-29-19,1787963632,1744,1,721,0,,,
div-2026-08-29-20,1787963881,1495,1,1134,0,,,
div-2026-08-29-21,1787963881,1495,355,17,1,Works,Minimal,TIMS-232642
div-2026-08-29-22,1787964164,1212,241,582,0,,,
div-2026-08-29-23,1787964379,997,249,95,1,Works,Moderate,TIMS-231640
div-2026-08-29-24,1787964476,900,404,,0,,,
div-2026-08-29-25,1787964603,773,343,388,0,,,
div-2026-08-29-26,1787968380,3004,351,,0,,,
div-2026-08-29-27,1787968173,2797,439,75,1,Works,Moderate,TIMS-233935
div-2026-08-29-28,1787968470,3094,568,,0,,,
div-2026-08-29-29,1787968640,3264,266,,0,,,
div-2026-08-29-30,1787969417,4041,246,19,1,Works,Minimal,TIMS-233686
div-2026-08-29-31,1787969678,4302,252,,0,,,
div-2026-08-29-32,1787969456,4080,253,,0,,,
div-2026-08-29-33,1787969702,4326,247,735,0,,,
div-2026-08-29-34,1787969937,4561,245,,0,,,
div-2026-08-29-35,1787970004,4628,616,,0,,,
div-2026-08-29-36,1787970215,4839,218,,0,,,
div-2026-08-29-37,1787970814,5438,198,,0,,,
div-2026-08-29-38,1787970801,5425,244,,0,,,
div-2026-08-29-39,1787970798,5422,182,,0,,,
div-2026-08-29-40,1787970837,5461,314,,0,,,
div-2026-08-29-41,1787971109,5733,170,,0,,,
div-2026-08-29-42,1787971266,5890,276,,0,,,
div-2026-08-29-43,1787971411,6035,646,,0,,,
div-2026-08-29-44,1787971598,6222,323,,0,,,
div-2026-08-29-45,1787971022,5646,1,1514,0,,,
div-2026-08-29-46,1787971837,6461,537,179,1,Works,Minimal,TIMS-232627
div-2026-08-29-47,1787971855,6479,657,,0,,,
div-2026-08-29-48,1787972157,6781,535,,0,,,
div-2026-08-29-49,1787972398,6562,327,217,1,Works,Minimal,TIMS-232067
div-2026-08-29-50,1787972445,6515,320,798,0,,,
div-2026-08-29-51,1787972616,6344,122,,0,,,
div-2026-08-29-52,1787972734,6226,291,,0,,,
div-2026-08-29-53,1787972831,6129,242,188,1,Works,Moderate,TIMS-226462
div-2026-08-29-54,1787972999,5961,247,,0,,,
div-2026-08-29-55,1787972990,5970,257,,0,,,
div-2026-08-29-56,1787973244,5716,402,14,1,Works,Moderate,TIMS-230857
div-2026-08-29-57,1787973541,5419,1,,0,,,
div-2026-08-29-58,1787974376,4584,193,,0,,,
div-2026-08-29-59,1787974086,4874,1,,0,,,
div-2026-08-29-60,1787974522,4438,379,187,1,Works,Minimal,TIMS-233766
div-2026-08-29-61,1787974885,4075,193,,0,,,
div-2026-08-29-62,1787974781,4179,1,490,0,,,
div-2026-08-29-63,1787974807,4153,251,13,1,Works,Minimal,TIMS-233321
div-2026-08-29-64,1787975459,3501,1,,0,,,
div-2026-08-29-65,1787975401,3559,1,393,0,,,
div-2026-08-29-66,1787975561,3399,91,1868,0,,,
div-2026-08-29-67,1787975693,3267,1,,0,,,
div-2026-08-29-68,1787975729,3231,95,593,0,,,
div-2026-08-29-69,1787976168,2792,231,,0,,,
div-2026-08-29-70,1787976293,2667,1,,0,,,
div-2026-08-29-71,1787976263,2697,243,,0,,,
div-2026-08-29-72,1787976330,2630,1,,0,,,
div-2026-08-29-73,1787975797,3163,1,740,0,,,
div-2026-08-29-74,1787976232,2728,274,,0,,,
div-2026-08-29-76,1787976462,2498,1,,0,,,
div-2026-08-29-77,1787976590,2370,1,,0,,,
div-2026-08-29-78,1787976559,2401,444,,0,,,
div-2026-08-29-80,1787976900,2060,1,1411,0,,,
div-2026-08-29-81,1787976979,1981,1,1485,0,,,
div-2026-08-29-82,1787977172,1788,1,1478,0,,,
div-2026-08-29-83,1787976817,2143,41,,0,,,
div-2026-08-29-84,1787977053,1907,1,1170,0,,,
div-2026-08-29-86,1787977434,1526,1,,0,,,
div-2026-08-29-87,1787977620,1340,1,854,0,,,
div-2026-08-29-89,1787977573,1387,1,525,0,,,
div-2026-08-29-90,1787977862,1098,1,597,0,,,
div-2026-08-29-91,1787977856,1104,556,2,1,Works,Minimal,TIMS-233715
div-2026-08-29-92,1787977868,1092,414,,0,,,
div-2026-08-29-93,1787977653,1307,138,,0,,,
div-2026-08-29-95,1787978012,948,1,,0,,,
div-2026-08-29-96,1787977948,1012,160,,0,,,
div-2026-08-29-98,1787977966,994,1,,0,,,
div-2026-08-29-99,1787978222,738,1,,0,,,
div-2026-08-29-100,1787977940,1020,1,,0,,,
div-2026-08-29-102,1787978088,872,1,,0,,,
div-2026-08-29-104,1787978601,359,1,799,0,,,
div-2026-08-29-105,1787985809,5088,1,1474,0,,,
div-2026-08-29-108,1787985845,5052,1,,0,,,
div-2026-08-29-110,1787985934,4963,218,399,0,,,
div-2026-08-29-113,1787986441,4456,83,242,1,Works,Minimal,TIMS-233766
div-2026-08-29-114,1787986375,4522,364,,0,,,
div-2026-08-29-115,1787986384,4513,387,,0,,,
div-2026-08-29-121,1787986523,4374,225,438,0,,,
div-2026-08-29-125,1787986877,4020,1,,0,,,
div-2026-08-29-129,1787987391,3506,1,,0,,,
div-2026-08-29-130,1787987128,3769,554,5,1,Works,Minimal,TIMS-233794
div-2026-08-29-131,1787987513,3384,334,459,0,,,
div-2026-08-29-134,1787987918,2979,1,,0,,,
div-2026-08-29-135,1787987802,3095,1,,0,,,
div-2026-08-29-136,1787987710,3187,500,,0,,,
div-2026-08-29-140,1787987899,2998,1,,0,,,
div-2026-08-29-142,1787988075,2822,331,,0,,,
div-2026-08-29-148,1787987681,3216,93,1407,0,,,
div-2026-08-29-150,1787988463,2434,216,451,0,,,
div-2026-08-29-157,1787988946,1951,1,,0,,,
div-2026-08-29-158,1787988962,1935,1,,0,,,
div-2026-08-29-163,1787988926,1971,1,,0,,,
div-2026-08-29-164,1787988890,2007,1,,0,,,
div-2026-08-29-168,1787989315,1582,1,,0,,,
div-2026-08-29-169,1787989041,1856,1,,0,,,
div-2026-08-29-171,1787989384,1513,1,1562,0,,,
div-2026-08-29-172,1787988997,1900,352,,0,,,
div-2026-08-29-179,1787989416,1481,1,,0,,,
div-2026-08-29-180,1787989509,1388,1,,0,,,
div-2026-08-29-183,1787989882,1015,1,,0,,,
div-2026-08-29-184,1787989915,982,1,,0,,,
div-2026-08-29-211,1788008147,481,852,7,1,Planned events,Minimal,TIMS-233860
div-2026-08-30-1,1788047911,7744,1222,,0,,,
div-2026-08-30-2,1788047991,7824,405,547,0,,,
div-2026-08-30-3,1788048176,8009,259,,0,,,
div-2026-08-30-4,1788048131,7964,337,747,0,,,
div-2026-08-30-5,1788047828,7661,112,10,1,Works,Minimal,TIMS-234049
div-2026-08-30-6,1788047903,7736,213,,0,,,
div-2026-08-30-7,1788048536,8197,374,,0,,,
div-2026-08-30-8,1788049321,7412,239,,0,,,
div-2026-08-30-9,1788049143,7590,176,815,0,,,
div-2026-08-30-10,1788050502,6231,610,217,1,Works,Minimal,TIMS-232067
div-2026-08-30-11,1788051083,5650,344,,0,,,
div-2026-08-30-12,1788050994,5739,695,,0,,,
div-2026-08-30-13,1788051300,5433,1,1058,0,,,
div-2026-08-30-14,1788051472,5261,217,,0,,,
div-2026-08-30-15,1788051539,5194,256,,0,,,
div-2026-08-30-16,1788051605,5128,232,11,1,Works,Minimal,TIMS-233697
div-2026-08-30-17,1788052140,4593,37,28,1,Works,Minimal,TIMS-233669
div-2026-08-30-18,1788051958,4775,1,772,0,,,
div-2026-08-30-19,1788052164,4569,232,,0,,,
div-2026-08-30-20,1788052659,4074,1,,0,,,
div-2026-08-30-21,1788052709,4024,1,,0,,,
div-2026-08-30-22,1788052971,3762,1,742,0,,,
div-2026-08-30-23,1788052975,3758,108,,0,,,
div-2026-08-30-24,1788053080,3653,1,,0,,,
div-2026-08-30-25,1788053246,3487,119,233,1,Works,Minimal,TIMS-233715
div-2026-08-30-26,1788053826,2907,254,24,1,Works,Minimal,TIMS-226199
div-2026-08-30-27,1788054115,2618,244,582,0,,,
div-2026-08-30-28,1788054118,2615,1,,0,,,
div-2026-08-30-29,1788054226,2507,1,950,0,,,
div-2026-08-30-30,1788054357,2376,477,,0,,,
div-2026-08-30-31,1788054382,2351,277,,0,,,
div-2026-08-30-32,1788054653,2080,760,27,1,Works,Minimal,TIMS-226199
div-2026-08-30-33,1788053964,2769,193,9,1,Works,Minimal,TIMS-231640
div-2026-08-30-34,1788054656,2077,1,,0,,,
div-2026-08-30-35,1788055013,1720,253,6,1,Works,Minimal,TIMS-216408
div-2026-08-30-36,1788055247,1486,1,1206,0,,,
div-2026-08-30-37,1788055260,1473,1,1236,0,,,
div-2026-08-30-38,1788055981,752,1,436,0,,,
div-2026-08-30-39,1788056100,633,227,,0,,,
div-2026-08-30-40,1788056349,384,1,,0,,,
div-2026-08-30-41,1788062186,5453,196,,0,,,
div-2026-08-30-42,1788061691,4958,239,140,1,Works,Minimal,TIMS-221115
div-2026-08-30-43,1788062591,5858,450,,0,,,
div-2026-08-30-44,1788062506,5773,563,8,1,Works,Minimal,TIMS-232627
div-2026-08-30-45,1788062719,5986,411,,0,,,
div-2026-08-30-46,1788062617,5884,428,363,0,,,
div-2026-08-30-47,1788063099,6366,244,,0,,,
div-2026-08-30-48,1788062771,6038,276,191,1,Works,Minimal,TIMS-223303
div-2026-08-30-49,1788063241,6508,254,24,1,Works,Minimal,TIMS-226199
div-2026-08-30-50,1788063476,6743,191,,0,,,
div-2026-08-30-51,1788063439,6706,547,7,1,Works,Minimal,TIMS-234049
div-2026-08-30-52,1788063438,6705,308,,0,,,
div-2026-08-30-53,1788063249,6516,211,,0,,,
div-2026-08-30-54,1788063640,6907,412,,0,,,
div-2026-08-30-55,1788063850,7117,140,1009,0,,,
div-2026-08-30-57,1788064220,7487,420,,0,,,
div-2026-08-30-58,1788064611,7878,257,1307,0,,,
div-2026-08-30-59,1788064730,7997,242,,0,,,
div-2026-08-30-60,1788064341,7608,316,8,1,Works,Minimal,TIMS-233794
div-2026-08-30-61,1788064972,8239,242,,0,,,
div-2026-08-30-62,1788065150,8417,148,1495,0,,,
div-2026-08-30-63,1788065202,8469,275,,0,,,
div-2026-08-30-64,1788065271,8538,371,6,1,Works,Minimal,TIMS-233669
div-2026-08-30-65,1788065636,8903,834,,0,,,
div-2026-08-30-66,1788065725,8992,122,,0,,,
div-2026-08-30-67,1788065353,8620,1,1462,0,,,
div-2026-08-30-68,1788065887,9154,265,384,0,,,
div-2026-08-30-69,1788066049,9218,316,217,1,Works,Minimal,TIMS-232067
div-2026-08-30-70,1788066282,8985,241,,0,,,
div-2026-08-30-71,1788066296,8971,246,905,0,,,
div-2026-08-30-73,1788066646,8621,1108,,0,,,
div-2026-08-30-74,1788066703,8564,486,,0,,,
div-2026-08-30-75,1788066142,9125,387,129,1,Planned events,Serious,TIMS-228770
div-2026-08-30-76,1788067184,8083,236,,0,,,
div-2026-08-30-77,1788066804,8463,1122,,0,,,
div-2026-08-30-78,1788066718,8549,172,4,1,Planned events,Minimal,TIMS-232549
div-2026-08-30-79,1788067195,8072,379,,0,,,
div-2026-08-30-80,1788067663,7604,1106,,0,,,
div-2026-08-30-81,1788067650,7617,696,,0,,,
div-2026-08-30-82,1788067671,7596,259,,0,,,
div-2026-08-30-83,1788067687,7580,321,4,1,Works,Minimal,TIMS-216408
div-2026-08-30-84,1788067405,7862,1,603,0,,,
div-2026-08-30-86,1788068124,7143,317,,0,,,
div-2026-08-30-87,1788068263,7004,301,1132,0,,,
div-2026-08-30-88,1788068330,6937,310,,0,,,
div-2026-08-30-89,1788068278,6989,243,,0,,,
div-2026-08-30-90,1788068423,6844,248,199,1,Works,Minimal,TIMS-232988
div-2026-08-30-91,1788068518,6749,240,,0,,,
div-2026-08-30-92,1788068537,6730,231,,0,,,
div-2026-08-30-93,1788068253,7014,133,644,0,,,
div-2026-08-30-94,1788068476,6791,294,,0,,,
div-2026-08-30-97,1788068661,6606,231,,0,,,
div-2026-08-30-98,1788068879,6388,373,1132,0,,,
div-2026-08-30-99,1788068891,6376,232,384,0,,,
div-2026-08-30-100,1788069036,6231,246,,0,,,
div-2026-08-30-101,1788068798,6469,531,,0,,,
div-2026-08-30-102,1788069084,6183,186,,0,,,
div-2026-08-30-103,1788069110,6157,115,2,1,Works,Minimal,TIMS-231257
div-2026-08-30-104,1788069079,6188,276,1027,0,,,
div-2026-08-30-105,1788069449,5818,198,,0,,,
div-2026-08-30-106,1788069769,5498,1,1321,0,,,
div-2026-08-30-107,1788069454,5813,466,9,1,Works,Minimal,TIMS-231640
div-2026-08-30-108,1788069281,5986,1,1097,0,,,
div-2026-08-30-110,1788069515,5752,606,6,1,Works,Minimal,TIMS-232769
div-2026-08-30-111,1788069779,5488,358,6,1,Works,Minimal,TIMS-232769
div-2026-08-30-112,1788070148,5119,1,,0,,,
div-2026-08-30-113,1788070105,5162,294,49,1,Works,Minimal,TIMS-234096
div-2026-08-30-114,1788069685,5582,402,,0,,,
div-2026-08-30-115,1788070492,4775,1,,0,,,
div-2026-08-30-116,1788069955,5312,1,,0,,,
div-2026-08-30-118,1788070665,4602,1,,0,,,
div-2026-08-30-119,1788070588,4679,267,171,1,Works,Minimal,TIMS-233994
div-2026-08-30-122,1788070972,4295,1,,0,,,
div-2026-08-30-125,1788071616,3651,1,,0,,,
div-2026-08-30-127,1788071421,3846,1,504,0,,,
div-2026-08-30-128,1788071714,3553,1,783,0,,,
div-2026-08-30-129,1788071855,3412,260,1132,0,,,
div-2026-08-30-130,1788071870,3397,1,,0,,,
div-2026-08-30-131,1788072037,3230,1,,0,,,
div-2026-08-30-136,1788072054,3213,1,1274,0,,,
div-2026-08-30-140,1788072306,2961,1,,0,,,
div-2026-08-30-141,1788072563,2704,131,,0,,,
div-2026-08-30-142,1788072234,3033,1,594,0,,,
div-2026-08-30-145,1788072833,2434,1,,0,,,
div-2026-08-30-146,1788072722,2545,303,,0,,,
div-2026-08-30-148,1788072862,2405,316,,0,,,
div-2026-08-30-150,1788072629,2638,1,,0,,,
div-2026-08-30-153,1788073138,2129,1,1439,0,,,
div-2026-08-30-154,1788073032,2235,1,784,0,,,
div-2026-08-30-155,1788073371,1896,1,,0,,,
div-2026-08-30-156,1788073315,1952,1,,0,,,
div-2026-08-30-159,1788073905,1362,1,,0,,,
div-2026-08-30-160,1788073913,1354,1,,0,,,
div-2026-08-30-165,1788074262,1005,1,177,1,Works,Minimal,TIMS-226199
div-2026-08-30-166,1788074128,1139,1,1365,0,,,
div-2026-08-30-169,1788074213,1054,1,1598,0,,,
div-2026-08-30-174,1788074389,878,1,,0,,,
div-2026-08-30-177,1788074501,766,1,,0,,,
div-2026-08-30-181,1788092050,976,1,,0,,,
div-2026-08-31-1,1788134372,9385,516,,0,,,
div-2026-08-31-2,1788134430,9443,121,,0,,,
div-2026-08-31-3,1788134537,9550,740,75,1,Works,Minimal,TIMS-226199
div-2026-08-31-4,1788134113,9126,399,474,0,,,
div-2026-08-31-5,1788135219,10232,269,871,0,,,
div-2026-08-31-6,1788135148,10161,488,,0,,,
div-2026-08-31-7,1788135673,10686,251,10,1,Works,Minimal,TIMS-232350
div-2026-08-31-8,1788136027,10560,1226,,0,,,
div-2026-08-31-9,1788135875,10712,83,904,0,,,
div-2026-08-31-10,1788136431,10156,128,1227,0,,,
div-2026-08-31-11,1788136241,10346,287,,0,,,
div-2026-08-31-12,1788136434,10153,360,10,1,Emergency service incidents,Minimal,TIMS-234127
div-2026-08-31-14,1788136975,9612,252,25,1,Works,Minimal,TIMS-227966
div-2026-08-31-15,1788137301,9286,255,,0,,,
div-2026-08-31-16,1788137645,8942,235,10,1,Emergency service incidents,Minimal,TIMS-234127
div-2026-08-31-17,1788137874,8713,237,,0,,,
div-2026-08-31-18,1788138099,8488,228,15,1,Works,Minimal,TIMS-233321
div-2026-08-31-19,1788138035,8552,253,171,1,Works,Minimal,TIMS-233994
div-2026-08-31-20,1788138384,8203,812,,0,,,
div-2026-08-31-21,1788138447,8140,243,188,1,Works,Minimal,TIMS-226462
div-2026-08-31-22,1788138666,7921,299,,0,,,
div-2026-08-31-23,1788139328,7259,642,187,1,Works,Minimal,TIMS-232627
div-2026-08-31-24,1788139935,6652,242,,0,,,
div-2026-08-31-26,1788140525,6062,258,171,1,Works,Minimal,TIMS-233994
div-2026-08-31-27,1788140714,5873,246,19,1,Works,Minimal,TIMS-230565
div-2026-08-31-28,1788140680,5907,213,5,1,Works,Minimal,TIMS-231575
div-2026-08-31-30,1788141351,5236,234,,0,,,
div-2026-08-31-32,1788141846,4741,120,,0,,,
div-2026-08-31-33,1788142197,4390,228,,0,,,
div-2026-08-31-34,1788142610,3977,573,,0,,,
div-2026-08-31-35,1788142702,3885,237,112,1,Works,Minimal,TIMS-232350
div-2026-08-31-36,1788142648,3939,270,7,1,Works,Minimal,TIMS-216408
div-2026-08-31-37,1788142921,3666,223,1069,0,,,
div-2026-08-31-39,1788143536,3051,423,,0,,,
div-2026-08-31-42,1788143749,2838,248,5,1,Works,Minimal,TIMS-225605
div-2026-08-31-43,1788143483,3104,323,192,1,Works,Minimal,TIMS-233994
div-2026-08-31-44,1788144082,2505,239,,0,,,
div-2026-08-31-46,1788144113,2474,246,171,1,Works,Minimal,TIMS-233994
div-2026-08-31-47,1788144022,2565,387,,0,,,
div-2026-08-31-48,1788144439,2148,63,1796,0,,,
div-2026-08-31-51,1788144844,1743,75,,0,,,
div-2026-08-31-52,1788144911,1676,312,12,1,Works,Moderate,TIMS-228300
div-2026-08-31-55,1788146113,474,418,6,1,Works,Minimal,TIMS-232627
div-2026-08-31-56,1788146303,284,107,,0,,,
div-2026-08-31-58,1788146935,348,247,,0,,,
div-2026-08-31-59,1788147278,691,156,,0,,,
div-2026-08-31-63,1788148125,1538,247,226,1,Works,Minimal,TIMS-232627
div-2026-08-31-64,1788148149,1562,267,,0,,,
div-2026-08-31-65,1788148359,1772,274,,0,,,
div-2026-08-31-67,1788148805,2218,474,,0,,,
div-2026-08-31-68,1788148668,2081,469,815,0,,,
div-2026-08-31-69,1788148978,2391,465,,0,,,
div-2026-08-31-70,1788148855,2268,246,1416,0,,,
div-2026-08-31-72,1788149041,2454,266,,0,,,
div-2026-08-31-73,1788149307,2720,243,,0,,,
div-2026-08-31-74,1788148626,2039,1,1727,0,,,
div-2026-08-31-75,1788149285,2698,282,15,1,Works,Minimal,TIMS-232621
div-2026-08-31-76,1788149516,2929,138,876,0,,,
div-2026-08-31-77,1788149868,3281,481,,0,,,
div-2026-08-31-78,1788150269,3662,127,148,1,Works,Minimal,TIMS-223303
div-2026-08-31-82,1788150695,3236,545,12,1,Works,Moderate,TIMS-228300
div-2026-08-31-83,1788150537,3394,264,6,1,Asset issues,Minimal,TIMS-234130
div-2026-08-31-87,1788150745,3186,324,257,0,,,
div-2026-08-31-89,1788151349,2582,682,5,1,Breakdowns,Minimal,TIMS-234132
div-2026-08-31-91,1788151479,2452,1,,0,,,
div-2026-08-31-94,1788152035,1896,269,10,1,Works,Minimal,TIMS-234096
div-2026-08-31-95,1788152307,1624,306,40,1,Breakdowns,Minimal,TIMS-234132
div-2026-08-31-98,1788152536,1395,228,,0,,,
div-2026-08-31-99,1788152675,1256,1,1208,0,,,
div-2026-08-31-100,1788152932,999,1,,0,,,
div-2026-08-31-104,1788153455,476,236,,0,,,
div-2026-08-31-105,1788161552,7621,293,1027,0,,,
div-2026-08-31-106,1788161961,8030,472,,0,,,
div-2026-08-31-107,1788161728,7797,254,8,1,Works,Minimal,TIMS-225605
div-2026-08-31-108,1788161721,7790,317,13,1,Works,Minimal,TIMS-225605
div-2026-08-31-110,1788161886,7955,370,322,0,,,
div-2026-08-31-111,1788161834,7903,172,30,1,Works,Minimal,TIMS-232940
div-2026-08-31-113,1788162203,8272,146,1218,0,,,
div-2026-08-31-115,1788162148,8217,399,3,1,Works,Minimal,TIMS-232630
div-2026-08-31-121,1788162538,8607,216,,0,,,
div-2026-08-31-122,1788162438,8507,494,,0,,,
div-2026-08-31-123,1788162662,8731,363,1228,0,,,
div-2026-08-31-124,1788162631,8700,426,248,1,Works,Minimal,TIMS-232067
div-2026-08-31-126,1788162825,8894,190,1069,0,,,
div-2026-08-31-127,1788162781,8850,260,,0,,,
div-2026-08-31-129,1788163076,8746,487,,0,,,
div-2026-08-31-130,1788162990,8832,315,,0,,,
div-2026-08-31-133,1788163289,8533,413,,0,,,
div-2026-08-31-134,1788163164,8658,223,1190,0,,,
div-2026-08-31-137,1788162938,8884,269,,0,,,
div-2026-08-31-139,1788163214,8608,262,13,1,Planned events,Minimal,TIMS-233877
div-2026-08-31-142,1788163339,8483,500,,0,,,
div-2026-08-31-146,1788163637,8185,522,265,0,,,
div-2026-08-31-148,1788163820,8002,293,,0,,,
div-2026-08-31-152,1788164267,7555,290,63,1,Works,Minimal,TIMS-233091
div-2026-08-31-153,1788164326,7496,229,,0,,,
div-2026-08-31-154,1788163517,8305,174,,0,,,
div-2026-08-31-156,1788164405,7417,264,5,1,Collisions,Minimal,TIMS-234125
div-2026-08-31-157,1788164481,7341,342,,0,,,
div-2026-08-31-160,1788164815,7007,238,,0,,,
div-2026-08-31-163,1788164133,7689,39,65,1,Works,Minimal,TIMS-232933
div-2026-08-31-166,1788165305,6517,464,10,1,Works,Minimal,TIMS-232988
div-2026-08-31-168,1788165655,6167,424,,0,,,
div-2026-08-31-169,1788165731,6091,223,,0,,,
div-2026-08-31-170,1788165549,6273,100,,0,,,
div-2026-08-31-173,1788166006,5816,260,,0,,,
div-2026-08-31-176,1788166178,5644,244,19,1,Works,Minimal,TIMS-230565
div-2026-08-31-177,1788166351,5471,148,474,0,,,
div-2026-08-31-180,1788166509,5313,542,,0,,,
div-2026-08-31-184,1788166352,5470,981,217,1,Works,Minimal,TIMS-232067
div-2026-08-31-187,1788166524,5298,1,,0,,,
div-2026-08-31-191,1788167104,4718,275,603,0,,,
div-2026-08-31-192,1788167296,4526,263,2,1,Asset issues,Minimal,TIMS-234130
div-2026-08-31-193,1788167441,4381,252,,0,,,
div-2026-08-31-202,1788167137,4685,1,955,0,,,
div-2026-08-31-207,1788168165,3657,554,3,1,Collisions,Minimal,TIMS-234125
div-2026-08-31-208,1788168016,3806,281,,0,,,
div-2026-08-31-209,1788167487,4335,1,400,0,,,
div-2026-08-31-210,1788168335,3487,335,31,1,Works,Minimal,TIMS-232067
div-2026-08-31-214,1788168774,3048,309,,0,,,
div-2026-08-31-218,1788168751,3071,357,,0,,,
div-2026-08-31-220,1788169147,2675,1,,0,,,
div-2026-08-31-223,1788169245,2577,1,,0,,,
div-2026-08-31-229,1788169564,2258,1,,0,,,
div-2026-08-31-234,1788169628,2194,237,,0,,,
div-2026-08-31-238,1788170123,1699,146,474,0,,,
div-2026-08-31-240,1788169793,2029,517,7,1,Collisions,Minimal,TIMS-234136
div-2026-08-31-247,1788170045,1777,502,7,1,Collisions,Minimal,TIMS-234136
div-2026-08-31-253,1788170515,1307,599,31,1,Works,Minimal,TIMS-232067
div-2026-08-31-266,1788171398,424,1,189,1,Works,Minimal,TIMS-234096
div-2026-08-31-281,1788209118,6163,380,3,1,Works,Minimal,TIMS-232630
div-2026-08-31-282,1788209255,6026,491,7,1,Works,Minimal,TIMS-220784
div-2026-08-31-287,1788209629,5652,357,28,1,Works,Minimal,TIMS-221115
div-2026-08-31-293,1788210727,4554,550,935,0,,,
div-2026-08-31-297,1788210649,4632,181,,0,,,
div-2026-08-31-298,1788211019,4262,689,905,0,,,
div-2026-08-31-300,1788210833,4448,431,37,1,Works,Minimal,TIMS-221115
div-2026-08-31-302,1788210818,4463,826,4,1,Works,Minimal,TIMS-233670
div-2026-08-31-306,1788210678,4603,394,128,1,Works,Minimal,TIMS-232621
div-2026-08-31-310,1788211795,3486,379,,0,,,
div-2026-08-31-313,1788211779,3502,543,,0,,,
div-2026-08-31-324,1788212734,2547,648,,0,,,
div-2026-08-31-325,1788212751,2530,179,,0,,,
div-2026-08-31-334,1788213310,1971,806,31,1,Works,Minimal,TIMS-232067
div-2026-08-31-359,1788214993,288,1096,,0,,,
div-2026-08-31-385,1788217619,2338,252,1309,0,,,
div-2026-08-31-410,1788220310,5029,547,323,0,,,
div-2026-09-01-1,1788220657,5376,854,,0,,,
div-2026-09-01-2,1788220623,5342,588,,0,,,
div-2026-09-01-3,1788220803,5522,365,,0,,,
div-2026-09-01-4,1788220633,5352,512,171,1,Works,Minimal,TIMS-233994
div-2026-09-01-5,1788221083,5802,417,172,1,Works,Minimal,TIMS-232884
div-2026-09-01-6,1788221327,6046,233,,0,,,
div-2026-09-01-7,1788222032,6751,169,,0,,,
div-2026-09-01-8,1788221792,6511,260,118,1,Works,Minimal,TIMS-230565
div-2026-09-01-9,1788222533,7252,484,,0,,,
div-2026-09-01-10,1788222527,7246,1,,0,,,
div-2026-09-01-11,1788222862,7581,246,,0,,,
div-2026-09-01-12,1788222528,7247,291,,0,,,
div-2026-09-01-13,1788223310,8029,243,,0,,,
div-2026-09-01-14,1788223526,8245,677,216,1,Works,Minimal,TIMS-233062
div-2026-09-01-15,1788224214,8933,339,217,1,Works,Minimal,TIMS-232067
div-2026-09-01-16,1788224320,9039,459,,0,,,
div-2026-09-01-17,1788224450,9169,420,,0,,,
div-2026-09-01-18,1788224511,9230,164,,0,,,
div-2026-09-01-19,1788224698,9417,334,,0,,,
div-2026-09-01-20,1788224923,9642,628,,0,,,
div-2026-09-01-21,1788225018,9737,248,,0,,,
div-2026-09-01-22,1788224749,9468,361,,0,,,
div-2026-09-01-23,1788224998,9717,218,,0,,,
div-2026-09-01-24,1788225278,9997,481,,0,,,
div-2026-09-01-25,1788225156,9875,557,,0,,,
div-2026-09-01-26,1788225542,10261,245,215,1,Works,Minimal,TIMS-231430
div-2026-09-01-27,1788225347,10066,561,284,0,,,
div-2026-09-01-28,1788225109,9828,626,,0,,,
div-2026-09-01-29,1788225663,10382,437,8,1,Works,Minimal,TIMS-232627
div-2026-09-01-30,1788226318,10563,266,905,0,,,
div-2026-09-01-31,1788226849,10032,108,,0,,,
div-2026-09-01-32,1788226851,10030,243,,0,,,
div-2026-09-01-33,1788227436,9445,240,,0,,,
div-2026-09-01-34,1788227389,9492,972,,0,,,
div-2026-09-01-35,1788227829,9052,267,,0,,,
div-2026-09-01-36,1788228044,8837,237,,0,,,
div-2026-09-01-37,1788228249,8632,1311,,0,,,
div-2026-09-01-38,1788228258,8623,294,905,0,,,
div-2026-09-01-39,1788227149,9732,1,,0,,,
div-2026-09-01-40,1788228696,8185,197,,0,,,
div-2026-09-01-41,1788228743,8138,246,,0,,,
div-2026-09-01-42,1788229046,7835,269,7,1,Works,Minimal,TIMS-216408
div-2026-09-01-44,1788229401,7480,374,,0,,,
div-2026-09-01-45,1788229904,6977,268,,0,,,
div-2026-09-01-46,1788229908,6973,241,,0,,,
div-2026-09-01-47,1788229703,7178,548,,0,,,
div-2026-09-01-48,1788229353,7528,71,904,0,,,
div-2026-09-01-49,1788229955,6926,250,1307,0,,,
div-2026-09-01-50,1788229921,6960,235,,0,,,
div-2026-09-01-51,1788230050,6831,952,,0,,,
div-2026-09-01-52,1788230401,6480,174,,0,,,
div-2026-09-01-53,1788230574,6307,268,,0,,,
div-2026-09-01-54,1788230761,6120,241,,0,,,
div-2026-09-01-55,1788230835,6046,630,7,1,Works,Minimal,TIMS-232627
div-2026-09-01-56,1788230667,6214,220,1508,0,,,
div-2026-09-01-57,1788230993,5888,297,,0,,,
div-2026-09-01-58,1788231232,5649,645,,0,,,
div-2026-09-01-60,1788231526,5355,592,,0,,,
div-2026-09-01-61,1788231643,5238,411,,0,,,
div-2026-09-01-62,1788231549,5332,245,215,1,Works,Minimal,TIMS-231430
div-2026-09-01-63,1788231583,5298,277,,0,,,
div-2026-09-01-64,1788231595,5286,319,,0,,,
div-2026-09-01-65,1788231767,5114,218,,0,,,
div-2026-09-01-66,1788231922,4959,516,,0,,,
div-2026-09-01-67,1788231712,5169,308,171,1,Works,Minimal,TIMS-233994
div-2026-09-01-68,1788232078,4803,236,,0,,,
div-2026-09-01-69,1788232311,4570,562,,0,,,
div-2026-09-01-70,1788232408,4473,369,999,0,,,
div-2026-09-01-71,1788232607,4274,248,,0,,,
div-2026-09-01-72,1788232756,4125,263,,0,,,
div-2026-09-01-73,1788232554,4327,558,,0,,,
div-2026-09-01-74,1788232898,3983,229,,0,,,
div-2026-09-01-75,1788232696,4185,181,,0,,,
div-2026-09-01-76,1788232938,3943,279,1237,0,,,
div-2026-09-01-77,1788232877,4004,239,75,1,Works,Minimal,TIMS-232627
div-2026-09-01-78,1788233290,3591,344,603,0,,,
div-2026-09-01-79,1788233936,2945,301,96,1,Works,Minimal,TIMS-234096
div-2026-09-01-80,1788234107,2774,245,860,0,,,
div-2026-09-01-81,1788234408,2473,240,,0,,,
div-2026-09-01-83,1788234735,2146,351,31,1,Works,Minimal,TIMS-232067
div-2026-09-01-84,1788234657,2224,518,323,0,,,
div-2026-09-01-85,1788234383,2498,249,44,1,Works,Moderate,TIMS-230857
div-2026-09-01-87,1788235179,1702,309,,0,,,
div-2026-09-01-88,1788235329,1552,243,,0,,,
div-2026-09-01-89,1788235376,1505,275,,0,,,
div-2026-09-01-90,1788235346,1535,461,,0,,,
div-2026-09-01-91,1788235300,1581,236,,0,,,
div-2026-09-01-92,1788235236,1645,405,473,0,,,
div-2026-09-01-93,1788235352,1529,800,,0,,,
div-2026-09-01-95,1788235605,1276,244,,0,,,
div-2026-09-01-97,1788235996,885,496,,0,,,
div-2026-09-01-98,1788235707,1174,230,,0,,,
div-2026-09-01-100,1788236597,284,449,,0,,,
div-2026-09-01-101,1788236583,298,259,,0,,,
div-2026-09-01-102,1788236578,303,239,8,1,Asset issues,Minimal,TIMS-234153
div-2026-09-01-103,1788236677,204,245,,0,,,
div-2026-09-01-104,1788236873,8,1,,0,,,
div-2026-09-01-105,1788236668,213,377,31,1,Works,Minimal,TIMS-232067
div-2026-09-01-106,1788237022,141,590,,0,,,
div-2026-09-01-107,1788237005,124,476,,0,,,
div-2026-09-01-108,1788237124,243,242,15,1,Works,Minimal,TIMS-227966
div-2026-09-01-109,1788237236,355,250,,0,,,
div-2026-09-01-110,1788237257,376,243,1510,0,,,
div-2026-09-01-111,1788237230,349,267,,0,,,
div-2026-09-01-112,1788237229,348,437,248,1,Works,Minimal,TIMS-232067
div-2026-09-01-114,1788237417,536,512,171,1,Works,Minimal,TIMS-233994
div-2026-09-01-115,1788237886,1005,375,,0,,,
div-2026-09-01-116,1788237417,536,80,904,0,,,
div-2026-09-01-119,1788238159,1278,186,,0,,,
div-2026-09-01-120,1788238217,1336,310,,0,,,
div-2026-09-01-122,1788238529,1648,198,,0,,,
div-2026-09-01-123,1788238574,1693,605,,0,,,
div-2026-09-01-124,1788238295,1414,240,,0,,,
div-2026-09-01-125,1788238548,1667,417,926,0,,,
div-2026-09-01-126,1788238643,1762,339,,0,,,
div-2026-09-01-127,1788238375,1494,117,,0,,,
div-2026-09-01-131,1788238570,1689,767,30,1,Works,Moderate,TIMS-230857
div-2026-09-01-132,1788238990,2109,562,,0,,,
div-2026-09-01-135,1788239021,2140,122,,0,,,
div-2026-09-01-136,1788238773,1892,237,,0,,,
div-2026-09-01-140,1788239424,2543,172,,0,,,
div-2026-09-01-142,1788239148,2267,1,,0,,,
div-2026-09-01-146,1788239799,2918,1215,,0,,,
div-2026-09-01-148,1788239883,3002,418,,0,,,
div-2026-09-01-149,1788240113,3232,276,603,0,,,
div-2026-09-01-150,1788240173,3292,734,,0,,,
div-2026-09-01-151,1788240255,3374,350,,0,,,
div-2026-09-01-153,1788240295,3414,276,,0,,,
div-2026-09-01-154,1788240334,3453,375,,0,,,
div-2026-09-01-156,1788240329,3448,518,,0,,,
div-2026-09-01-157,1788240318,3437,357,,0,,,
div-2026-09-01-158,1788240724,3843,223,,0,,,
div-2026-09-01-160,1788240822,3941,587,2,1,Works,Minimal,TIMS-231257
div-2026-09-01-161,1788241170,4289,227,,0,,,
div-2026-09-01-162,1788240888,4007,345,,0,,,
div-2026-09-01-163,1788240845,3964,147,,0,,,
div-2026-09-01-164,1788240818,3937,1,1087,0,,,
div-2026-09-01-165,1788241068,4187,1,,0,,,
div-2026-09-01-166,1788241022,4141,380,3,1,Works,Minimal,TIMS-232630
div-2026-09-01-167,1788240963,4082,1,,0,,,
div-2026-09-01-168,1788241352,4471,1,,0,,,
div-2026-09-01-169,1788241599,4718,570,,0,,,
div-2026-09-01-171,1788241286,4405,265,12,1,Works,Minimal,TIMS-233766
div-2026-09-01-173,1788241595,4714,250,199,1,Works,Minimal,TIMS-232988
div-2026-09-01-174,1788241765,4699,114,,0,,,
div-2026-09-01-175,1788241501,4620,288,321,0,,,
div-2026-09-01-179,1788241859,4605,1,,0,,,
div-2026-09-01-181,1788241913,4551,240,96,1,Works,Minimal,TIMS-234096
div-2026-09-01-182,1788241941,4523,449,,0,,,
div-2026-09-01-183,1788242089,4375,200,,0,,,
div-2026-09-01-185,1788242347,4117,343,837,0,,,
div-2026-09-01-186,1788242355,4109,244,,0,,,
div-2026-09-01-187,1788242159,4305,1,153,1,Works,Minimal,TIMS-233876
div-2026-09-01-188,1788242575,3889,142,1218,0,,,
div-2026-09-01-189,1788242608,3856,424,,0,,,
div-2026-09-01-190,1788242610,3854,995,,0,,,
div-2026-09-01-194,1788242679,3785,270,,0,,,
div-2026-09-01-195,1788242447,4017,330,,0,,,
div-2026-09-01-196,1788242668,3796,1,,0,,,
div-2026-09-01-198,1788242982,3482,255,12,1,Works,Minimal,TIMS-233766
div-2026-09-01-199,1788243105,3359,401,,0,,,
div-2026-09-01-202,1788243129,3335,387,53,1,Works,Minimal,TIMS-234096
div-2026-09-01-207,1788243478,2986,306,,0,,,
div-2026-09-01-209,1788243504,2960,1,,0,,,
div-2026-09-01-213,1788243730,2734,287,13,1,Works,Minimal,TIMS-220784
div-2026-09-01-216,1788243963,2501,242,,0,,,
div-2026-09-01-222,1788244442,2022,1,,0,,,
div-2026-09-01-223,1788244475,1989,456,1321,0,,,
div-2026-09-01-224,1788243894,2570,1,,0,,,
div-2026-09-01-234,1788244398,2066,429,,0,,,
div-2026-09-02-1,1788306969,4933,345,,0,,,
div-2026-09-02-2,1788307052,4850,223,,0,,,
div-2026-09-02-3,1788307123,4779,251,,0,,,
div-2026-09-02-4,1788307193,4709,1,,0,,,
div-2026-09-02-5,1788307222,4680,207,,0,,,
div-2026-09-02-6,1788307355,4547,201,104,1,Works,Minimal,TIMS-231192
div-2026-09-02-7,1788307772,4130,365,,0,,,
div-2026-09-02-8,1788307758,4144,240,,0,,,
div-2026-09-02-9,1788308016,3886,712,,0,,,
div-2026-09-02-10,1788306625,5277,1,,0,,,
div-2026-09-02-11,1788308314,3588,248,13,1,Works,Minimal,TIMS-234175
div-2026-09-02-12,1788308579,3323,250,907,0,,,
div-2026-09-02-13,1788308749,3153,608,14,1,Works,Minimal,TIMS-234194
div-2026-09-02-14,1788309006,2896,268,37,1,Works,Minimal,TIMS-233675
div-2026-09-02-15,1788308849,3053,1,,0,,,
div-2026-09-02-16,1788309079,2823,592,6,1,Works,Minimal,TIMS-232627
div-2026-09-02-17,1788309655,2247,388,1132,0,,,
div-2026-09-02-18,1788309712,2190,1,,0,,,
div-2026-09-02-19,1788309680,2222,260,832,0,,,
div-2026-09-02-20,1788309857,2045,552,,0,,,
div-2026-09-02-21,1788310290,1612,1,323,0,,,
div-2026-09-02-22,1788310627,1275,722,,0,,,
div-2026-09-02-23,1788310764,1138,1,,0,,,
div-2026-09-02-24,1788310951,951,298,,0,,,
div-2026-09-02-25,1788311022,880,151,48,1,Works,Minimal,TIMS-232500
div-2026-09-02-26,1788311307,595,1,538,0,,,
div-2026-09-02-27,1788317176,5274,315,,0,,,
div-2026-09-02-28,1788317399,5497,883,,0,,,
div-2026-09-02-29,1788317393,5491,211,,0,,,
div-2026-09-02-30,1788317711,5809,530,8,1,Works,Minimal,TIMS-233321
div-2026-09-02-31,1788317629,5727,425,,0,,,
div-2026-09-02-32,1788317792,5890,491,298,0,,,
div-2026-09-02-33,1788317964,6062,298,,0,,,
div-2026-09-02-34,1788317968,6066,110,,0,,,
div-2026-09-02-35,1788318131,6229,372,,0,,,
div-2026-09-02-36,1788318220,6318,381,,0,,,
div-2026-09-02-37,1788318775,6873,232,,0,,,
div-2026-09-02-38,1788318775,6873,237,,0,,,
div-2026-09-02-39,1788319426,7524,306,323,0,,,
div-2026-09-02-40,1788319624,7722,515,582,0,,,
div-2026-09-02-41,1788319579,7677,210,,0,,,
div-2026-09-02-42,1788319790,7888,1,,0,,,
div-2026-09-02-43,1788320086,8184,836,,0,,,
div-2026-09-02-44,1788320385,8483,245,,0,,,
div-2026-09-02-45,1788320291,8389,373,,0,,,
div-2026-09-02-46,1788320394,8492,234,14,1,Works,Moderate,TIMS-230857
div-2026-09-02-47,1788320615,8713,398,8,1,Works,Minimal,TIMS-232627
div-2026-09-02-48,1788320986,9084,355,5,1,Works,Minimal,TIMS-232977
div-2026-09-02-49,1788321112,9210,419,547,0,,,
div-2026-09-02-50,1788321375,9473,169,36,1,Works,Minimal,TIMS-234096
div-2026-09-02-51,1788321455,9553,766,,0,,,
div-2026-09-02-52,1788321440,9538,316,,0,,,
div-2026-09-02-53,1788321730,9518,244,,0,,,
div-2026-09-02-54,1788321781,9467,426,,0,,,
div-2026-09-02-55,1788321573,9671,557,353,0,,,
div-2026-09-02-56,1788321739,9509,1008,,0,,,
div-2026-09-02-57,1788322072,9176,345,,0,,,
div-2026-09-02-58,1788322168,9080,447,,0,,,
div-2026-09-02-59,1788322171,9077,238,,0,,,
div-2026-09-02-60,1788322646,8602,476,,0,,,
div-2026-09-02-61,1788322620,8628,538,71,1,Works,Minimal,TIMS-232486
div-2026-09-02-62,1788322660,8588,119,,0,,,
div-2026-09-02-63,1788322847,8401,381,,0,,,
div-2026-09-02-64,1788322931,8317,298,,0,,,
div-2026-09-02-65,1788323222,8026,284,,0,,,
div-2026-09-02-67,1788323561,7687,346,9,1,Works,Minimal,TIMS-230452
div-2026-09-02-68,1788323691,7557,1,,0,,,
div-2026-09-02-69,1788323400,7848,152,522,0,,,
div-2026-09-02-70,1788323814,7434,508,171,1,Works,Minimal,TIMS-233994
div-2026-09-02-71,1788324223,7025,214,,0,,,
div-2026-09-02-72,1788324346,6902,280,6,1,Works,Minimal,TIMS-234177
div-2026-09-02-73,1788324514,6734,87,,0,,,
div-2026-09-02-74,1788324575,6673,270,,0,,,
div-2026-09-02-75,1788324766,6482,418,,0,,,
div-2026-09-02-76,1788324428,6820,248,192,1,Works,Minimal,TIMS-232627
div-2026-09-02-77,1788324779,6469,298,,0,,,
div-2026-09-02-78,1788324489,6759,2,1190,0,,,
div-2026-09-02-79,1788325058,6190,278,192,1,Works,Minimal,TIMS-232627
div-2026-09-02-80,1788325110,6138,1,,0,,,
div-2026-09-02-81,1788324789,6459,127,,0,,,
div-2026-09-02-82,1788325098,6150,275,,0,,,
div-2026-09-02-83,1788324988,6260,143,,0,,,
div-2026-09-02-84,1788325389,5859,467,,0,,,
div-2026-09-02-85,1788325157,6091,240,,0,,,
div-2026-09-02-86,1788325566,5682,417,9,1,Works,Moderate,TIMS-233221
div-2026-09-02-87,1788325384,5864,482,,0,,,
div-2026-09-02-88,1788325528,5720,1,,0,,,
div-2026-09-02-90,1788325467,5781,499,,0,,,
div-2026-09-02-91,1788325789,5459,1,,0,,,
div-2026-09-02-93,1788325701,5547,220,8,1,Works,Minimal,TIMS-232988
div-2026-09-02-94,1788325850,5398,217,15,1,Works,Minimal,TIMS-232621
div-2026-09-02-95,1788325628,5620,521,6,1,Works,Minimal,TIMS-226149
div-2026-09-02-96,1788326029,5219,1,,0,,,
div-2026-09-02-97,1788326165,5083,174,,0,,,
div-2026-09-02-98,1788326178,5070,539,,0,,,
div-2026-09-02-99,1788326461,4787,163,,0,,,
div-2026-09-02-100,1788326393,4855,598,,0,,,
div-2026-09-02-101,1788326573,4675,348,,0,,,
div-2026-09-02-102,1788326863,4385,309,,0,,,
div-2026-09-02-103,1788326815,4433,228,,0,,,
div-2026-09-02-104,1788326809,4439,237,581,0,,,
div-2026-09-02-106,1788326991,4257,1,,0,,,
div-2026-09-02-107,1788327152,4096,1,,0,,,
div-2026-09-02-108,1788326888,4360,547,182,1,Works,Minimal,TIMS-233719
div-2026-09-02-109,1788327245,4003,131,1328,0,,,
div-2026-09-02-110,1788327271,3977,881,12,1,Works,Minimal,TIMS-233766
div-2026-09-02-112,1788327500,3748,331,,0,,,
div-2026-09-02-114,1788327641,3607,449,4,1,Works,Minimal,TIMS-227858
div-2026-09-02-116,1788327533,3715,1,,0,,,
div-2026-09-02-117,1788327719,3529,614,5,1,Works,Minimal,TIMS-234096
div-2026-09-02-118,1788327687,3561,548,9,1,Works,Minimal,TIMS-230452
div-2026-09-02-119,1788327536,3712,1,,0,,,
div-2026-09-02-120,1788327813,3435,168,,0,,,
div-2026-09-02-122,1788327885,3363,310,,0,,,
div-2026-09-02-124,1788328038,3210,309,,0,,,
div-2026-09-02-125,1788327846,3402,290,,0,,,
div-2026-09-02-126,1788327986,3262,365,,0,,,
div-2026-09-02-128,1788327915,3333,1,,0,,,
div-2026-09-02-129,1788328061,3187,262,2,1,Works,Minimal,TIMS-231640
div-2026-09-02-132,1788328259,2989,165,,0,,,
div-2026-09-02-133,1788327973,3275,1,,0,,,
div-2026-09-02-135,1788328374,2874,529,8,1,Works,Minimal,TIMS-232627
div-2026-09-02-136,1788328619,2629,250,,0,,,
div-2026-09-02-138,1788328688,2560,496,,0,,,
div-2026-09-02-139,1788328520,2728,925,,0,,,
div-2026-09-02-140,1788328631,2617,477,,0,,,
div-2026-09-02-145,1788328559,2689,60,,0,,,
div-2026-09-02-147,1788328672,2576,1,,0,,,
div-2026-09-02-148,1788328789,2459,517,96,1,Works,Minimal,TIMS-234096
div-2026-09-02-149,1788328791,2457,1,,0,,,
div-2026-09-02-151,1788328973,2275,167,581,0,,,
div-2026-09-02-152,1788328837,2411,349,31,1,Works,Minimal,TIMS-232067
div-2026-09-02-153,1788329177,2071,1,,0,,,
div-2026-09-02-156,1788329509,1739,1,,0,,,
div-2026-09-02-165,1788329757,1491,535,,0,,,
div-2026-09-02-169,1788330283,965,42,,0,,,
div-2026-09-02-172,1788330161,1087,1,,0,,,
div-2026-09-02-173,1788330121,1127,1,,0,,,
div-2026-09-02-176,1788330166,1082,585,,0,,,
div-2026-09-02-191,1788353878,910,508,827,0,,,
div-2026-09-02-195,1788354265,523,1,,0,,,
div-2026-09-02-198,1788367199,469,1,340,0,,,
div-2026-09-02-210,1788375422,3186,189,739,0,,,
div-2026-09-02-212,1788375604,3004,398,356,0,,,
div-2026-09-02-217,1788375632,2976,451,49,1,Works,Minimal,TIMS-232933
div-2026-09-02-219,1788375864,2744,325,15,1,Works,Minimal,TIMS-232434
div-2026-09-02-222,1788376300,2308,457,,0,,,
div-2026-09-02-224,1788376275,2333,522,,0,,,
div-2026-09-02-241,1788376826,1782,327,,0,,,
div-2026-09-02-248,1788377178,1430,546,49,1,Works,Minimal,TIMS-232933
div-2026-09-03-1,1788393245,2498,323,199,1,Works,Minimal,TIMS-233637
div-2026-09-03-2,1788393336,2589,796,9,1,Works,Minimal,TIMS-230452
div-2026-09-03-3,1788393267,2520,569,284,0,,,
div-2026-09-03-4,1788393343,2596,660,,0,,,
div-2026-09-03-5,1788393572,2825,417,,0,,,
div-2026-09-03-6,1788393822,3075,508,,0,,,
div-2026-09-03-7,1788394011,3264,154,,0,,,
div-2026-09-03-8,1788394020,3273,235,,0,,,
div-2026-09-03-9,1788394116,3369,588,,0,,,
div-2026-09-03-10,1788394304,3557,878,,0,,,
div-2026-09-03-11,1788394252,3505,373,6,1,Works,Minimal,TIMS-232627
div-2026-09-03-12,1788394810,4063,458,,0,,,
div-2026-09-03-13,1788394418,3671,249,7,1,Works,Minimal,TIMS-227966
div-2026-09-03-14,1788395257,4510,495,,0,,,
div-2026-09-03-15,1788395422,4675,360,1918,0,,,
div-2026-09-03-16,1788396424,5677,347,,0,,,
div-2026-09-03-17,1788396736,5989,394,,0,,,
div-2026-09-03-18,1788397012,6265,572,,0,,,
div-2026-09-03-19,1788397246,6499,322,,0,,,
div-2026-09-03-20,1788397297,6550,120,,0,,,
div-2026-09-03-21,1788397221,6474,199,,0,,,
div-2026-09-03-22,1788397462,6715,317,,0,,,
div-2026-09-03-23,1788397654,6907,273,,0,,,
div-2026-09-03-24,1788398016,7269,261,,0,,,
div-2026-09-03-25,1788398462,7715,248,,0,,,
div-2026-09-03-26,1788398365,7618,397,,0,,,
div-2026-09-03-27,1788398267,7520,274,6,1,Works,Minimal,TIMS-234177
div-2026-09-03-28,1788397741,6994,266,7,1,Works,Minimal,TIMS-230565
div-2026-09-03-29,1788398943,8196,240,,0,,,
div-2026-09-03-30,1788399183,8436,204,,0,,,
div-2026-09-03-31,1788399086,8339,276,285,0,,,
div-2026-09-03-32,1788399966,9219,246,595,0,,,
div-2026-09-03-34,1788399983,9236,500,7,1,Works,Minimal,TIMS-216408
div-2026-09-03-38,1788400633,9886,453,6,1,Works,Minimal,TIMS-234177
div-2026-09-03-39,1788400587,9840,738,5,1,Works,Minimal,TIMS-233321
div-2026-09-03-40,1788400972,10225,257,,0,,,
div-2026-09-03-41,1788401183,10436,573,,0,,,
div-2026-09-03-42,1788401358,10611,951,,0,,,
div-2026-09-03-43,1788401880,10467,19,895,0,,,
div-2026-09-03-44,1788402403,9944,281,,0,,,
div-2026-09-03-45,1788402416,9931,486,,0,,,
div-2026-09-03-46,1788402764,9583,244,,0,,,
div-2026-09-03-47,1788402786,9561,173,,0,,,
div-2026-09-03-48,1788403139,9208,299,,0,,,
div-2026-09-03-49,1788403236,9111,261,94,1,Works,Minimal,TIMS-230452
div-2026-09-03-50,1788403550,8797,555,,0,,,
div-2026-09-03-51,1788403307,9040,273,893,0,,,
div-2026-09-03-52,1788404241,8106,234,1006,0,,,
div-2026-09-03-53,1788404081,8266,860,,0,,,
div-2026-09-03-54,1788404374,7973,72,903,0,,,
div-2026-09-03-55,1788404438,7909,1051,,0,,,
div-2026-09-03-56,1788404456,7891,318,,0,,,
div-2026-09-03-57,1788404741,7606,244,11,1,Works,Minimal,TIMS-231257
div-2026-09-03-58,1788404816,7531,282,11,1,Works,Minimal,TIMS-225605
div-2026-09-03-59,1788405061,7286,192,769,0,,,
div-2026-09-03-62,1788406148,6199,248,,0,,,
div-2026-09-03-65,1788407316,5031,324,,0,,,
div-2026-09-03-66,1788407503,4844,277,,0,,,
div-2026-09-03-67,1788407355,4992,365,,0,,,
div-2026-09-03-68,1788407342,5005,423,5,1,Works,Minimal,TIMS-232977
div-2026-09-03-69,1788407579,4768,515,,0,,,
div-2026-09-03-70,1788407846,4501,771,,0,,,
div-2026-09-03-71,1788407700,4647,631,547,0,,,
div-2026-09-03-72,1788407771,4576,292,182,1,Works,Minimal,TIMS-233719
div-2026-09-03-73,1788408168,4179,351,,0,,,
div-2026-09-03-74,1788408306,4041,490,,0,,,
div-2026-09-03-75,1788408372,3975,294,1260,0,,,
div-2026-09-03-76,1788408418,3929,187,608,0,,,
div-2026-09-03-77,1788408444,3903,288,281,0,,,
div-2026-09-03-78,1788408723,3624,662,,0,,,
div-2026-09-03-80,1788408783,3564,260,94,1,Works,Minimal,TIMS-230452
div-2026-09-03-81,1788409263,3084,237,,0,,,
div-2026-09-03-82,1788409367,2980,212,,0,,,
div-2026-09-03-84,1788409735,2612,1,,0,,,
div-2026-09-03-85,1788409738,2609,272,,0,,,
div-2026-09-03-86,1788410218,2129,548,11,1,Works,Minimal,TIMS-231257
div-2026-09-03-87,1788410387,1960,164,995,0,,,
div-2026-09-03-88,1788410424,1923,200,2055,0,,,
div-2026-09-03-89,1788410258,2089,245,21,1,Works,Minimal,TIMS-230565
div-2026-09-03-90,1788410305,2042,510,27,1,Works,Minimal,TIMS-226199
div-2026-09-03-91,1788410540,1807,317,,0,,,
div-2026-09-03-92,1788410879,1468,1,,0,,,
div-2026-09-03-93,1788410708,1639,779,31,1,Works,Minimal,TIMS-226199
div-2026-09-03-94,1788410999,1348,683,,0,,,
div-2026-09-03-95,1788411117,1230,413,,0,,,
div-2026-09-03-97,1788411330,1017,134,,0,,,
div-2026-09-03-99,1788411571,776,237,,0,,,
div-2026-09-03-100,1788411770,577,1120,,0,,,
div-2026-09-03-101,1788411604,743,64,,0,,,
div-2026-09-03-104,1788411556,791,290,182,1,Works,Minimal,TIMS-233719
div-2026-09-03-105,1788411707,640,323,826,0,,,
div-2026-09-03-106,1788411772,575,366,,0,,,
div-2026-09-03-107,1788412128,219,1,,0,,,
div-2026-09-03-109,1788412320,27,1,988,0,,,
div-2026-09-03-110,1788412260,87,226,,0,,,
div-2026-09-03-111,1788412510,163,836,9,1,Works,Minimal,TIMS-230452
div-2026-09-03-114,1788412149,198,10,,0,,,
div-2026-09-03-115,1788413199,852,553,5,1,Works,Minimal,TIMS-233637
div-2026-09-03-116,1788412937,590,293,6,1,Works,Minimal,TIMS-234177
div-2026-09-03-117,1788413176,829,251,284,0,,,
div-2026-09-03-118,1788413456,1109,1,,0,,,
div-2026-09-03-119,1788413709,1362,172,,0,,,
div-2026-09-03-120,1788413997,1650,226,,0,,,
div-2026-09-03-122,1788413509,1162,548,,0,,,
div-2026-09-03-124,1788413765,1418,1,,0,,,
div-2026-09-03-125,1788414159,1812,1,,0,,,
div-2026-09-03-126,1788414282,1935,289,,0,,,
div-2026-09-03-127,1788414191,1844,293,6,1,Works,Minimal,TIMS-231535
div-2026-09-03-128,1788414261,1914,321,281,0,,,
div-2026-09-03-129,1788414542,1743,1,1666,0,,,
div-2026-09-03-131,1788414676,1609,495,,0,,,
div-2026-09-03-133,1788414542,1743,558,,0,,,
div-2026-09-03-134,1788414649,1636,245,199,1,Works,Minimal,TIMS-232988
div-2026-09-03-135,1788414960,1325,1,,0,,,
div-2026-09-03-136,1788415049,1236,76,,0,,,
div-2026-09-03-137,1788414685,1600,253,203,1,Works,Minimal,TIMS-232622
div-2026-09-03-139,1788415119,1166,1,494,0,,,
div-2026-09-03-140,1788415386,899,228,,0,,,
div-2026-09-03-141,1788415281,1004,1,,0,,,
div-2026-09-03-142,1788415518,767,1,1308,0,,,
div-2026-09-03-146,1788415602,683,237,,0,,,
div-2026-09-03-147,1788415858,427,1,,0,,,
div-2026-09-03-148,1788415940,345,1,,0,,,
div-2026-09-03-150,1788415526,759,1,552,0,,,
div-2026-09-03-151,1788420399,4114,328,,0,,,
div-2026-09-03-152,1788421436,5151,301,,0,,,
div-2026-09-03-155,1788420835,4550,1,,0,,,
div-2026-09-03-156,1788421698,5413,466,,0,,,
div-2026-09-03-158,1788421718,5433,223,,0,,,
div-2026-09-03-159,1788421914,5401,289,,0,,,
div-2026-09-03-161,1788421697,5412,1,263,0,,,
div-2026-09-03-162,1788421956,5359,256,,0,,,
div-2026-09-03-163,1788421825,5490,189,,0,,,
div-2026-09-03-165,1788422000,5315,1,,0,,,
div-2026-09-03-166,1788422114,5201,198,,0,,,
div-2026-09-03-167,1788421375,5090,204,188,1,Works,Minimal,TIMS-226462
div-2026-09-03-168,1788422055,5260,463,,0,,,
div-2026-09-03-169,1788422110,5205,610,,0,,,
div-2026-09-03-170,1788422306,5009,284,379,0,,,
div-2026-09-03-178,1788422180,5135,220,15,1,Works,Minimal,TIMS-233087
div-2026-09-03-181,1788422156,5159,310,4,1,Works,Minimal,TIMS-234190
div-2026-09-03-186,1788422526,4789,296,1133,0,,,
div-2026-09-03-188,1788423150,4165,379,,0,,,
div-2026-09-03-189,1788422999,4316,373,,0,,,
div-2026-09-03-191,1788423184,4131,245,,0,,,
div-2026-09-03-192,1788423128,4187,1,1479,0,,,
div-2026-09-03-194,1788423202,4113,119,,0,,,
div-2026-09-03-198,1788422696,4619,395,6,1,Works,Moderate,TIMS-233221
div-2026-09-03-199,1788422561,4754,522,7,1,Works,Minimal,TIMS-227966
div-2026-09-03-200,1788423309,4006,538,460,0,,,
div-2026-09-03-202,1788423798,3517,265,29,1,Collisions,Serious,TIMS-234264
div-2026-09-03-203,1788423899,3416,1,,0,,,
div-2026-09-03-205,1788423923,3392,377,,0,,,
div-2026-09-03-206,1788424148,3167,119,68,1,Works,Minimal,TIMS-226199
div-2026-09-03-208,1788423969,3346,1,,0,,,
div-2026-09-03-209,1788424162,3153,1,,0,,,
div-2026-09-03-211,1788424209,3106,251,,0,,,
div-2026-09-03-212,1788424496,2819,1,,0,,,
div-2026-09-03-214,1788424530,2785,243,,0,,,
div-2026-09-03-215,1788424699,2616,242,,0,,,
div-2026-09-03-216,1788424836,2479,1,,0,,,
div-2026-09-03-222,1788425045,2270,287,379,0,,,
div-2026-09-03-225,1788425017,2298,1,,0,,,
div-2026-09-03-227,1788425199,2116,203,,0,,,
div-2026-09-03-231,1788425239,2076,394,,0,,,
div-2026-09-03-232,1788425363,1952,208,,0,,,
div-2026-09-03-234,1788424751,2564,12,1704,0,,,
div-2026-09-03-242,1788425261,2054,1,,0,,,
div-2026-09-03-244,1788425279,2036,232,1871,0,,,
div-2026-09-03-246,1788425863,1452,1,,0,,,
div-2026-09-03-247,1788425900,1415,1,,0,,,
div-2026-09-03-249,1788425978,1337,1,,0,,,
div-2026-09-03-252,1788425995,1320,295,,0,,,
div-2026-09-03-264,1788426689,626,225,,0,,,
div-2026-09-03-267,1788426521,794,1,,0,,,
div-2026-09-03-268,1788426376,939,1,,0,,,
div-2026-09-03-270,1788426892,423,1,899,0,,,
div-2026-09-03-274,1788437448,509,1,,0,,,
div-2026-09-03-301,1788457941,2046,463,,0,,,
div-2026-09-03-319,1788458506,1481,733,,0,,,
div-2026-09-04-1,1788479834,3548,1,,0,,,
div-2026-09-04-2,1788479534,3848,1,,0,,,
div-2026-09-04-3,1788479757,3625,383,,0,,,
div-2026-09-04-4,1788479783,3599,176,13,1,Collisions,Minimal,TIMS-234292
div-2026-09-04-5,1788479592,3790,374,14,1,Collisions,Minimal,TIMS-234292
div-2026-09-04-6,1788480139,3243,1,300,0,,,
div-2026-09-04-7,1788479872,3510,91,13,1,Collisions,Minimal,TIMS-234292
div-2026-09-04-8,1788480374,3008,1,,0,,,
div-2026-09-04-10,1788479755,3627,1,,0,,,
div-2026-09-04-11,1788480860,2522,418,,0,,,
div-2026-09-04-12,1788481235,2147,1,,0,,,
div-2026-09-04-13,1788481194,2188,1,,0,,,
div-2026-09-04-14,1788481733,1649,109,,0,,,
div-2026-09-04-15,1788481747,1635,316,14,1,Works,Moderate,TIMS-230857
div-2026-09-04-16,1788481993,1389,1,861,0,,,
div-2026-09-04-17,1788482101,1281,368,,0,,,
div-2026-09-04-18,1788482119,1263,382,6,1,Works,Moderate,TIMS-233221
div-2026-09-04-19,1788482582,800,1,1140,0,,,
div-2026-09-04-20,1788482390,992,397,,0,,,
div-2026-09-04-21,1788482980,402,262,434,0,,,
div-2026-09-04-22,1788486997,3615,255,,0,,,
div-2026-09-04-23,1788487019,3637,192,769,0,,,
div-2026-09-04-24,1788486916,3534,1306,,0,,,
div-2026-09-04-26,1788487348,3966,256,,0,,,
div-2026-09-04-27,1788487385,4003,669,,0,,,
div-2026-09-04-28,1788487728,4346,274,7,1,Works,Minimal,TIMS-234288
div-2026-09-04-29,1788488156,4774,243,,0,,,
div-2026-09-04-30,1788488166,4784,215,8,1,Works,Minimal,TIMS-233321
div-2026-09-04-31,1788488491,5109,242,,0,,,
div-2026-09-04-32,1788489023,5641,236,5,1,Works,Minimal,TIMS-234197
div-2026-09-04-33,1788489211,5829,608,,0,,,
div-2026-09-04-34,1788489252,5870,482,,0,,,
div-2026-09-04-36,1788489289,5907,1,265,0,,,
div-2026-09-04-37,1788489696,6314,331,,0,,,
div-2026-09-04-38,1788490234,6852,724,,0,,,
div-2026-09-04-39,1788490114,6732,399,,0,,,
div-2026-09-04-40,1788490374,6992,183,,0,,,
div-2026-09-04-41,1788490426,7044,244,,0,,,
div-2026-09-04-42,1788490432,7050,186,,0,,,
div-2026-09-04-43,1788490523,7141,791,7,1,Works,Minimal,TIMS-234203
div-2026-09-04-44,1788490708,7326,453,,0,,,
div-2026-09-04-45,1788490952,7570,354,13,1,Works,Minimal,TIMS-232301
div-2026-09-04-46,1788491531,8149,252,,0,,,
div-2026-09-04-47,1788491779,8397,725,,0,,,
div-2026-09-04-48,1788491902,8520,270,,0,,,
div-2026-09-04-49,1788491833,8451,265,1324,0,,,
div-2026-09-04-50,1788491813,8431,209,,0,,,
div-2026-09-04-51,1788492123,8741,1272,,0,,,
div-2026-09-04-52,1788492416,9034,1102,4,1,Works,Minimal,TIMS-233670
div-2026-09-04-53,1788492351,8969,210,,0,,,
div-2026-09-04-54,1788492590,9208,287,,0,,,
div-2026-09-04-55,1788492730,9348,536,,0,,,
div-2026-09-04-56,1788492556,9174,202,,0,,,
div-2026-09-04-57,1788492502,9120,256,,0,,,
div-2026-09-04-59,1788493148,9766,310,,0,,,
div-2026-09-04-60,1788493000,9618,521,3,1,Works,Minimal,TIMS-232933
div-2026-09-04-61,1788493928,10546,235,,0,,,
div-2026-09-04-62,1788493731,10349,364,,0,,,
div-2026-09-04-63,1788493932,10550,164,,0,,,
div-2026-09-04-64,1788494095,10713,241,,0,,,
div-2026-09-04-65,1788494021,10639,590,,0,,,
div-2026-09-04-66,1788494162,10780,197,,0,,,
div-2026-09-04-67,1788494255,10728,307,,0,,,
div-2026-09-04-68,1788494033,10651,419,547,0,,,
div-2026-09-04-70,1788494694,10289,244,,0,,,
div-2026-09-04-72,1788494127,10745,1,,0,,,
div-2026-09-04-73,1788494962,10021,349,,0,,,
div-2026-09-04-75,1788495141,9842,240,,0,,,
div-2026-09-04-76,1788495226,9757,242,387,0,,,
div-2026-09-04-80,1788494956,10027,601,,0,,,
div-2026-09-04-82,1788495876,9107,150,,0,,,
div-2026-09-04-85,1788496159,8824,414,,0,,,
div-2026-09-04-86,1788496014,8969,330,1198,0,,,
div-2026-09-04-89,1788496356,8627,249,12,1,Works,Minimal,TIMS-213893
div-2026-09-04-90,1788496318,8665,308,163,1,Works,Minimal,TIMS-233719
div-2026-09-04-92,1788496856,8127,151,995,0,,,
div-2026-09-04-94,1788497097,7886,449,,0,,,
div-2026-09-04-98,1788497391,7592,202,,0,,,
div-2026-09-04-101,1788497487,7496,204,,0,,,
div-2026-09-04-102,1788496879,8104,1,,0,,,
div-2026-09-04-104,1788497574,7409,411,,0,,,
div-2026-09-04-110,1788497895,7088,191,,0,,,
div-2026-09-04-112,1788497431,7552,300,200,1,Works,Minimal,TIMS-232988
div-2026-09-04-114,1788498185,6798,244,,0,,,
div-2026-09-04-118,1788497985,6998,209,10,1,Works,Minimal,TIMS-234280
div-2026-09-04-123,1788498786,6197,100,,0,,,
div-2026-09-04-124,1788498804,6179,718,,0,,,
div-2026-09-04-126,1788498930,6053,287,,0,,,
div-2026-09-04-131,1788499159,5824,255,,0,,,
div-2026-09-04-132,1788499234,5749,198,,0,,,
div-2026-09-04-133,1788498887,6096,531,6,1,Works,Serious,TIMS-233221
div-2026-09-04-134,1788499201,5782,358,,0,,,
div-2026-09-04-135,1788499213,5770,413,,0,,,
div-2026-09-04-136,1788499420,5563,415,,0,,,
div-2026-09-04-137,1788499374,5609,562,7,1,Works,Minimal,TIMS-234203
div-2026-09-04-138,1788499520,5463,268,,0,,,
div-2026-09-04-141,1788499808,5175,270,,0,,,
div-2026-09-04-143,1788500015,4968,235,,0,,,
div-2026-09-04-147,1788500294,4689,330,,0,,,
div-2026-09-04-156,1788500658,4325,249,,0,,,
div-2026-09-04-159,1788501315,3668,472,,0,,,
div-2026-09-04-165,1788501384,3599,311,,0,,,
div-2026-09-04-167,1788501291,3692,291,163,1,Works,Minimal,TIMS-233719
div-2026-09-04-168,1788501274,3709,235,,0,,,
div-2026-09-04-171,1788501174,3809,1,,0,,,
div-2026-09-04-175,1788501871,3112,234,,0,,,
div-2026-09-04-177,1788501745,3238,679,,0,,,
div-2026-09-04-181,1788501850,3133,482,,0,,,
div-2026-09-04-182,1788501254,3729,217,9,1,Works,Serious,TIMS-233221
div-2026-09-04-190,1788501544,3439,224,,0,,,
div-2026-09-04-198,1788501402,3581,1,,0,,,
div-2026-09-04-199,1788502650,2333,514,,0,,,
div-2026-09-04-200,1788502721,2262,234,,0,,,
div-2026-09-04-201,1788502273,2710,195,74,1,Works,Minimal,TIMS-210430
div-2026-09-04-210,1788503007,1976,328,7,1,Works,Minimal,TIMS-234203
div-2026-09-04-211,1788503293,1690,177,725,0,,,
div-2026-09-04-213,1788503294,1689,216,,0,,,
div-2026-09-04-214,1788502979,2004,1,,0,,,
div-2026-09-04-220,1788503190,1793,241,,0,,,
div-2026-09-04-221,1788503583,1400,307,,0,,,
div-2026-09-04-223,1788503368,1615,1,,0,,,
div-2026-09-04-226,1788502123,2860,1,,0,,,
div-2026-09-04-233,1788503443,1540,289,,0,,,
div-2026-09-04-234,1788503845,1138,1,,0,,,
div-2026-09-04-244,1788504355,628,363,9,1,Works,Minimal,TIMS-234280
div-2026-09-04-247,1788504330,653,244,,0,,,
div-2026-09-04-249,1788504297,686,274,,0,,,
div-2026-09-04-250,1788504429,554,213,,0,,,
div-2026-09-04-252,1788504058,925,1,,0,,,
div-2026-09-04-254,1788504659,324,1987,,0,,,
div-2026-09-04-261,1788504398,585,1,,0,,,
div-2026-09-04-262,1788504400,583,1,,0,,,
div-2026-09-04-263,1788504505,478,226,476,0,,,
div-2026-09-04-268,1788504591,392,1,,0,,,
div-2026-09-04-269,1788504992,9,196,,0,,,
div-2026-09-04-276,1788504923,60,203,,0,,,
div-2026-09-04-279,1788505127,144,331,196,1,Works,Minimal,TIMS-233076
div-2026-09-04-282,1788505385,402,231,,0,,,
div-2026-09-04-285,1788505551,568,1,,0,,,
div-2026-09-04-289,1788505542,559,487,,0,,,
div-2026-09-04-290,1788504419,564,266,4,1,Works,Minimal,TIMS-232421
div-2026-09-04-294,1788505760,777,1,,0,,,
div-2026-09-04-300,1788505890,907,252,464,0,,,
div-2026-09-04-302,1788505686,703,1,,0,,,
div-2026-09-04-304,1788506095,1112,206,,0,,,
div-2026-09-04-306,1788506239,1256,293,,0,,,
div-2026-09-04-310,1788506399,1416,172,,0,,,
div-2026-09-04-311,1788506478,1495,1,,0,,,
div-2026-09-04-314,1788506381,1398,1,695,0,,,
div-2026-09-04-317,1788506754,1771,1,643,0,,,
div-2026-09-04-319,1788506723,1740,1,1342,0,,,
div-2026-09-04-330,1788506727,1744,1,,0,,,
div-2026-09-04-332,1788507279,2296,1,,0,,,
div-2026-09-04-337,1788555390,7503,749,49,1,Works,Minimal,TIMS-232933
div-2026-09-04-339,1788555554,7339,1322,3,1,Works,Minimal,TIMS-232933
div-2026-09-04-355,1788555958,6935,441,2,1,Asset issues,Moderate,TIMS-234304
div-2026-09-04-358,1788555677,7216,284,225,1,Planned events,Minimal,TIMS-233161
div-2026-09-04-363,1788556924,5969,244,,0,,,
div-2026-09-04-366,1788556790,6103,312,222,1,Works,Serious,TIMS-233221
div-2026-09-04-367,1788557028,5865,53,156,1,Works,Minimal,TIMS-234197
div-2026-09-04-380,1788557749,5144,162,56,1,Works,Moderate,TIMS-234348
div-2026-09-04-381,1788557752,5141,485,,0,,,
div-2026-09-04-387,1788557847,5046,322,3,1,Works,Minimal,TIMS-232933
div-2026-09-04-388,1788558079,4814,335,15,1,Works,Minimal,TIMS-232434
div-2026-09-04-395,1788558646,4247,560,,0,,,
div-2026-09-04-413,1788559615,3278,649,662,0,,,
div-2026-09-04-416,1788559792,3101,273,265,0,,,
div-2026-09-04-419,1788559629,3264,576,131,1,Works,Moderate,TIMS-234348
div-2026-09-04-420,1788559605,3288,370,617,0,,,
div-2026-09-04-421,1788559857,3036,485,,0,,,
div-2026-09-04-424,1788559791,3102,520,20,1,Works,Moderate,TIMS-234348
div-2026-09-04-426,1788560452,2441,327,,0,,,
div-2026-09-04-428,1788560331,2562,827,5,1,Works,Minimal,TIMS-233491
div-2026-09-04-430,1788559245,3648,476,5,1,Works,Minimal,TIMS-233670
div-2026-09-04-443,1788561080,1813,217,,0,,,
div-2026-09-04-453,1788561549,1344,234,46,1,Works,Minimal,TIMS-234036
div-2026-09-04-454,1788561510,1383,23,2642,0,,,
div-2026-09-04-460,1788562048,845,326,15,1,Works,Minimal,TIMS-232434
div-2026-09-04-481,1788562883,10,478,6,1,Works,Serious,TIMS-233221
div-2026-09-04-488,1788563900,1007,433,,0,,,
div-2026-09-04-508,1788565398,2505,257,,0,,,
div-2026-09-04-511,1788565426,2533,584,8,1,Works,Minimal,TIMS-232627
div-2026-09-05-2,1788566510,3617,1,,0,,,
div-2026-09-05-6,1788567025,4132,262,8,1,Works,Minimal,TIMS-232627
div-2026-09-05-8,1788567714,4821,349,14,1,Works,Moderate,TIMS-230857
div-2026-09-05-9,1788567644,4751,1,,0,,,
div-2026-09-05-10,1788567798,4905,364,,0,,,
div-2026-09-05-11,1788567947,5054,352,,0,,,
div-2026-09-05-14,1788568537,5644,90,,0,,,
div-2026-09-05-15,1788568784,5891,451,,0,,,
div-2026-09-05-16,1788569019,6126,387,,0,,,
div-2026-09-05-19,1788569342,6449,333,,0,,,
div-2026-09-05-20,1788569639,6746,1,483,0,,,
div-2026-09-05-23,1788569736,6843,383,8,1,Works,Minimal,TIMS-232627
div-2026-09-05-24,1788569973,7080,121,,0,,,
div-2026-09-05-26,1788570328,7435,277,542,0,,,
div-2026-09-05-27,1788570774,7881,226,,0,,,
div-2026-09-05-28,1788571303,8410,322,,0,,,
div-2026-09-05-30,1788571605,8712,301,228,1,Works,Minimal,TIMS-230565
div-2026-09-05-32,1788572217,9324,113,,0,,,
div-2026-09-05-37,1788572755,9862,253,1350,0,,,
div-2026-09-05-38,1788574079,10414,1,50,1,Works,Minimal,TIMS-232854
div-2026-09-05-39,1788574668,9825,238,,0,,,
div-2026-09-05-41,1788574919,9574,236,,0,,,
div-2026-09-05-42,1788574920,9573,223,,0,,,
div-2026-09-05-44,1788575574,8919,365,,0,,,
div-2026-09-05-47,1788575639,8854,172,,0,,,
div-2026-09-05-48,1788575798,8695,460,,0,,,
div-2026-09-05-49,1788576092,8401,417,,0,,,
div-2026-09-05-51,1788576012,8481,246,,0,,,
div-2026-09-05-54,1788576452,8041,346,,0,,,
div-2026-09-05-55,1788576746,7747,183,,0,,,
div-2026-09-05-58,1788576714,7779,230,124,1,Works,Minimal,TIMS-232931
div-2026-09-05-60,1788576705,7788,496,4,1,Works,Minimal,TIMS-231535
div-2026-09-05-61,1788576933,7560,154,,0,,,
div-2026-09-05-62,1788577147,7346,239,,0,,,
div-2026-09-05-63,1788577554,6939,121,,0,,,
div-2026-09-05-66,1788577957,6536,261,4,1,Works,Minimal,TIMS-231535
div-2026-09-05-67,1788578309,6184,242,,0,,,
div-2026-09-05-71,1788578753,5740,580,6,1,Works,Minimal,TIMS-232627
div-2026-09-05-73,1788579259,5234,303,,0,,,
div-2026-09-05-77,1788580415,4078,200,,0,,,
div-2026-09-05-80,1788581016,3477,244,,0,,,
div-2026-09-05-82,1788580961,3532,248,,0,,,
div-2026-09-05-85,1788581118,3375,1,,0,,,
div-2026-09-05-87,1788581270,3223,422,46,1,Works,Minimal,TIMS-234036
div-2026-09-05-92,1788582460,2033,268,,0,,,
div-2026-09-05-93,1788582696,1797,119,,0,,,
div-2026-09-05-94,1788582717,1776,222,27,1,Collisions,Minimal,TIMS-234354
div-2026-09-05-95,1788582928,1565,339,496,0,,,
div-2026-09-05-97,1788583303,1190,307,,0,,,
div-2026-09-05-103,1788583719,774,245,,0,,,
div-2026-09-05-104,1788583687,806,310,,0,,,
div-2026-09-05-108,1788583423,1070,338,,0,,,
div-2026-09-05-109,1788583944,549,220,,0,,,
div-2026-09-05-110,1788583760,733,209,,0,,,
div-2026-09-05-112,1788583926,567,253,8,1,Works,Minimal,TIMS-225605
div-2026-09-05-113,1788583991,502,628,1198,0,,,
div-2026-09-05-118,1788584568,75,456,,0,,,
div-2026-09-05-119,1788584679,186,386,,0,,,
div-2026-09-05-120,1788584453,40,258,5,1,Collisions,Minimal,TIMS-234354
div-2026-09-05-123,1788584362,131,287,,0,,,
div-2026-09-05-126,1788584861,368,239,,0,,,
div-2026-09-05-127,1788584916,423,457,265,0,,,
div-2026-09-05-129,1788584896,403,1033,,0,,,
div-2026-09-05-132,1788585451,958,505,,0,,,
div-2026-09-05-133,1788585500,1007,481,,0,,,
div-2026-09-05-144,1788586732,2239,231,,0,,,
div-2026-09-05-148,1788586793,2300,305,8,1,Works,Minimal,TIMS-233491
div-2026-09-05-150,1788587257,2764,316,14,1,Works,Moderate,TIMS-230857
div-2026-09-05-152,1788587039,2546,236,,0,,,
div-2026-09-05-166,1788587884,3391,280,,0,,,
div-2026-09-05-171,1788588636,4143,104,,0,,,
div-2026-09-05-177,1788588821,4328,270,1283,0,,,
div-2026-09-05-178,1788589181,4688,322,,0,,,
div-2026-09-05-179,1788589123,4630,313,496,0,,,
div-2026-09-05-180,1788589416,4923,245,,0,,,
div-2026-09-05-182,1788589524,5031,255,,0,,,
div-2026-09-05-183,1788589737,5244,359,,0,,,
div-2026-09-05-186,1788589786,5293,408,,0,,,
div-2026-09-05-190,1788589546,5053,292,99,1,Works,Minimal,TIMS-233091
div-2026-09-05-192,1788590020,5527,419,,0,,,
div-2026-09-05-195,1788589878,5385,318,,0,,,
div-2026-09-05-198,1788590016,5523,365,7,1,Works,Minimal,TIMS-234203
div-2026-09-05-201,1788590210,5717,909,1198,0,,,
div-2026-09-05-205,1788590623,6130,203,,0,,,
div-2026-09-05-208,1788590796,6303,238,,0,,,
div-2026-09-05-212,1788590823,6330,179,827,0,,,
div-2026-09-05-216,1788590954,6461,154,797,0,,,
div-2026-09-05-218,1788591332,6839,120,,0,,,
div-2026-09-05-221,1788591425,6932,724,,0,,,
div-2026-09-05-223,1788591790,7297,685,,0,,,
div-2026-09-05-225,1788591783,7290,641,,0,,,
div-2026-09-05-229,1788591852,7359,191,,0,,,
div-2026-09-05-231,1788591896,7403,269,,0,,,
div-2026-09-05-235,1788592242,7749,256,,0,,,
div-2026-09-05-238,1788592497,8004,144,1218,0,,,
div-2026-09-05-241,1788592947,8454,236,,0,,,
div-2026-09-05-242,1788592576,8083,222,,0,,,
div-2026-09-05-247,1788593082,8573,199,1901,0,,,
div-2026-09-05-254,1788593573,8082,280,,0,,,
div-2026-09-05-257,1788594135,7520,202,,0,,,
div-2026-09-05-258,1788593684,7971,237,,0,,,
div-2026-09-05-263,1788594447,7208,311,,0,,,
div-2026-09-05-265,1788594451,7204,305,,0,,,
div-2026-09-05-266,1788594637,7018,472,,0,,,
div-2026-09-05-269,1788594477,7178,248,5,1,Works,Minimal,TIMS-231535
div-2026-09-05-271,1788594563,7092,324,1283,0,,,
div-2026-09-05-272,1788594719,6936,373,7,1,Works,Minimal,TIMS-234203
div-2026-09-05-275,1788595095,6560,246,,0,,,
div-2026-09-05-278,1788595157,6498,244,,0,,,
div-2026-09-05-282,1788595399,6256,462,,0,,,
div-2026-09-05-286,1788595588,6067,305,,0,,,
div-2026-09-05-289,1788595650,6005,277,,0,,,
div-2026-09-05-291,1788595490,6165,225,,0,,,
div-2026-09-05-302,1788596543,5112,201,,0,,,
div-2026-09-05-310,1788596818,4837,365,7,1,Works,Minimal,TIMS-234203
div-2026-09-05-312,1788597114,4541,1,,0,,,
div-2026-09-05-317,1788597535,4120,265,,0,,,
div-2026-09-05-326,1788598061,3594,526,167,1,Works,Minimal,TIMS-232627
div-2026-09-05-331,1788598326,3329,100,,0,,,
div-2026-09-05-333,1788598379,3276,378,387,0,,,
div-2026-09-05-339,1788598549,3106,1,,0,,,
div-2026-09-05-340,1788598404,3251,194,1901,0,,,
div-2026-09-05-342,1788598816,2839,152,,0,,,
div-2026-09-05-343,1788598818,2837,236,227,1,Works,Minimal,TIMS-226462
div-2026-09-05-345,1788599146,2509,577,,0,,,
div-2026-09-05-347,1788598850,2805,234,46,1,Works,Minimal,TIMS-234036
div-2026-09-05-349,1788598926,2729,327,,0,,,
div-2026-09-05-362,1788599693,1962,241,,0,,,
div-2026-09-05-363,1788599704,1951,194,,0,,,
div-2026-09-05-364,1788599527,2128,1,,0,,,
div-2026-09-05-367,1788599942,1713,173,724,0,,,
div-2026-09-05-368,1788599741,1914,1,1299,0,,,
div-2026-09-05-371,1788599982,1673,492,44,1,Works,Moderate,TIMS-230857
div-2026-09-05-372,1788599866,1789,1,209,1,Works,Minimal,TIMS-234036
div-2026-09-05-373,1788600025,1630,278,,0,,,
div-2026-09-05-375,1788600478,1177,214,,0,,,
div-2026-09-05-378,1788600624,1031,1,,0,,,
div-2026-09-05-388,1788600977,678,1,,0,,,
div-2026-09-05-393,1788614685,8570,166,741,0,,,
div-2026-09-05-396,1788615308,7947,472,,0,,,
div-2026-09-05-398,1788614982,8273,1351,3,1,Works,Minimal,TIMS-232933
div-2026-09-05-408,1788616178,7077,308,,0,,,
div-2026-09-05-412,1788616388,6867,311,543,0,,,
div-2026-09-05-414,1788616285,6970,325,,0,,,
div-2026-09-05-415,1788616563,6692,202,,0,,,
div-2026-09-05-417,1788616583,6672,464,,0,,,
div-2026-09-05-419,1788616768,6487,322,,0,,,
div-2026-09-05-422,1788616549,6706,225,,0,,,
div-2026-09-05-427,1788616722,6533,424,1581,0,,,
div-2026-09-05-434,1788617384,5871,308,,0,,,
div-2026-09-05-436,1788617446,5809,198,,0,,,
div-2026-09-05-444,1788617633,5622,483,372,0,,,
div-2026-09-05-461,1788618172,5083,251,,0,,,
div-2026-09-05-473,1788618342,4913,608,1198,0,,,
div-2026-09-05-477,1788618306,4949,246,1358,0,,,
div-2026-09-05-483,1788618893,4362,370,3,1,Works,Serious,TIMS-234299
div-2026-09-05-486,1788619198,4057,564,,0,,,
div-2026-09-05-488,1788618981,4274,346,476,0,,,
div-2026-09-05-492,1788618988,4267,293,,0,,,
div-2026-09-05-510,1788620022,3233,465,,0,,,
div-2026-09-05-511,1788619857,3398,242,,0,,,
div-2026-09-05-530,1788620469,2786,688,,0,,,
div-2026-09-05-540,1788620974,2281,1418,3,1,Works,Minimal,TIMS-232630
div-2026-09-05-546,1788621462,1793,500,,0,,,
div-2026-09-05-549,1788621552,1703,413,,0,,,
div-2026-09-05-551,1788621404,1851,405,4,1,Works,Minimal,TIMS-227858
div-2026-09-05-555,1788621746,1509,368,5,1,Works,Minimal,TIMS-232301
div-2026-09-05-556,1788621942,1313,309,,0,,,
div-2026-09-05-558,1788621935,1320,405,,0,,,
div-2026-09-05-562,1788622207,1048,308,529,0,,,
div-2026-09-05-569,1788622496,759,1080,,0,,,
div-2026-09-05-570,1788622346,909,513,,0,,,
div-2026-09-05-572,1788622343,912,346,,0,,,
div-2026-09-05-581,1788622351,904,456,254,0,,,
div-2026-09-05-591,1788623528,273,573,,0,,,
div-2026-09-05-594,1788623600,345,365,,0,,,
div-2026-09-05-595,1788623734,479,146,1218,0,,,
div-2026-09-05-598,1788623561,306,654,,0,,,
div-2026-09-05-610,1788623813,558,236,,0,,,
div-2026-09-05-617,1788624258,1003,377,,0,,,
div-2026-09-05-620,1788624487,1232,312,265,0,,,
div-2026-09-05-626,1788624363,1108,700,,0,,,
div-2026-09-05-627,1788624809,1554,179,,0,,,
div-2026-09-05-628,1788624503,1248,263,,0,,,
div-2026-09-05-639,1788625424,2169,214,,0,,,
div-2026-09-05-647,1788626041,2786,352,,0,,,
div-2026-09-05-651,1788626124,2869,325,,0,,,
div-2026-09-05-670,1788627564,4309,964,,0,,,
div-2026-09-05-675,1788627136,3881,974,,0,,,
div-2026-09-05-677,1788627678,4423,140,,0,,,
div-2026-09-05-678,1788627813,4558,309,,0,,,
div-2026-09-05-684,1788627934,4679,365,,0,,,
div-2026-09-05-698,1788628769,5514,465,,0,,,
div-2026-09-05-699,1788628357,5102,786,,0,,,
div-2026-09-05-706,1788629124,5869,477,70,1,Works,Minimal,TIMS-221115
div-2026-09-05-708,1788629280,6025,679,,0,,,
div-2026-09-05-712,1788629479,6224,484,93,1,Planned events,Minimal,TIMS-233562
div-2026-09-05-715,1788628415,5160,467,396,0,,,
div-2026-09-05-741,1788630806,7551,605,12,1,Works,Serious,TIMS-228300
div-2026-09-05-744,1788631219,7964,204,,0,,,
div-2026-09-05-745,1788631263,8008,235,,0,,,
div-2026-09-05-749,1788631504,8249,144,1218,0,,,
div-2026-09-05-754,1788631370,8115,263,,0,,,
div-2026-09-05-755,1788631423,8168,531,11,1,Works,Minimal,TIMS-233076
div-2026-09-05-765,1788631898,8643,429,,0,,,
div-2026-09-05-775,1788632618,9363,234,,0,,,
div-2026-09-05-783,1788633371,10116,483,6,1,Works,Minimal,TIMS-234203
div-2026-09-05-789,1788633003,9748,712,,0,,,
div-2026-09-05-792,1788633468,10213,157,,0,,,
div-2026-09-05-802,1788633889,10634,327,,0,,,
div-2026-09-05-814,1788635206,9649,347,,0,,,
div-2026-09-05-817,1788635159,9696,526,10,1,Collisions,Minimal,TIMS-234376
div-2026-09-05-821,1788635312,9543,288,13,1,Collisions,Minimal,TIMS-234376
div-2026-09-05-826,1788635978,8877,707,,0,,,
div-2026-09-05-827,1788635706,9149,500,12,1,Works,Minimal,TIMS-227966
div-2026-09-05-830,1788635763,9092,401,356,0,,,
div-2026-09-05-832,1788635857,8998,568,447,0,,,
div-2026-09-05-834,1788636187,8668,146,1218,0,,,
div-2026-09-05-849,1788636555,8300,1052,,0,,,
div-2026-09-05-855,1788636817,8038,639,265,0,,,
div-2026-09-05-866,1788637413,7442,708,25,1,Works,Moderate,TIMS-234299
div-2026-09-05-870,1788637808,7047,495,5,1,Collisions,Minimal,TIMS-234377
div-2026-09-05-888,1788638806,6049,322,,0,,,
div-2026-09-05-893,1788639208,5647,325,1198,0,,,
div-2026-09-05-895,1788638853,6002,231,42,1,Collisions,Minimal,TIMS-234377
div-2026-09-05-898,1788639342,5513,492,44,1,Works,Moderate,TIMS-230857
div-2026-09-05-901,1788639625,5230,365,,0,,,
div-2026-09-05-910,1788640004,4851,431,,0,,,
div-2026-09-05-918,1788640024,4831,194,1901,0,,,
div-2026-09-05-931,1788640920,3935,336,,0,,,
div-2026-09-05-941,1788641371,3484,1223,12,1,Collisions,Minimal,TIMS-234378
div-2026-09-05-950,1788642605,2250,505,,0,,,
div-2026-09-05-965,1788643343,1512,243,,0,,,
div-2026-09-05-981,1788644106,749,688,13,1,Collisions,Minimal,TIMS-234376
div-2026-09-05-987,1788644017,838,340,,0,,,
div-2026-09-05-990,1788643840,1015,592,2,1,Works,Moderate,TIMS-234277
div-2026-09-05-995,1788644523,332,358,,0,,,
div-2026-09-05-996,1788643940,915,340,81,1,Planned events,Minimal,TIMS-233905
div-2026-09-05-997,1788644485,370,615,7,1,Works,Minimal,TIMS-234203
div-2026-09-05-1004,1788644760,95,300,58,1,Emergency service incidents,Minimal,TIMS-234379
div-2026-09-05-1005,1788644427,428,216,14,1,Emergency service incidents,Minimal,TIMS-234379
div-2026-09-05-1009,1788644660,195,381,34,1,Collisions,Minimal,TIMS-234377
div-2026-09-05-1012,1788645290,435,1471,4,1,Works,Minimal,TIMS-231535
div-2026-09-05-1017,1788645634,779,541,2,1,Works,Moderate,TIMS-234277
div-2026-09-05-1026,1788646483,1628,226,,0,,,
div-2026-09-05-1032,1788646832,1977,348,,0,,,
div-2026-09-05-1034,1788646824,1969,237,,0,,,
div-2026-09-05-1045,1788646258,1403,278,2,1,Works,Moderate,TIMS-234277
div-2026-09-05-1051,1788647018,2163,40,383,0,,,
div-2026-09-05-1061,1788648116,3261,1384,12,1,Collisions,Minimal,TIMS-234378
div-2026-09-05-1086,1788650295,5440,325,,0,,,
div-2026-09-05-1087,1788650638,5783,475,12,1,Collisions,Minimal,TIMS-234378
div-2026-09-05-1096,1788651353,6498,556,2,1,Works,Moderate,TIMS-234277
div-2026-09-05-1100,1788651742,6887,365,,0,,,
div-2026-09-05-1103,1788651934,7079,484,,0,,,
div-2026-09-06-6,1788652800,7945,276,171,1,Works,Minimal,TIMS-233994
div-2026-09-06-8,1788652465,7610,327,,0,,,
div-2026-09-06-9,1788653403,8548,437,1352,0,,,
div-2026-09-06-11,1788654109,9254,341,14,1,Works,Moderate,TIMS-230857
div-2026-09-06-12,1788653623,8768,242,15,1,Works,Minimal,TIMS-233321
div-2026-09-06-34,1788658070,8386,309,265,0,,,
div-2026-09-06-41,1788661987,4469,172,,0,,,
div-2026-09-06-45,1788662491,3965,397,,0,,,
div-2026-09-06-46,1788662788,3668,347,,0,,,
div-2026-09-06-48,1788663340,3116,418,,0,,,
div-2026-09-06-49,1788663703,2753,164,,0,,,
div-2026-09-06-51,1788664014,2442,541,,0,,,
div-2026-09-06-58,1788666449,7,880,,0,,,
div-2026-09-06-64,1788667373,917,609,,0,,,
div-2026-09-06-65,1788667483,1027,457,,0,,,
div-2026-09-06-73,1788668985,2529,1684,,0,,,
div-2026-09-06-75,1788669128,2672,373,,0,,,
div-2026-09-06-82,1788670367,3911,611,,0,,,
div-2026-09-06-85,1788670285,3829,1607,4,1,Works,Minimal,TIMS-231535
div-2026-09-06-88,1788669925,3469,809,4,1,Works,Minimal,TIMS-233073
div-2026-09-06-90,1788670488,4032,532,265,0,,,
div-2026-09-06-91,1788670655,4199,988,,0,,,
div-2026-09-06-98,1788670584,4128,730,195,1,Works,Minimal,TIMS-232621
div-2026-09-06-100,1788670955,4499,205,,0,,,
div-2026-09-06-106,1788671603,5147,599,12,1,Works,Moderate,TIMS-228300
div-2026-09-06-109,1788671258,4802,508,,0,,,
div-2026-09-06-111,1788672172,5716,1882,4,1,Works,Minimal,TIMS-231535
div-2026-09-06-116,1788672165,5709,343,,0,,,
div-2026-09-06-121,1788673040,6584,553,,0,,,
div-2026-09-06-123,1788672996,6540,313,265,0,,,
div-2026-09-06-129,1788673675,7219,1201,4,1,Works,Minimal,TIMS-232977
div-2026-09-06-133,1788673893,7437,312,,0,,,
div-2026-09-06-141,1788674583,8127,402,,0,,,
div-2026-09-06-147,1788675116,8660,310,265,0,,,
div-2026-09-06-149,1788675442,8986,306,,0,,,
div-2026-09-06-151,1788675343,8887,1102,,0,,,
div-2026-09-06-160,1788676599,10143,257,1283,0,,,
div-2026-09-06-174,1788677625,10431,465,,0,,,
div-2026-09-06-181,1788677748,10308,450,195,1,Works,Minimal,TIMS-232621
div-2026-09-06-193,1788678452,9604,469,,0,,,
div-2026-09-06-200,1788679063,8993,287,,0,,,
div-2026-09-06-202,1788679219,8837,327,,0,,,
div-2026-09-06-205,1788679505,8551,218,,0,,,
div-2026-09-06-209,1788679992,8064,204,,0,,,
div-2026-09-06-211,1788680041,8015,490,14,1,Works,Minimal,TIMS-234387
div-2026-09-06-222,1788680770,7286,408,,0,,,
div-2026-09-06-224,1788680959,7097,309,,0,,,
div-2026-09-06-226,1788681334,6722,953,,0,,,
div-2026-09-06-228,1788681189,6867,317,,0,,,
div-2026-09-06-233,1788681642,6414,413,,0,,,
div-2026-09-06-234,1788681611,6445,446,195,1,Works,Minimal,TIMS-232621
div-2026-09-06-236,1788681775,6281,467,,0,,,
div-2026-09-06-253,1788683384,4672,512,,0,,,
div-2026-09-06-254,1788683028,5028,210,,0,,,
div-2026-09-06-258,1788683653,4403,101,,0,,,
div-2026-09-06-261,1788684093,3963,736,265,0,,,
div-2026-09-06-264,1788684133,3923,122,,0,,,
div-2026-09-06-265,1788684415,3641,515,,0,,,
div-2026-09-06-268,1788684144,3912,969,53,1,Works,Minimal,TIMS-234161
div-2026-09-06-270,1788684507,3549,628,7,1,Works,Minimal,TIMS-234203
div-2026-09-06-272,1788684758,3298,500,,0,,,
div-2026-09-06-281,1788684835,3221,450,6,1,Works,Minimal,TIMS-231535
div-2026-09-06-285,1788685400,2656,465,,0,,,
div-2026-09-06-289,1788685729,2327,513,143,1,Works,Minimal,TIMS-231575
div-2026-09-06-293,1788685958,2098,318,,0,,,
div-2026-09-06-297,1788686197,1859,253,464,0,,,
div-2026-09-06-299,1788686309,1747,206,,0,,,
div-2026-09-06-304,1788686626,1430,142,1218,0,,,
div-2026-09-06-307,1788686739,1317,309,,0,,,
div-2026-09-06-318,1788687793,263,244,,0,,,
div-2026-09-06-321,1788687810,246,741,10,1,Works,Minimal,TIMS-233697
div-2026-09-06-324,1788687805,251,388,,0,,,
div-2026-09-06-328,1788687896,160,199,1901,0,,,
div-2026-09-06-341,1788688091,35,160,,0,,,
div-2026-09-06-349,1788688107,51,785,,0,,,
div-2026-09-06-352,1788689482,1426,312,,0,,,
div-2026-09-06-354,1788689605,1549,559,265,0,,,
div-2026-09-06-359,1788690103,2047,354,459,0,,,
div-2026-09-06-364,1788690702,2646,349,,0,,,
div-2026-09-06-373,1788690434,2378,409,,0,,,
div-2026-09-06-392,1788691875,3819,309,,0,,,
div-2026-09-06-413,1788693005,4949,235,,0,,,
div-2026-09-06-423,1788692529,4473,901,,0,,,
div-2026-09-06-424,1788693681,5625,537,7,1,Works,Minimal,TIMS-234049
div-2026-09-06-425,1788693776,5720,560,,0,,,
div-2026-09-06-426,1788693797,5741,204,,0,,,
div-2026-09-06-428,1788693028,4972,183,1901,0,,,
div-2026-09-06-443,1788694760,6704,244,,0,,,
div-2026-09-06-457,1788695439,7383,1295,167,1,Works,Minimal,TIMS-232627
div-2026-09-06-462,1788695714,7658,122,,0,,,
div-2026-09-06-478,1788696297,8241,336,203,1,Planned events,Minimal,TIMS-234229
div-2026-09-06-482,1788696806,8750,236,,0,,,
div-2026-09-06-483,1788696823,8767,783,,0,,,
div-2026-09-06-487,1788696673,8617,558,741,0,,,
div-2026-09-06-499,1788697979,9923,403,,0,,,
div-2026-09-06-504,1788697966,9910,286,996,0,,,
div-2026-09-06-505,1788698431,10375,243,139,1,Works,Minimal,TIMS-234140
div-2026-09-06-524,1788699245,10410,698,,0,,,
div-2026-09-06-529,1788699200,10455,1165,,0,,,
div-2026-09-06-538,1788699422,10233,614,8,1,Asset issues,Minimal,TIMS-234392
div-2026-09-06-558,1788700490,9165,615,7,1,Works,Minimal,TIMS-234385
div-2026-09-06-564,1788701052,8603,541,447,0,,,
div-2026-09-06-571,1788701446,8209,206,,0,,,
div-2026-09-06-584,1788701693,7962,303,265,0,,,
div-2026-09-06-586,1788701768,7887,306,,0,,,
div-2026-09-06-589,1788702144,7511,714,,0,,,
div-2026-09-06-591,1788701761,7894,1151,11,1,Works,Minimal,TIMS-233697
div-2026-09-06-592,1788702156,7499,244,,0,,,
div-2026-09-06-593,1788702215,7440,163,,0,,,
div-2026-09-06-594,1788701409,8246,201,,0,,,
div-2026-09-06-600,1788702075,7580,458,462,0,,,
div-2026-09-06-606,1788702771,6884,359,,0,,,
div-2026-09-06-617,1788703506,6149,599,52,1,Works,Minimal,TIMS-233101
div-2026-09-06-618,1788702887,6768,278,2120,0,,,
div-2026-09-06-620,1788703788,5867,578,,0,,,
div-2026-09-06-624,1788703997,5658,174,,0,,,
div-2026-09-06-636,1788704647,5008,238,,0,,,
div-2026-09-06-647,1788704368,5287,297,151,1,Works,Minimal,TIMS-233101
div-2026-09-06-651,1788703845,5810,242,580,0,,,
div-2026-09-06-660,1788705698,3957,243,,0,,,
div-2026-09-06-665,1788705774,3881,299,,0,,,
div-2026-09-06-666,1788706085,3570,249,797,0,,,
div-2026-09-06-679,1788705197,4458,172,,0,,,
div-2026-09-06-691,1788707154,2501,259,,0,,,
div-2026-09-06-692,1788707313,2342,236,,0,,,
div-2026-09-06-693,1788707079,2576,136,,0,,,
div-2026-09-06-695,1788706440,3215,141,231,1,Asset issues,Minimal,TIMS-234392
div-2026-09-06-708,1788707046,2609,177,,0,,,
div-2026-09-06-713,1788707453,2202,212,,0,,,
div-2026-09-06-721,1788708469,1186,302,543,0,,,
div-2026-09-06-729,1788708983,672,223,,0,,,
div-2026-09-06-731,1788709158,497,244,,0,,,
div-2026-09-06-738,1788708923,732,383,52,1,Works,Minimal,TIMS-233101
div-2026-09-06-760,1788709797,142,141,154,1,Asset issues,Minimal,TIMS-234392
div-2026-09-06-776,1788710902,1247,240,,0,,,
div-2026-09-06-780,1788711629,1974,473,,0,,,
div-2026-09-06-781,1788711245,1590,465,,0,,,
div-2026-09-06-782,1788710738,1083,180,10,1,Hazards,Minimal,TIMS-234394
div-2026-09-06-800,1788712478,2823,693,6,1,Works,Minimal,TIMS-228672
div-2026-09-06-814,1788713174,3519,480,,0,,,
div-2026-09-06-815,1788713384,3729,224,,0,,,
div-2026-09-06-819,1788713761,4106,276,265,0,,,
div-2026-09-06-828,1788714086,4431,271,996,0,,,
div-2026-09-06-830,1788714424,4769,202,,0,,,
div-2026-09-06-843,1788714917,5262,300,,0,,,
div-2026-09-06-849,1788715450,5795,411,,0,,,
div-2026-09-06-856,1788715931,6276,663,,0,,,
div-2026-09-06-874,1788716506,6851,431,908,0,,,
div-2026-09-06-879,1788717220,7565,258,,0,,,
div-2026-09-06-892,1788717580,7925,597,,0,,,
div-2026-09-06-899,1788719114,9459,236,,0,,,
div-2026-09-06-900,1788719095,9440,510,,0,,,
div-2026-09-06-909,1788719437,9782,268,9,1,Works,Minimal,TIMS-234161
div-2026-09-06-925,1788719542,9887,462,,0,,,
div-2026-09-06-939,1788720677,10578,549,,0,,,
div-2026-09-06-942,1788720849,10406,268,1267,0,,,
div-2026-09-06-949,1788721331,9924,236,,0,,,
div-2026-09-06-954,1788721033,10222,573,8,1,Asset issues,Minimal,TIMS-234392
div-2026-09-06-955,1788721239,10016,908,60,1,Works,Minimal,TIMS-234060
div-2026-09-06-972,1788722100,9155,730,62,1,Works,Minimal,TIMS-234060
div-2026-09-06-977,1788723316,7939,172,,0,,,
div-2026-09-06-979,1788723073,8182,541,8,1,Asset issues,Minimal,TIMS-234392
div-2026-09-06-996,1788724584,6671,312,,0,,,
div-2026-09-06-1002,1788723729,7526,392,10,1,Collisions,Minimal,TIMS-234397
div-2026-09-06-1004,1788724738,6517,443,79,1,Works,Minimal,TIMS-233087
div-2026-09-06-1006,1788725047,6208,517,,0,,,
div-2026-09-06-1018,1788724964,6291,225,1103,0,,,
div-2026-09-06-1020,1788725773,5482,759,,0,,,
div-2026-09-06-1023,1788725580,5675,76,,0,,,
div-2026-09-06-1028,1788725998,5257,275,,0,,,
div-2026-09-06-1030,1788726069,5186,470,,0,,,
div-2026-09-06-1031,1788726265,4990,469,,0,,,
div-2026-09-06-1039,1788726561,4694,175,,0,,,
div-2026-09-06-1041,1788726331,4924,388,,0,,,
div-2026-09-06-1044,1788727215,4040,337,10,1,Works,Minimal,TIMS-233697
div-2026-09-06-1067,1788727910,3345,284,225,1,Planned events,Minimal,TIMS-233161
div-2026-09-06-1088,1788729705,1550,242,,0,,,
div-2026-09-06-1090,1788730034,1221,419,,0,,,
div-2026-09-06-1092,1788729953,1302,551,217,1,Works,Minimal,TIMS-226462
div-2026-09-06-1096,1788730336,919,176,,0,,,
div-2026-09-06-1098,1788730495,760,206,875,0,,,
div-2026-09-06-1101,1788730424,831,463,6,1,Works,Minimal,TIMS-230038
div-2026-09-06-1108,1788731238,17,702,,0,,,
div-2026-09-06-1109,1788730915,340,932,552,0,,,
div-2026-09-06-1110,1788731540,285,304,,0,,,
div-2026-09-06-1117,1788732235,980,259,,0,,,
div-2026-09-06-1131,1788733136,1881,267,1283,0,,,
div-2026-09-06-1133,1788733614,2359,176,,0,,,
div-2026-09-06-1137,1788733885,2630,570,,0,,,
div-2026-09-06-1149,1788735008,3753,361,,0,,,
div-2026-09-06-1160,1788735815,4560,334,10,1,Collisions,Minimal,TIMS-234397
div-2026-09-06-1173,1788738106,6851,275,,0,,,
div-2026-09-06-1174,1788737771,6516,714,5,1,Works,Minimal,TIMS-219173
div-2026-09-07-16,1788741549,10294,429,5,1,Works,Minimal,TIMS-219173
div-2026-09-07-29,1788742655,10200,452,,0,,,
div-2026-09-07-41,1788744664,8191,615,12,1,Works,Moderate,TIMS-228300
div-2026-09-07-51,1788746645,6210,542,,0,,,
div-2026-09-07-58,1788748685,4170,169,,0,,,
div-2026-09-07-64,1788749161,3694,275,,0,,,
div-2026-09-07-66,1788749152,3703,754,,0,,,
div-2026-09-07-70,1788749677,3178,1186,,0,,,
div-2026-09-07-72,1788750049,2806,313,,0,,,
div-2026-09-07-75,1788750393,2462,311,,0,,,
div-2026-09-07-76,1788750473,2382,421,5,1,Works,Minimal,TIMS-219173
div-2026-09-07-87,1788753447,592,309,,0,,,
div-2026-09-07-91,1788753761,906,608,,0,,,
div-2026-09-07-95,1788754241,1386,476,,0,,,
div-2026-09-07-96,1788754074,1219,270,,0,,,
div-2026-09-07-100,1788754477,1622,599,,0,,,
div-2026-09-07-109,1788755683,2828,447,,0,,,
div-2026-09-07-114,1788756426,3571,1096,4,1,Works,Minimal,TIMS-232977
div-2026-09-07-115,1788756531,3676,464,,0,,,
div-2026-09-07-117,1788756953,4098,418,,0,,,
div-2026-09-07-123,1788757472,4617,1352,,0,,,
div-2026-09-07-136,1788758243,5388,463,,0,,,
div-2026-09-07-137,1788758269,5414,617,12,1,Works,Moderate,TIMS-228300
div-2026-09-07-139,1788758694,5839,497,926,0,,,
div-2026-09-07-141,1788758971,6116,598,,0,,,
div-2026-09-07-148,1788759509,6654,235,,0,,,
div-2026-09-07-152,1788759728,6873,310,,0,,,
div-2026-09-07-153,1788759827,6972,654,,0,,,
div-2026-09-07-156,1788759551,6696,476,1549,0,,,
div-2026-09-07-165,1788760456,7601,287,,0,,,
div-2026-09-07-167,1788760572,7717,251,7,1,Works,Minimal,TIMS-234049
div-2026-09-07-172,1788760810,7955,415,,0,,,
div-2026-09-07-173,1788760697,7842,246,1358,0,,,
div-2026-09-07-178,1788761193,8338,460,,0,,,
div-2026-09-07-194,1788761673,8818,95,,0,,,
div-2026-09-07-203,1788761965,9110,307,,0,,,
div-2026-09-07-204,1788761842,8987,474,,0,,,
div-2026-09-07-206,1788762092,9237,478,,0,,,
div-2026-09-07-211,1788762198,9343,364,,0,,,
div-2026-09-07-212,1788762084,9229,493,,0,,,
div-2026-09-07-216,1788762258,9403,390,1283,0,,,
div-2026-09-07-219,1788762694,9839,370,,0,,,
div-2026-09-07-222,1788763172,10317,696,,0,,,
div-2026-09-07-230,1788763494,10639,500,,0,,,
div-2026-09-07-232,1788763563,10708,563,,0,,,
div-2026-09-07-239,1788763717,10738,212,,0,,,
div-2026-09-07-241,1788763876,10579,451,,0,,,
div-2026-09-07-244,1788763995,10460,523,,0,,,
div-2026-09-07-249,1788764116,10339,184,,0,,,
div-2026-09-07-255,1788763725,10730,375,,0,,,
div-2026-09-07-256,1788764026,10429,216,1918,0,,,
div-2026-09-07-259,1788764274,10181,250,,0,,,
div-2026-09-07-263,1788764307,10148,91,,0,,,
div-2026-09-07-267,1788764769,9686,246,,0,,,
div-2026-09-07-276,1788764940,9515,273,265,0,,,
div-2026-09-07-286,1788765241,9214,243,,0,,,
div-2026-09-07-288,1788765260,9195,839,7,1,Works,Minimal,TIMS-234203
div-2026-09-07-291,1788765597,8858,230,,0,,,
div-2026-09-07-294,1788765543,8912,469,3,1,Works,Minimal,TIMS-226149
div-2026-09-07-311,1788766136,8319,611,8,1,Works,Minimal,TIMS-234036
div-2026-09-07-318,1788766432,8023,591,,0,,,
div-2026-09-07-327,1788766869,7586,236,,0,,,
div-2026-09-07-338,1788766880,7575,650,,0,,,
div-2026-09-07-357,1788767821,6634,392,,0,,,
div-2026-09-07-358,1788768093,6362,512,,0,,,
div-2026-09-07-385,1788768234,6221,566,1124,0,,,
div-2026-09-07-396,1788769014,5441,462,,0,,,
div-2026-09-07-401,1788769003,5452,591,,0,,,
div-2026-09-07-403,1788768364,6091,519,13,1,Works,Minimal,TIMS-234140
div-2026-09-07-407,1788768816,5639,487,187,1,Works,Minimal,TIMS-232627
div-2026-09-07-408,1788768796,5659,463,1375,0,,,
div-2026-09-07-409,1788769096,5359,411,826,0,,,
div-2026-09-07-413,1788769263,5192,297,265,0,,,
div-2026-09-07-429,1788769724,4731,766,,0,,,
div-2026-09-07-434,1788769689,4766,679,,0,,,
div-2026-09-07-435,1788769827,4628,301,537,0,,,
div-2026-09-07-437,1788769931,4524,624,24,1,Works,Minimal,TIMS-234284
div-2026-09-07-443,1788770313,4142,614,,0,,,
div-2026-09-07-445,1788769953,4502,644,13,1,Works,Minimal,TIMS-234140
div-2026-09-07-465,1788770828,3627,561,227,1,Works,Minimal,TIMS-226462
div-2026-09-07-466,1788770681,3774,210,,0,,,
div-2026-09-07-467,1788770863,3592,239,,0,,,
div-2026-09-07-476,1788771209,3246,249,,0,,,
div-2026-09-07-488,1788771297,3158,934,,0,,,
div-2026-09-07-495,1788771315,3140,686,,0,,,
div-2026-09-07-496,1788771641,2814,292,,0,,,
div-2026-09-07-498,1788771746,2709,246,1358,0,,,
div-2026-09-07-508,1788771909,2546,359,468,0,,,
div-2026-09-07-514,1788772235,2220,616,,0,,,
div-2026-09-07-523,1788772475,1980,106,,0,,,
div-2026-09-07-525,1788772644,1811,263,,0,,,
div-2026-09-07-527,1788772501,1954,376,,0,,,
div-2026-09-07-530,1788772628,1827,515,,0,,,
div-2026-09-07-534,1788772905,1550,294,,0,,,
div-2026-09-07-535,1788772365,2090,424,,0,,,
div-2026-09-07-536,1788773109,1346,417,1019,0,,,
div-2026-09-07-546,1788773687,768,243,,0,,,
div-2026-09-07-547,1788773544,911,232,,0,,,
div-2026-09-07-577,1788774997,542,563,,0,,,
div-2026-09-07-580,1788774990,535,771,,0,,,
div-2026-09-07-594,1788775764,1309,309,,0,,,
div-2026-09-07-598,1788775710,1255,439,696,0,,,
div-2026-09-07-600,1788775812,1357,294,,0,,,
div-2026-09-07-607,1788776224,1769,563,,0,,,
div-2026-09-07-612,1788776228,1773,236,,0,,,
div-2026-09-07-616,1788776546,2091,239,,0,,,
div-2026-09-07-617,1788776306,1851,487,,0,,,
div-2026-09-07-623,1788776331,1876,234,,0,,,
div-2026-09-07-629,1788776736,2281,472,287,0,,,
div-2026-09-07-634,1788776241,1786,354,254,0,,,
div-2026-09-07-637,1788776760,2305,170,,0,,,
div-2026-09-07-646,1788777656,3201,259,,0,,,
div-2026-09-07-650,1788778061,3606,309,,0,,,
div-2026-09-07-652,1788778015,3560,237,,0,,,
div-2026-09-07-654,1788777857,3402,128,,0,,,
div-2026-09-07-657,1788778205,3750,624,,0,,,
div-2026-09-07-660,1788778011,3556,366,,0,,,
div-2026-09-07-672,1788778901,4446,894,,0,,,
div-2026-09-07-690,1788779152,4697,139,140,1,Asset issues,Minimal,TIMS-234419
div-2026-09-07-693,1788779723,5268,104,,0,,,
div-2026-09-07-697,1788779998,5543,563,,0,,,
div-2026-09-07-701,1788779543,5088,549,284,0,,,
div-2026-09-07-708,1788779656,5201,325,9,1,Asset issues,Minimal,TIMS-234419
div-2026-09-07-710,1788780571,6116,359,,0,,,
div-2026-09-07-714,1788780518,6063,371,44,1,Works,Moderate,TIMS-230857
div-2026-09-07-720,1788780147,5692,256,17,1,Asset issues,Minimal,TIMS-234419
div-2026-09-07-730,1788781201,6746,324,,0,,,
div-2026-09-07-734,1788781430,6975,590,,0,,,
div-2026-09-07-737,1788781597,7142,614,,0,,,
div-2026-09-07-741,1788781625,7170,393,,0,,,
div-2026-09-07-743,1788781867,7412,253,,0,,,
div-2026-09-07-746,1788781998,7543,171,,0,,,
div-2026-09-07-753,1788781965,7510,238,,0,,,
div-2026-09-07-762,1788782623,8168,365,,0,,,
div-2026-09-07-764,1788781414,6959,144,156,1,Works,Minimal,TIMS-233889
div-2026-09-07-765,1788782662,8207,248,1358,0,,,
div-2026-09-07-776,1788783407,8952,273,,0,,,
div-2026-09-07-778,1788783522,9067,518,177,1,Works,Minimal,TIMS-232627
div-2026-09-07-795,1788784799,10344,348,,0,,,
div-2026-09-07-797,1788784403,9948,528,9,1,Asset issues,Minimal,TIMS-234419
div-2026-09-07-806,1788785206,10751,420,,0,,,
div-2026-09-07-812,1788785188,10733,225,,0,,,
div-2026-09-07-819,1788784499,10044,314,53,1,Works,Minimal,TIMS-233889
div-2026-09-07-820,1788785797,10258,507,,0,,,
div-2026-09-07-823,1788785214,10759,416,1019,0,,,
div-2026-09-07-826,1788785596,10459,237,,0,,,
div-2026-09-07-830,1788786151,9904,465,,0,,,
div-2026-09-07-845,1788786589,9466,1584,3,1,Works,Minimal,TIMS-234438
div-2026-09-07-848,1788786888,9167,494,12,1,Works,Minimal,TIMS-234421
div-2026-09-07-849,1788786858,9197,347,,0,,,
div-2026-09-07-852,1788786959,9096,1154,3,1,Works,Minimal,TIMS-234438
div-2026-09-07-859,1788786890,9165,450,195,1,Works,Minimal,TIMS-232621
div-2026-09-07-867,1788787754,8301,267,,0,,,
div-2026-09-07-874,1788788064,7991,563,,0,,,
div-2026-09-07-878,1788787869,8186,281,,0,,,
div-2026-09-07-879,1788787989,8066,277,,0,,,
div-2026-09-07-884,1788788255,7800,266,,0,,,
div-2026-09-07-888,1788788278,7777,392,,0,,,
div-2026-09-07-889,1788788576,7479,606,284,0,,,
div-2026-09-07-891,1788788336,7719,368,,0,,,
div-2026-09-07-899,1788788523,7532,86,,0,,,
div-2026-09-07-904,1788789429,6626,578,,0,,,
div-2026-09-07-909,1788789676,6379,458,,0,,,
div-2026-09-07-913,1788789002,7053,222,639,0,,,
div-2026-09-07-915,1788789588,6467,1081,,0,,,
div-2026-09-07-916,1788789964,6091,1025,,0,,,
div-2026-09-07-922,1788790180,5875,577,,0,,,
div-2026-09-07-928,1788789842,6213,317,50,1,Works,Serious,TIMS-233889
div-2026-09-07-940,1788791009,5046,359,,0,,,
div-2026-09-07-941,1788791001,5054,424,,0,,,
div-2026-09-07-943,1788790951,5104,541,,0,,,
div-2026-09-07-944,1788790476,5579,290,,0,,,
div-2026-09-07-945,1788791007,5048,484,,0,,,
div-2026-09-07-949,1788790983,5072,391,177,1,Works,Minimal,TIMS-232627
div-2026-09-07-950,1788791008,5047,252,1358,0,,,
div-2026-09-07-951,1788789870,6185,129,248,1,Works,Serious,TIMS-233889
div-2026-09-07-952,1788791374,4681,206,,0,,,
div-2026-09-07-953,1788791426,4629,560,,0,,,
div-2026-09-07-954,1788791054,5001,378,,0,,,
div-2026-09-07-961,1788791795,4260,685,,0,,,
div-2026-09-07-965,1788791791,4264,148,,0,,,
div-2026-09-07-978,1788792397,3658,695,,0,,,
div-2026-09-07-981,1788792280,3775,540,,0,,,
div-2026-09-07-983,1788792044,4011,238,,0,,,
div-2026-09-07-984,1788792135,3920,215,,0,,,
div-2026-09-07-996,1788793033,3022,457,,0,,,
div-2026-09-07-1005,1788793293,2762,246,,0,,,
div-2026-09-07-1011,1788792115,3940,636,50,1,Works,Serious,TIMS-233889
div-2026-09-07-1021,1788793891,2164,102,,0,,,
div-2026-09-07-1023,1788793987,2068,266,,0,,,
div-2026-09-07-1030,1788794075,1980,289,97,1,Works,Minimal,TIMS-234049
div-2026-09-07-1032,1788794248,1807,562,,0,,,
div-2026-09-07-1036,1788794508,1547,307,,0,,,
div-2026-09-07-1041,1788793784,2271,456,254,0,,,
div-2026-09-07-1058,1788795234,821,266,,0,,,
div-2026-09-07-1060,1788794988,1067,247,4,1,Works,Minimal,TIMS-232977
div-2026-09-07-1061,1788795363,692,486,,0,,,
div-2026-09-07-1072,1788796113,58,768,,0,,,
div-2026-09-07-1081,1788796309,254,212,,0,,,
div-2026-09-07-1082,1788796392,337,465,,0,,,
div-2026-09-07-1094,1788796944,889,251,,0,,,
div-2026-09-07-1100,1788796898,843,143,64,1,Works,Minimal,TIMS-231192
div-2026-09-07-1104,1788796778,723,240,,0,,,
div-2026-09-07-1109,1788797469,1414,140,,0,,,
div-2026-09-07-1111,1788797551,1496,236,,0,,,
div-2026-09-07-1114,1788797592,1537,415,,0,,,
div-2026-09-07-1118,1788797475,1420,239,,0,,,
div-2026-09-07-1119,1788797846,1791,417,,0,,,
div-2026-09-07-1139,1788798283,2228,231,,0,,,
div-2026-09-07-1151,1788798416,2361,247,1358,0,,,
div-2026-09-07-1164,1788799394,3339,146,1218,0,,,
div-2026-09-07-1165,1788798873,2818,363,,0,,,
div-2026-09-07-1166,1788798185,2130,307,200,1,Works,Serious,TIMS-233889
div-2026-09-07-1167,1788799360,3305,653,,0,,,
div-2026-09-07-1168,1788799551,3496,288,,0,,,
div-2026-09-07-1170,1788799175,3120,379,,0,,,
div-2026-09-07-1176,1788799358,3303,1003,,0,,,
div-2026-09-07-1179,1788799985,3930,176,,0,,,
div-2026-09-07-1181,1788800128,4073,470,,0,,,
div-2026-09-07-1183,1788800184,4129,416,,0,,,
div-2026-09-07-1189,1788800213,4158,225,,0,,,
div-2026-09-07-1195,1788800470,4415,293,97,1,Works,Minimal,TIMS-234049
div-2026-09-07-1198,1788800738,4683,321,,0,,,
div-2026-09-07-1205,1788800993,4938,696,,0,,,
div-2026-09-07-1223,1788802220,6165,421,,0,,,
div-2026-09-07-1226,1788802104,6049,661,,0,,,
div-2026-09-07-1232,1788802011,5956,543,167,1,Works,Minimal,TIMS-232627
div-2026-09-07-1237,1788802931,6876,457,,0,,,
div-2026-09-07-1242,1788802962,6907,149,,0,,,
div-2026-09-07-1247,1788803059,7004,188,,0,,,
div-2026-09-07-1254,1788802765,6710,308,50,1,Works,Serious,TIMS-233889
div-2026-09-07-1270,1788804005,7950,695,,0,,,
div-2026-09-07-1272,1788803871,7816,236,,0,,,
div-2026-09-07-1284,1788804819,8764,1458,2,1,Works,Minimal,TIMS-231257
div-2026-09-07-1294,1788805397,9342,919,49,1,Works,Serious,TIMS-233889
div-2026-09-07-1300,1788805676,9621,529,,0,,,
div-2026-09-07-1322,1788806787,10732,648,,0,,,
div-2026-09-07-1324,1788806483,10428,830,141,1,Works,Minimal,TIMS-234140
div-2026-09-07-1326,1788807083,10572,916,,0,,,
div-2026-09-07-1343,1788807372,10283,485,,0,,,
div-2026-09-07-1348,1788807845,9810,462,,0,,,
div-2026-09-07-1349,1788807683,9972,550,,0,,,
div-2026-09-07-1350,1788807680,9975,716,,0,,,
div-2026-09-07-1353,1788807847,9808,790,,0,,,
div-2026-09-07-1357,1788807857,9798,252,1358,0,,,
div-2026-09-07-1358,1788807894,9761,153,,0,,,
div-2026-09-07-1361,1788808329,9326,391,,0,,,
div-2026-09-07-1366,1788808636,9019,463,,0,,,
div-2026-09-07-1369,1788808258,9397,446,2244,0,,,
div-2026-09-07-1380,1788809387,8268,525,,0,,,
div-2026-09-07-1387,1788809707,7948,317,50,1,Works,Moderate,TIMS-233889
div-2026-09-07-1388,1788810100,7555,471,,0,,,
div-2026-09-07-1389,1788810049,7606,227,,0,,,
div-2026-09-07-1393,1788810207,7448,855,2,1,Works,Minimal,TIMS-234267
div-2026-09-07-1394,1788810273,7382,362,,0,,,
div-2026-09-07-1395,1788810261,7394,253,,0,,,
div-2026-09-07-1401,1788810576,7079,566,,0,,,
div-2026-09-07-1404,1788810803,6852,662,3,1,Works,Minimal,TIMS-234438
div-2026-09-07-1407,1788811071,6584,237,,0,,,
div-2026-09-07-1408,1788810694,6961,456,,0,,,
div-2026-09-07-1411,1788810571,7084,1047,2,1,Works,Minimal,TIMS-231257
div-2026-09-07-1417,1788811649,6006,268,,0,,,
div-2026-09-07-1428,1788811891,5764,714,4,1,Works,Minimal,TIMS-231257
div-2026-09-07-1434,1788812748,4907,177,,0,,,
div-2026-09-07-1446,1788813091,4564,252,1358,0,,,
div-2026-09-07-1450,1788813510,4145,400,547,0,,,
div-2026-09-07-1469,1788815268,2387,385,8,1,Works,Moderate,TIMS-231236
div-2026-09-07-1470,1788815645,2010,316,13,1,Works,Minimal,TIMS-225605
div-2026-09-07-1476,1788816180,1475,243,,0,,,
div-2026-09-07-1499,1788817563,92,525,156,1,Works,Minimal,TIMS-232931
div-2026-09-07-1504,1788817743,88,367,,0,,,
div-2026-09-07-1505,1788817735,80,341,14,1,Works,Moderate,TIMS-230857
div-2026-09-07-1526,1788819014,1359,482,8,1,Works,Moderate,TIMS-231236
div-2026-09-07-1544,1788821221,3566,1473,,0,,,
div-2026-09-07-1546,1788821472,3817,208,,0,,,
div-2026-09-07-1554,1788822212,4557,231,,0,,,
div-2026-09-07-1571,1788824119,6464,250,124,1,Works,Minimal,TIMS-232931
div-2026-09-08-26,1788827893,10238,440,5,1,Works,Minimal,TIMS-219173
div-2026-09-08-33,1788828861,10394,255,24,1,Works,Minimal,TIMS-226199
div-2026-09-08-44,1788829655,9600,592,,0,,,
div-2026-09-08-58,1788832678,6577,875,,0,,,
div-2026-09-08-64,1788833328,5927,430,5,1,Works,Minimal,TIMS-219173
div-2026-09-08-70,1788834790,4465,172,,0,,,
div-2026-09-08-74,1788835207,4048,353,,0,,,
div-2026-09-08-75,1788835651,3604,340,,0,,,
div-2026-09-08-79,1788836030,3225,1216,,0,,,
div-2026-09-08-81,1788836443,2812,733,,0,,,
div-2026-09-08-82,1788835881,3374,156,16,1,Works,Minimal,TIMS-231257
div-2026-09-08-84,1788836636,2619,325,,0,,,
div-2026-09-08-107,1788840092,837,874,,0,,,
div-2026-09-08-108,1788840184,929,463,,0,,,
div-2026-09-08-110,1788840581,1326,1847,,0,,,
div-2026-09-08-121,1788841900,2645,453,,0,,,
div-2026-09-08-122,1788842037,2782,269,,0,,,
div-2026-09-08-125,1788842481,3226,1810,3,1,Works,Minimal,TIMS-234438
div-2026-09-08-129,1788843167,3912,404,,0,,,
div-2026-09-08-133,1788843481,4226,1445,3,1,Works,Minimal,TIMS-234438
div-2026-09-08-135,1788843904,4649,173,,0,,,
div-2026-09-08-137,1788843771,4516,120,,0,,,
div-2026-09-08-144,1788844207,4952,770,,0,,,
div-2026-09-08-146,1788844325,5070,377,,0,,,
div-2026-09-08-147,1788844249,4994,1011,5,1,Works,Minimal,TIMS-232977
div-2026-09-08-150,1788844800,5545,1040,,0,,,
div-2026-09-08-151,1788844904,5649,842,,0,,,
div-2026-09-08-152,1788844803,5548,239,,0,,,
div-2026-09-08-160,1788845586,6331,269,,0,,,
div-2026-09-08-164,1788845634,6379,427,,0,,,
div-2026-09-08-166,1788846086,6831,1046,,0,,,
div-2026-09-08-168,1788846179,6924,226,,0,,,
div-2026-09-08-169,1788846183,6928,311,,0,,,
div-2026-09-08-174,1788846097,6842,521,,0,,,
div-2026-09-08-175,1788846323,7068,374,5,1,Works,Minimal,TIMS-232301
div-2026-09-08-177,1788846471,7216,366,,0,,,
div-2026-09-08-183,1788846711,7456,605,,0,,,
div-2026-09-08-184,1788846818,7563,195,,0,,,
div-2026-09-08-196,1788847538,8283,460,,0,,,
div-2026-09-08-241,1788849495,10240,269,606,0,,,
div-2026-09-08-250,1788849883,10628,120,,0,,,
div-2026-09-08-254,1788850117,10739,459,,0,,,
div-2026-09-08-257,1788849851,10596,552,,0,,,
div-2026-09-08-273,1788849927,10672,263,1283,0,,,
div-2026-09-08-276,1788850494,10362,485,,0,,,
div-2026-09-08-289,1788850669,10187,774,1357,0,,,
div-2026-09-08-290,1788850949,9907,236,,0,,,
div-2026-09-08-292,1788851012,9844,630,91,1,Works,Minimal,TIMS-233091
div-2026-09-08-312,1788851825,9031,403,,0,,,
div-2026-09-08-330,1788852243,8613,1218,227,1,Works,Minimal,TIMS-234455
div-2026-09-08-334,1788852420,8436,227,,0,,,
div-2026-09-08-339,1788852780,8076,238,,0,,,
div-2026-09-08-340,1788852536,8320,473,1276,0,,,
div-2026-09-08-345,1788852995,7861,479,,0,,,
div-2026-09-08-349,1788853028,7828,314,284,0,,,
div-2026-09-08-369,1788853323,7533,422,374,0,,,
div-2026-09-08-371,1788853407,7449,214,,0,,,
div-2026-09-08-382,1788854041,6815,1029,,0,,,
div-2026-09-08-398,1788854768,6088,120,1336,0,,,
div-2026-09-08-411,1788855005,5851,256,883,0,,,
div-2026-09-08-413,1788855064,5792,368,,0,,,
div-2026-09-08-419,1788854380,6476,129,248,1,Works,Serious,TIMS-233889
div-2026-09-08-424,1788855491,5365,236,,0,,,
div-2026-09-08-429,1788855429,5427,614,97,1,Works,Minimal,TIMS-234049
div-2026-09-08-434,1788855882,4974,189,,0,,,
div-2026-09-08-437,1788855309,5547,484,,0,,,
div-2026-09-08-451,1788856269,4587,293,,0,,,
div-2026-09-08-456,1788856690,4166,309,,0,,,
div-2026-09-08-457,1788856698,4158,381,5,1,Works,Minimal,TIMS-232301
div-2026-09-08-479,1788857574,3282,338,3,1,Works,Minimal,TIMS-234447
div-2026-09-08-487,1788857488,3368,595,,0,,,
div-2026-09-08-490,1788857758,3098,621,,0,,,
div-2026-09-08-500,1788857945,2911,266,737,0,,,
div-2026-09-08-503,1788858160,2696,668,,0,,,
div-2026-09-08-505,1788857869,2987,510,,0,,,
div-2026-09-08-509,1788858105,2751,428,12,1,Works,Minimal,TIMS-234421
div-2026-09-08-517,1788858590,2266,428,5,1,Works,Minimal,TIMS-231575
div-2026-09-08-518,1788857623,3233,129,248,1,Works,Serious,TIMS-233889
div-2026-09-08-527,1788858699,2157,828,983,0,,,
div-2026-09-08-529,1788858752,2104,257,6,1,Works,Minimal,TIMS-228672
div-2026-09-08-533,1788859405,1451,348,,0,,,
div-2026-09-08-534,1788859297,1559,863,,0,,,
div-2026-09-08-540,1788859735,1121,607,289,0,,,
div-2026-09-08-542,1788859756,1100,507,,0,,,
div-2026-09-08-543,1788859266,1590,173,,0,,,
div-2026-09-08-547,1788860170,686,202,,0,,,
div-2026-09-08-555,1788860435,421,315,284,0,,,
div-2026-09-08-557,1788860370,486,1145,4,1,Works,Minimal,TIMS-231535
div-2026-09-08-559,1788860151,705,423,91,1,Works,Minimal,TIMS-233091
div-2026-09-08-560,1788860434,422,222,,0,,,
div-2026-09-08-568,1788860788,68,373,24,1,Works,Minimal,TIMS-226199
div-2026-09-08-583,1788861085,229,1337,7,1,Works,Minimal,TIMS-234447
div-2026-09-08-585,1788861334,478,399,,0,,,
div-2026-09-08-588,1788861360,504,235,223,1,Works,Minimal,TIMS-233337
div-2026-09-08-594,1788861516,660,236,,0,,,
div-2026-09-08-599,1788861786,930,306,,0,,,
div-2026-09-08-608,1788861615,759,259,,0,,,
div-2026-09-08-612,1788861684,828,237,,0,,,
div-2026-09-08-633,1788862727,1871,247,17,1,Breakdowns,Minimal,TIMS-234484
div-2026-09-08-639,1788862763,1907,260,1358,0,,,
div-2026-09-08-652,1788863597,2741,172,,0,,,
div-2026-09-08-657,1788863643,2787,1730,,0,,,
div-2026-09-08-658,1788863858,3002,342,,0,,,
div-2026-09-08-667,1788863655,2799,233,,0,,,
div-2026-09-08-676,1788864183,3327,127,,0,,,
div-2026-09-08-685,1788864832,3976,224,3,1,Works,Minimal,TIMS-226149
div-2026-09-08-696,1788865269,4413,314,284,0,,,
div-2026-09-08-698,1788865574,4718,462,,0,,,
div-2026-09-08-699,1788865587,4731,454,,0,,,
div-2026-09-08-709,1788865954,5098,106,,0,,,
div-2026-09-08-723,1788866328,5472,74,903,0,,,
div-2026-09-08-732,1788866407,5551,187,,0,,,
div-2026-09-08-736,1788866592,5736,815,,0,,,
div-2026-09-08-746,1788867422,6566,358,68,1,Works,Minimal,TIMS-226199
div-2026-09-08-761,1788868025,7169,212,,0,,,
div-2026-09-08-765,1788867903,7047,242,,0,,,
div-2026-09-08-768,1788868290,7434,554,8,1,Asset issues,Minimal,TIMS-234504
div-2026-09-08-771,1788868735,7879,347,,0,,,
div-2026-09-08-773,1788868538,7682,275,8,1,Works,Minimal,TIMS-227966
div-2026-09-08-774,1788868463,7607,351,52,1,Works,Minimal,TIMS-234500
div-2026-09-08-778,1788868770,7914,676,,0,,,
div-2026-09-08-783,1788868549,7693,238,,0,,,
div-2026-09-08-784,1788868612,7756,259,1283,0,,,
div-2026-09-08-785,1788869158,8302,260,,0,,,
div-2026-09-08-802,1788869808,8952,237,663,0,,,
div-2026-09-08-805,1788869972,9116,637,,0,,,
div-2026-09-08-814,1788870494,9638,1229,,0,,,
div-2026-09-08-816,1788870220,9364,265,1542,0,,,
div-2026-09-08-817,1788870474,9618,346,1817,0,,,
div-2026-09-08-821,1788870753,9897,326,,0,,,
div-2026-09-08-824,1788870943,10087,222,,0,,,
div-2026-09-08-826,1788870844,9988,505,,0,,,
div-2026-09-08-829,1788870698,9842,188,,0,,,
div-2026-09-08-830,1788871146,10290,810,,0,,,
div-2026-09-08-837,1788870993,10137,501,,0,,,
div-2026-09-08-850,1788871613,10757,102,,0,,,
div-2026-09-08-855,1788871801,10654,225,,0,,,
div-2026-09-08-858,1788872010,10445,452,,0,,,
div-2026-09-08-869,1788872508,9947,361,,0,,,
div-2026-09-08-873,1788872415,10040,263,737,0,,,
div-2026-09-08-886,1788872578,9877,261,,0,,,
div-2026-09-08-902,1788873885,8570,227,,0,,,
div-2026-09-08-917,1788874321,8134,537,167,1,Works,Minimal,TIMS-232627
div-2026-09-08-921,1788874619,7836,485,,0,,,
div-2026-09-08-940,1788875031,7424,318,50,1,Works,Serious,TIMS-233889
div-2026-09-08-947,1788875687,6768,464,,0,,,
div-2026-09-08-948,1788875380,7075,308,265,0,,,
div-2026-09-08-959,1788876177,6278,501,24,1,Works,Minimal,TIMS-226199
div-2026-09-08-960,1788876233,6222,479,440,0,,,
div-2026-09-08-966,1788875639,6816,264,227,1,Works,Minimal,TIMS-226462
div-2026-09-08-968,1788875876,6579,370,24,1,Asset issues,Minimal,TIMS-234507
div-2026-09-08-978,1788876903,5552,439,,0,,,
div-2026-09-08-995,1788877448,5007,380,5,1,Works,Minimal,TIMS-232301
div-2026-09-08-1002,1788877846,4609,564,,0,,,
div-2026-09-08-1017,1788878534,3921,202,,0,,,
div-2026-09-08-1019,1788878497,3958,508,,0,,,
div-2026-09-08-1036,1788879107,3348,204,,0,,,
div-2026-09-08-1037,1788879147,3308,460,,0,,,
div-2026-09-08-1053,1788879196,3259,483,,0,,,
div-2026-09-08-1056,1788878839,3616,184,14,1,Asset issues,Minimal,TIMS-234507
div-2026-09-08-1058,1788879124,3331,376,,0,,,
div-2026-09-08-1064,1788879878,2577,351,,0,,,
div-2026-09-08-1069,1788879999,2456,663,,0,,,
div-2026-09-08-1071,1788879596,2859,512,7,1,Works,Minimal,TIMS-230038
div-2026-09-08-1073,1788879968,2487,885,6,1,Works,No impact,TIMS-234519
div-2026-09-08-1086,1788880596,1859,146,1218,0,,,
div-2026-09-08-1089,1788880380,2075,322,,0,,,
div-2026-09-08-1125,1788881906,549,236,,0,,,
div-2026-09-08-1127,1788881636,819,854,3,1,Works,Minimal,TIMS-232936
div-2026-09-08-1134,1788881998,457,607,41,1,Works,Minimal,TIMS-231257
div-2026-09-08-1135,1788881767,688,126,,0,,,
div-2026-09-08-1144,1788882082,373,254,,0,,,
div-2026-09-08-1159,1788882594,139,258,1358,0,,,
div-2026-09-08-1171,1788883078,623,502,11,1,Works,Minimal,TIMS-231192
div-2026-09-08-1174,1788883204,749,343,,0,,,
div-2026-09-08-1181,1788883601,1146,635,,0,,,
div-2026-09-08-1182,1788883721,1266,314,284,0,,,
div-2026-09-08-1185,1788883896,1441,260,,0,,,
div-2026-09-08-1193,1788884356,1901,524,4,1,Works,Minimal,TIMS-216408
div-2026-09-08-1195,1788884440,1985,281,41,1,Asset issues,Minimal,TIMS-234507
div-2026-09-08-1206,1788884723,2268,235,,0,,,
div-2026-09-08-1221,1788885323,2868,744,,0,,,
div-2026-09-08-1237,1788885925,3470,238,14,1,Asset issues,Minimal,TIMS-234507
div-2026-09-08-1240,1788885925,3470,227,,0,,,
div-2026-09-08-1254,1788886298,3843,420,1122,0,,,
div-2026-09-08-1258,1788887073,4618,314,284,0,,,
div-2026-09-08-1283,1788888504,6049,837,6,1,Works,Minimal,TIMS-234267
div-2026-09-08-1313,1788889659,7204,251,,0,,,
div-2026-09-08-1337,1788891655,9200,522,177,1,Works,Minimal,TIMS-232627
div-2026-09-08-1348,1788892378,9923,234,,0,,,
div-2026-09-08-1349,1788892372,9917,496,464,0,,,
div-2026-09-08-1366,1788892904,10449,263,202,1,Works,Minimal,TIMS-232622
div-2026-09-08-1369,1788893311,10751,884,,0,,,
div-2026-09-08-1370,1788893629,10433,366,,0,,,
div-2026-09-08-1378,1788893693,10369,259,1358,0,,,
div-2026-09-08-1379,1788894068,9994,237,910,0,,,
div-2026-09-08-1381,1788894057,10005,1228,,0,,,
div-2026-09-08-1383,1788894246,9816,150,,0,,,
div-2026-09-08-1385,1788894546,9516,416,547,0,,,
div-2026-09-08-1390,1788895094,8968,1011,2,1,Works,Minimal,TIMS-231257
div-2026-09-08-1396,1788895057,9005,624,14,1,Works,Moderate,TIMS-230857
div-2026-09-08-1400,1788895378,8684,363,,0,,,
div-2026-09-08-1403,1788895699,8363,524,,0,,,
div-2026-09-08-1408,1788896054,8008,888,,0,,,
div-2026-09-08-1410,1788896099,7963,248,1393,0,,,
div-2026-09-08-1413,1788896083,7979,309,,0,,,
div-2026-09-08-1415,1788896342,7720,505,,0,,,
div-2026-09-08-1418,1788896426,7636,220,,0,,,
div-2026-09-08-1429,1788896762,7300,464,7,1,Collisions,No impact,TIMS-234536
div-2026-09-08-1432,1788897045,7017,455,,0,,,
div-2026-09-08-1437,1788896743,7319,548,,0,,,
div-2026-09-08-1442,1788897136,6926,1118,2,1,Works,Minimal,TIMS-231257
div-2026-09-08-1443,1788897581,6481,833,4,1,Works,Minimal,TIMS-231257
div-2026-09-08-1445,1788897914,6148,416,,0,,,
div-2026-09-08-1447,1788897816,6246,722,,0,,,
div-2026-09-08-1451,1788898170,5892,1229,6,1,Works,Minimal,TIMS-234438
div-2026-09-08-1454,1788898393,5669,607,176,1,Works,Minimal,TIMS-234253
div-2026-09-08-1456,1788898550,5512,1385,9,1,Works,Minimal,TIMS-234253
div-2026-09-08-1457,1788898601,5461,583,9,1,Works,Minimal,TIMS-231257
div-2026-09-08-1464,1788899257,4805,565,2,1,Works,Minimal,TIMS-234267
div-2026-09-08-1468,1788899558,4504,234,,0,,,
div-2026-09-08-1469,1788899781,4281,273,32,1,Breakdowns,Minimal,TIMS-234532
div-2026-09-08-1482,1788900478,3584,547,,0,,,
div-2026-09-08-1486,1788900861,3201,465,,0,,,
div-2026-09-08-1492,1788901769,2293,407,,0,,,
div-2026-09-08-1493,1788901671,2391,241,26,1,Works,Minimal,TIMS-233337
div-2026-09-08-1497,1788901947,2115,230,10,1,Works,Minimal,TIMS-234253
div-2026-09-08-1501,1788902085,1977,406,547,0,,,
div-2026-09-08-1504,1788902145,1917,452,8,1,Works,Moderate,TIMS-231236
div-2026-09-08-1509,1788902766,1296,365,,0,,,
div-2026-09-08-1512,1788902936,1126,262,,0,,,
div-2026-09-08-1522,1788903450,612,825,2,1,Works,Minimal,TIMS-231257
div-2026-09-08-1526,1788904311,249,636,,0,,,
div-2026-09-08-1540,1788904874,812,228,,0,,,
div-2026-09-08-1542,1788905220,1158,219,237,1,Works,Minimal,TIMS-234421
div-2026-09-08-1555,1788905628,1566,495,,0,,,
div-2026-09-08-1567,1788905511,1449,1280,5,1,Works,Minimal,TIMS-233430
div-2026-09-08-1576,1788906889,2827,196,205,1,Works,Minimal,TIMS-234466
div-2026-09-08-1578,1788907043,2981,213,,0,,,
div-2026-09-08-1582,1788907320,3258,526,6,1,Works,Minimal,TIMS-228672
div-2026-09-08-1591,1788908051,3989,471,,0,,,
div-2026-09-08-1607,1788910324,6262,482,8,1,Works,Moderate,TIMS-231236
div-2026-09-09-2,1788911809,7747,255,24,1,Works,Minimal,TIMS-226199
div-2026-09-09-11,1788913168,9106,279,455,0,,,
div-2026-09-09-14,1788913547,9485,174,1656,0,,,
div-2026-09-09-19,1788914351,10289,426,5,1,Works,Minimal,TIMS-219173
div-2026-09-09-21,1788914085,10023,384,3,1,Works,Minimal,TIMS-217012
div-2026-09-09-28,1788915775,9880,249,44,1,Works,Moderate,TIMS-230857
div-2026-09-09-39,1788918085,7570,579,5,1,Works,Minimal,TIMS-233430
div-2026-09-09-43,1788919240,6415,815,,0,,,
div-2026-09-09-46,1788919645,6010,516,,0,,,
div-2026-09-09-56,1788921715,3940,386,,0,,,
div-2026-09-09-59,1788922204,3451,1099,,0,,,
div-2026-09-09-60,1788922394,3261,173,,0,,,
div-2026-09-09-62,1788922481,3174,1117,,0,,,
div-2026-09-09-67,1788922988,2667,2569,3,1,Works,Minimal,TIMS-234438
div-2026-09-09-77,1788924517,1138,602,176,1,Works,Minimal,TIMS-234253
div-2026-09-09-85,1788926242,587,310,,0,,,
div-2026-09-09-87,1788926482,827,608,,0,,,
div-2026-09-09-89,1788926577,922,461,,0,,,
div-2026-09-09-95,1788926999,1344,1014,,0,,,
div-2026-09-09-110,1788928262,2607,742,6,1,Works,Minimal,TIMS-234438
div-2026-09-09-112,1788928330,2675,536,467,0,,,
div-2026-09-09-118,1788929471,3816,445,,0,,,
div-2026-09-09-124,1788930210,4555,663,,0,,,
div-2026-09-09-128,1788930175,4520,363,,0,,,
div-2026-09-09-132,1788930195,4540,416,,0,,,
div-2026-09-09-135,1788930386,4731,484,,0,,,
div-2026-09-09-138,1788930722,5067,101,,0,,,
div-2026-09-09-139,1788930917,5262,623,352,0,,,
div-2026-09-09-140,1788930941,5286,241,789,0,,,
div-2026-09-09-141,1788931202,5547,475,,0,,,
div-2026-09-09-148,1788931620,5965,799,49,1,Works,Minimal,TIMS-232933
div-2026-09-09-150,1788931795,6140,804,,0,,,
div-2026-09-09-151,1788931829,6174,453,,0,,,
div-2026-09-09-155,1788932582,6927,310,,0,,,
div-2026-09-09-157,1788932734,7079,381,24,1,Works,Minimal,TIMS-226199
div-2026-09-09-162,1788932667,7012,290,,0,,,
div-2026-09-09-163,1788932878,7223,572,,0,,,
div-2026-09-09-181,1788933946,8291,461,,0,,,
div-2026-09-09-187,1788934495,8840,245,,0,,,
div-2026-09-09-194,1788934471,8816,305,,0,,,
div-2026-09-09-196,1788934746,9091,1360,,0,,,
div-2026-09-09-197,1788935050,9395,236,,0,,,
div-2026-09-09-205,1788935175,9520,527,,0,,,
div-2026-09-09-207,1788935420,9765,814,,0,,,
div-2026-09-09-210,1788935214,9559,242,1283,0,,,
div-2026-09-09-218,1788935941,10286,538,14,1,Works,Minimal,TIMS-234387
div-2026-09-09-225,1788936088,10433,352,906,0,,,
div-2026-09-09-226,1788936350,10695,475,,0,,,
div-2026-09-09-235,1788936554,10701,243,32,1,Works,Minimal,TIMS-233959
div-2026-09-09-242,1788936704,10551,554,,0,,,
div-2026-09-09-256,1788937250,10005,240,685,0,,,
div-2026-09-09-260,1788937721,9534,225,3,1,Works,Minimal,TIMS-226149
div-2026-09-09-264,1788937780,9475,472,,0,,,
div-2026-09-09-273,1788938170,9085,314,,0,,,
div-2026-09-09-283,1788938314,8941,388,801,0,,,
div-2026-09-09-287,1788938346,8909,225,,0,,,
div-2026-09-09-291,1788938525,8730,1744,7,1,Works,Minimal,TIMS-227966
div-2026-09-09-292,1788938770,8485,1012,,0,,,
div-2026-09-09-304,1788938398,8857,358,12,1,Works,Moderate,TIMS-234466
div-2026-09-09-307,1788938390,8865,649,,0,,,
div-2026-09-09-315,1788939200,8055,463,,0,,,
div-2026-09-09-316,1788939304,7951,582,,0,,,
div-2026-09-09-318,1788939343,7912,668,,0,,,
div-2026-09-09-319,1788939535,7720,146,1218,0,,,
div-2026-09-09-324,1788939463,7792,319,,0,,,
div-2026-09-09-331,1788939855,7400,242,32,1,Works,Minimal,TIMS-233959
div-2026-09-09-366,1788940368,6887,378,,0,,,
div-2026-09-09-373,1788941288,5967,248,2,1,Works,Minimal,TIMS-234537
div-2026-09-09-379,1788941486,5769,696,,0,,,
div-2026-09-09-385,1788941345,5910,474,,0,,,
div-2026-09-09-395,1788942144,5111,234,,0,,,
div-2026-09-09-399,1788941869,5386,1444,3,1,Works,Minimal,TIMS-234438
div-2026-09-09-409,1788942755,4500,2751,,0,,,
div-2026-09-09-414,1788942799,4456,297,,0,,,
div-2026-09-09-417,1788942964,4291,512,,0,,,
div-2026-09-09-420,1788942682,4573,897,,0,,,
div-2026-09-09-428,1788943326,3929,469,,0,,,
div-2026-09-09-436,1788943760,3495,472,,0,,,
div-2026-09-09-438,1788943180,4075,115,,0,,,
div-2026-09-09-440,1788943720,3535,617,,0,,,
div-2026-09-09-442,1788943782,3473,271,14,1,Works,Minimal,TIMS-234387
div-2026-09-09-444,1788943625,3630,1028,,0,,,
div-2026-09-09-454,1788944044,3211,497,24,1,Works,Minimal,TIMS-226199
div-2026-09-09-465,1788944501,2754,234,1188,0,,,
div-2026-09-09-472,1788944987,2268,886,0,1,Works,Minimal,TIMS-234276
div-2026-09-09-473,1788945255,2000,399,,0,,,
div-2026-09-09-479,1788945502,1753,237,459,0,,,
div-2026-09-09-481,1788945592,1663,416,,0,,,
div-2026-09-09-482,1788945513,1742,635,,0,,,
div-2026-09-09-484,1788945454,1801,148,1643,0,,,
div-2026-09-09-492,1788945997,1258,674,,0,,,
div-2026-09-09-493,1788945886,1369,438,4,1,Works,Minimal,TIMS-231535
div-2026-09-09-513,1788946470,785,306,,0,,,
div-2026-09-09-524,1788946854,401,226,,0,,,
div-2026-09-09-531,1788947295,40,1369,,0,,,
div-2026-09-09-539,1788947729,474,465,,0,,,
div-2026-09-09-543,1788947815,560,231,,0,,,
div-2026-09-09-546,1788947622,367,376,,0,,,
div-2026-09-09-559,1788948083,828,236,,0,,,
div-2026-09-09-562,1788948439,1184,438,4,1,Works,Minimal,TIMS-227858
div-2026-09-09-565,1788948475,1220,786,4,1,Works,Minimal,TIMS-216408
div-2026-09-09-567,1788948740,1485,308,,0,,,
div-2026-09-09-584,1788949668,2413,476,,0,,,
div-2026-09-09-586,1788949895,2640,202,,0,,,
div-2026-09-09-589,1788949922,2667,1049,,0,,,
div-2026-09-09-591,1788949735,2480,173,,0,,,
div-2026-09-09-595,1788950143,2888,253,,0,,,
div-2026-09-09-613,1788950750,3495,238,,0,,,
div-2026-09-09-625,1788951288,4033,225,,0,,,
div-2026-09-09-631,1788951230,3975,257,7,1,Works,Minimal,TIMS-234276
div-2026-09-09-635,1788951583,4328,247,1358,0,,,
div-2026-09-09-638,1788951235,3980,576,265,0,,,
div-2026-09-09-639,1788951619,4364,526,,0,,,
div-2026-09-09-641,1788951896,4641,244,1268,0,,,
div-2026-09-09-643,1788951590,4335,219,744,0,,,
div-2026-09-09-645,1788952114,4859,446,4,1,Works,Minimal,TIMS-227858
div-2026-09-09-661,1788952686,5431,506,,0,,,
div-2026-09-09-663,1788952685,5430,113,,0,,,
div-2026-09-09-668,1788953041,5786,332,,0,,,
div-2026-09-09-679,1788953505,6250,370,5,1,Works,Minimal,TIMS-232301
div-2026-09-09-680,1788953578,6323,334,310,0,,,
div-2026-09-09-686,1788953848,6593,305,,0,,,
div-2026-09-09-692,1788953256,6001,236,744,0,,,
div-2026-09-09-699,1788954334,7079,375,1171,0,,,
div-2026-09-09-702,1788954462,7207,483,,0,,,
div-2026-09-09-704,1788954375,7120,236,,0,,,
div-2026-09-09-713,1788954707,7452,328,,0,,,
div-2026-09-09-714,1788954962,7707,323,,0,,,
div-2026-09-09-718,1788954985,7730,576,,0,,,
div-2026-09-09-721,1788955050,7795,435,4,1,Works,Minimal,TIMS-227858
div-2026-09-09-722,1788955081,7826,356,,0,,,
div-2026-09-09-725,1788954927,7672,366,,0,,,
div-2026-09-09-727,1788955189,7934,251,,0,,,
div-2026-09-09-735,1788955506,8251,587,,0,,,
div-2026-09-09-746,1788956052,8797,146,1218,0,,,
div-2026-09-09-759,1788955511,8256,882,186,1,Works,Minimal,TIMS-226462
div-2026-09-09-763,1788956360,9105,579,7,1,Works,Minimal,TIMS-232627
div-2026-09-09-768,1788956679,9424,325,,0,,,
div-2026-09-09-770,1788956818,9563,697,227,1,Works,Minimal,TIMS-226462
div-2026-09-09-782,1788957717,10462,840,766,0,,,
div-2026-09-09-795,1788958497,10358,727,,0,,,
div-2026-09-09-800,1788958390,10465,468,5,1,Works,Minimal,TIMS-225605
div-2026-09-09-809,1788958655,10200,209,744,0,,,
div-2026-09-09-812,1788959149,9706,513,,0,,,
div-2026-09-09-820,1788959556,9299,203,,0,,,
div-2026-09-09-833,1788959720,9135,375,,0,,,
div-2026-09-09-838,1788959767,9088,319,265,0,,,
div-2026-09-09-844,1788959997,8858,496,12,1,Works,Minimal,TIMS-234421
div-2026-09-09-852,1788960111,8744,1260,,0,,,
div-2026-09-09-854,1788960144,8711,439,8,1,Works,Minimal,TIMS-219173
div-2026-09-09-859,1788960621,8234,677,,0,,,
div-2026-09-09-861,1788960605,8250,1422,552,0,,,
div-2026-09-09-864,1788960586,8269,247,1358,0,,,
div-2026-09-09-868,1788961156,7699,244,1268,0,,,
div-2026-09-09-874,1788961533,7322,251,,0,,,
div-2026-09-09-875,1788961339,7516,1018,,0,,,
div-2026-09-09-877,1788961042,7813,173,225,1,Planned events,Minimal,TIMS-233161
div-2026-09-09-878,1788961454,7401,896,,0,,,
div-2026-09-09-879,1788961422,7433,238,,0,,,
div-2026-09-09-900,1788962351,6504,301,,0,,,
div-2026-09-09-921,1788962907,5948,358,554,0,,,
div-2026-09-09-924,1788962862,5993,246,744,0,,,
div-2026-09-09-939,1788963808,5047,243,,0,,,
div-2026-09-09-940,1788964072,4783,585,,0,,,
div-2026-09-09-943,1788963569,5286,294,,0,,,
div-2026-09-09-948,1788964277,4578,204,,0,,,
div-2026-09-09-949,1788964339,4516,563,,0,,,
div-2026-09-09-950,1788964300,4555,501,,0,,,
div-2026-09-09-955,1788964389,4466,520,167,1,Works,Minimal,TIMS-232627
div-2026-09-09-958,1788964686,4169,146,1218,0,,,
div-2026-09-09-959,1788964713,4142,514,,0,,,
div-2026-09-09-960,1788964458,4397,928,552,0,,,
div-2026-09-09-980,1788965549,3306,646,12,1,Works,Minimal,TIMS-234584
div-2026-09-09-990,1788965794,3061,250,2,1,Works,Minimal,TIMS-234537
div-2026-09-09-1004,1788966287,2568,490,12,1,Works,Minimal,TIMS-234421
div-2026-09-09-1011,1788966112,2743,393,,0,,,
div-2026-09-09-1014,1788966526,2329,628,554,0,,,
div-2026-09-09-1023,1788965969,2886,609,32,1,Works,Moderate,TIMS-234583
div-2026-09-09-1031,1788967016,1839,359,,0,,,
div-2026-09-09-1041,1788967580,1275,234,,0,,,
div-2026-09-09-1048,1788967788,1067,244,1268,0,,,
div-2026-09-09-1064,1788968427,428,258,,0,,,
div-2026-09-09-1070,1788968387,468,230,12,1,Works,Minimal,TIMS-234584
div-2026-09-09-1080,1788967889,966,223,744,0,,,
div-2026-09-09-1082,1788968648,207,460,813,0,,,
div-2026-09-09-1092,1788969244,389,250,2,1,Works,Minimal,TIMS-234537
div-2026-09-09-1095,1788968930,75,246,1358,0,,,
div-2026-09-09-1098,1788968996,141,382,,0,,,
div-2026-09-09-1130,1788970458,1603,551,,0,,,
div-2026-09-09-1132,1788970155,1300,484,,0,,,
div-2026-09-09-1152,1788971726,2871,542,,0,,,
div-2026-09-09-1153,1788971645,2790,383,,0,,,
div-2026-09-09-1156,1788971893,3038,242,,0,,,
div-2026-09-09-1159,1788972059,3204,237,,0,,,
div-2026-09-09-1162,1788971919,3064,307,,0,,,
div-2026-09-09-1181,1788972219,3364,94,,0,,,
div-2026-09-09-1185,1788972020,3165,248,744,0,,,
div-2026-09-09-1186,1788971974,3119,201,225,1,Planned events,Minimal,TIMS-233161
div-2026-09-09-1201,1788973269,4414,931,265,0,,,
div-2026-09-09-1210,1788974060,5205,472,,0,,,
div-2026-09-09-1213,1788973449,4594,314,32,1,Works,Moderate,TIMS-234583
div-2026-09-09-1228,1788974389,5534,438,8,1,Works,Minimal,TIMS-219173
div-2026-09-09-1236,1788974629,5774,1922,437,0,,,
div-2026-09-09-1247,1788975379,6524,239,,0,,,
div-2026-09-09-1251,1788975157,6302,529,,0,,,
div-2026-09-09-1261,1788974958,6103,292,33,1,Works,Moderate,TIMS-234583
div-2026-09-09-1265,1788975416,6561,475,1811,0,,,
div-2026-09-09-1266,1788975786,6931,331,,0,,,
div-2026-09-09-1274,1788975833,6978,484,,0,,,
div-2026-09-09-1280,1788976143,7288,204,,0,,,
div-2026-09-09-1299,1788976727,7872,284,,0,,,
div-2026-09-09-1310,1788976983,8128,194,641,0,,,
div-2026-09-09-1320,1788977626,8771,226,,0,,,
div-2026-09-09-1328,1788976796,7941,230,,0,,,
div-2026-09-09-1341,1788978376,9521,365,,0,,,
div-2026-09-09-1343,1788977535,8680,722,,0,,,
div-2026-09-09-1368,1788979501,10646,684,265,0,,,
div-2026-09-09-1369,1788978599,9744,77,,0,,,
div-2026-09-09-1371,1788979707,10748,532,,0,,,
div-2026-09-09-1378,1788979901,10554,820,,0,,,
div-2026-09-09-1379,1788979875,10580,274,,0,,,
div-2026-09-09-1389,1788979744,10711,693,188,1,Works,Minimal,TIMS-226462
div-2026-09-09-1391,1788979813,10642,1167,185,1,Planned events,Minimal,TIMS-233161
div-2026-09-09-1395,1788980422,10033,762,,0,,,
div-2026-09-09-1397,1788980599,9856,1364,,0,,,
div-2026-09-09-1402,1788980774,9681,475,,0,,,
div-2026-09-09-1406,1788981099,9356,327,,0,,,
div-2026-09-09-1415,1788981586,8869,241,,0,,,
div-2026-09-09-1421,1788981948,8507,521,19,1,Works,Minimal,TIMS-232574
div-2026-09-09-1422,1788981699,8756,146,,0,,,
div-2026-09-09-1423,1788982031,8424,110,,0,,,
div-2026-09-09-1424,1788981575,8880,1972,8,1,Works,Minimal,TIMS-231630
div-2026-09-09-1434,1788982579,7876,48,,0,,,
div-2026-09-09-1437,1788982985,7470,252,218,1,Works,Minimal,TIMS-234343
div-2026-09-09-1441,1788983269,7186,227,,0,,,
div-2026-09-09-1444,1788983399,7056,306,171,1,Works,Minimal,TIMS-233994
div-2026-09-09-1447,1788983598,6857,229,13,1,Works,Minimal,TIMS-234343
div-2026-09-09-1448,1788983769,6686,250,4,1,Works,Minimal,TIMS-216408
div-2026-09-09-1450,1788984289,6166,234,,0,,,
div-2026-09-09-1453,1788984583,5872,325,3,1,Works,Minimal,TIMS-234447
div-2026-09-09-1454,1788984605,5850,540,,0,,,
div-2026-09-09-1455,1788984818,5637,201,,0,,,
div-2026-09-09-1456,1788984713,5742,435,8,1,Works,Minimal,TIMS-219173
div-2026-09-09-1457,1788984453,6002,281,,0,,,
div-2026-09-09-1460,1788984926,5529,418,,0,,,
div-2026-09-09-1468,1788985312,5143,319,,0,,,
div-2026-09-09-1487,1788986417,4038,1110,,0,,,
div-2026-09-09-1496,1788986095,4360,72,980,0,,,
div-2026-09-09-1498,1788987080,3375,447,121,1,Breakdowns,Minimal,TIMS-234607
div-2026-09-09-1505,1788987953,2502,281,265,0,,,
div-2026-09-09-1506,1788987779,2676,213,,0,,,
div-2026-09-09-1510,1788987628,2827,1674,8,1,Works,Minimal,TIMS-231630
div-2026-09-09-1511,1788988237,2218,333,,0,,,
div-2026-09-09-1514,1788988639,1816,238,,0,,,
div-2026-09-09-1516,1788988483,1972,1025,13,1,Works,Minimal,TIMS-234343
div-2026-09-09-1520,1788988451,2004,410,0,1,Works,Minimal,TIMS-234276
div-2026-09-09-1524,1788988214,2241,339,641,0,,,
div-2026-09-09-1526,1788989056,1399,244,,0,,,
div-2026-09-09-1527,1788988913,1542,237,218,1,Works,Minimal,TIMS-234343
div-2026-09-09-1529,1788988706,1749,204,,0,,,
div-2026-09-09-1536,1788989424,1031,309,,0,,,
div-2026-09-09-1537,1788988960,1495,505,,0,,,
div-2026-09-09-1541,1788989311,1144,478,,0,,,
div-2026-09-09-1546,1788989660,795,236,,0,,,
div-2026-09-09-1555,1788990081,374,583,,0,,,
div-2026-09-09-1557,1788990283,172,539,205,1,Works,Minimal,TIMS-234466
div-2026-09-09-1561,1788990611,156,330,,0,,,
div-2026-09-09-1564,1788990811,356,1408,26,1,Works,Minimal,TIMS-233321
div-2026-09-09-1566,1788990727,272,1106,2,1,Works,Minimal,TIMS-234267
div-2026-09-09-1575,1788991703,1248,281,,0,,,
div-2026-09-09-1576,1788991474,1019,229,,0,,,
div-2026-09-09-1579,1788992118,1663,266,85,1,Planned events,Minimal,TIMS-234170
div-2026-09-09-1585,1788992310,1855,276,1283,0,,,
div-2026-09-09-1596,1788992990,2535,193,,0,,,
div-2026-09-09-1603,1788993997,3542,785,3,1,Works,Minimal,TIMS-234438
div-2026-09-09-1606,1788994663,4208,562,17,1,Works,Minimal,TIMS-233994
div-2026-09-10-27,1789002672,9384,274,,0,,,
div-2026-09-10-30,1789003160,8896,322,,0,,,
div-2026-09-10-35,1789003753,8303,261,171,1,Works,Minimal,TIMS-233994
div-2026-09-10-41,1789005649,6407,743,,0,,,
div-2026-09-10-42,1789005878,6178,383,,0,,,
div-2026-09-10-49,1789007568,4488,366,,0,,,
div-2026-09-10-50,1789007575,4481,172,,0,,,
div-2026-09-10-54,1789008129,3927,253,5,1,Works,Minimal,TIMS-234276
div-2026-09-10-59,1789008760,3296,506,,0,,,
div-2026-09-10-60,1789008846,3210,903,,0,,,
div-2026-09-10-61,1789009056,3000,2579,3,1,Works,Minimal,TIMS-234438
div-2026-09-10-71,1789010417,1639,869,209,1,Works,Minimal,TIMS-225286
div-2026-09-10-76,1789011194,862,764,,0,,,
div-2026-09-10-77,1789011120,936,264,,0,,,
div-2026-09-10-88,1789012891,835,608,,0,,,
div-2026-09-10-89,1789012880,824,309,,0,,,
div-2026-09-10-94,1789013378,1322,752,,0,,,
div-2026-09-10-96,1789013248,1192,1001,,0,,,
div-2026-09-10-104,1789014081,2025,195,,0,,,
div-2026-09-10-106,1789014424,2368,333,,0,,,
div-2026-09-10-111,1789014199,2143,164,586,0,,,
div-2026-09-10-112,1789014483,2427,266,467,0,,,
div-2026-09-10-117,1789014697,2641,232,781,0,,,
div-2026-09-10-120,1789015009,2953,255,781,0,,,
div-2026-09-10-124,1789015310,3254,477,,0,,,
div-2026-09-10-128,1789015823,3767,298,,0,,,
div-2026-09-10-130,1789016099,4043,411,,0,,,
div-2026-09-10-134,1789016301,4245,553,6,1,Works,Minimal,TIMS-234438
div-2026-09-10-137,1789016759,4703,442,8,1,Works,Minimal,TIMS-219173
div-2026-09-10-149,1789017430,5374,174,,0,,,
div-2026-09-10-151,1789017523,5467,505,,0,,,
div-2026-09-10-153,1789017828,5772,810,,0,,,
div-2026-09-10-156,1789017789,5733,291,,0,,,
div-2026-09-10-161,1789017932,5876,781,,0,,,
div-2026-09-10-164,1789018140,6084,1354,7,1,Works,Minimal,TIMS-234447
div-2026-09-10-166,1789018039,5983,377,,0,,,
div-2026-09-10-168,1789018504,6448,456,,0,,,
div-2026-09-10-177,1789019011,6955,310,,0,,,
div-2026-09-10-182,1789019347,7291,213,,0,,,
div-2026-09-10-195,1789020243,8187,566,,0,,,
div-2026-09-10-200,1789020699,8643,368,5,1,Works,Minimal,TIMS-232301
div-2026-09-10-211,1789021056,9000,419,,0,,,
div-2026-09-10-213,1789021044,8988,441,,0,,,
div-2026-09-10-226,1789021624,9568,201,,0,,,
div-2026-09-10-227,1789021592,9536,415,,0,,,
div-2026-09-10-231,1789021181,9125,976,5,1,Works,Minimal,TIMS-231575
div-2026-09-10-232,1789021901,9845,146,1218,0,,,
div-2026-09-10-234,1789021828,9772,238,910,0,,,
div-2026-09-10-237,1789021997,9941,243,9,1,Hazards,Minimal,TIMS-234622
div-2026-09-10-245,1789022370,10314,287,,0,,,
div-2026-09-10-246,1789022268,10212,252,,0,,,
div-2026-09-10-259,1789022655,10599,364,,0,,,
div-2026-09-10-268,1789023164,10491,203,,0,,,
div-2026-09-10-273,1789023350,10305,238,,0,,,
div-2026-09-10-276,1789022266,10210,129,895,0,,,
div-2026-09-10-279,1789023515,10140,241,,0,,,
div-2026-09-10-283,1789023751,9904,342,,0,,,
div-2026-09-10-287,1789023816,9839,464,,0,,,
div-2026-09-10-289,1789023305,10350,285,1329,0,,,
div-2026-09-10-291,1789023914,9741,592,154,1,Works,Minimal,TIMS-234186
div-2026-09-10-295,1789024198,9457,480,,0,,,
div-2026-09-10-307,1789024367,9288,241,,0,,,
div-2026-09-10-310,1789024401,9254,414,,0,,,
div-2026-09-10-314,1789024294,9361,312,,0,,,
div-2026-09-10-317,1789024508,9147,466,482,0,,,
div-2026-09-10-320,1789024586,9069,373,,0,,,
div-2026-09-10-324,1789025065,8590,195,,0,,,
div-2026-09-10-327,1789025123,8532,521,,0,,,
div-2026-09-10-335,1789024423,9232,678,,0,,,
div-2026-09-10-336,1789025538,8117,656,731,0,,,
div-2026-09-10-338,1789025694,7961,172,,0,,,
div-2026-09-10-342,1789025939,7716,524,4,1,Works,Minimal,TIMS-216408
div-2026-09-10-356,1789026407,7248,485,,0,,,
div-2026-09-10-364,1789026899,6756,166,,0,,,
div-2026-09-10-368,1789027064,6591,967,,0,,,
div-2026-09-10-369,1789026936,6719,286,,0,,,
div-2026-09-10-370,1789027116,6539,275,,0,,,
div-2026-09-10-378,1789027615,6040,523,2,1,Works,Minimal,TIMS-234537
div-2026-09-10-392,1789027862,5793,223,,0,,,
div-2026-09-10-393,1789028046,5609,119,19,1,Works,Minimal,TIMS-234590
div-2026-09-10-395,1789027925,5730,462,,0,,,
div-2026-09-10-397,1789027954,5701,224,12,1,Works,Minimal,TIMS-234584
div-2026-09-10-401,1789028161,5494,225,,0,,,
div-2026-09-10-405,1789028363,5292,250,1358,0,,,
div-2026-09-10-409,1789027791,5864,483,,0,,,
div-2026-09-10-410,1789028765,4890,438,8,1,Works,Minimal,TIMS-219173
div-2026-09-10-411,1789028504,5151,379,387,0,,,
div-2026-09-10-413,1789028694,4961,394,,0,,,
div-2026-09-10-416,1789028575,5080,242,15,1,Works,Minimal,TIMS-233175
div-2026-09-10-421,1789028836,4819,384,,0,,,
div-2026-09-10-426,1789028866,4789,486,,0,,,
div-2026-09-10-437,1789029109,4546,200,,0,,,
div-2026-09-10-447,1789029790,3865,244,9,1,Hazards,Minimal,TIMS-234622
div-2026-09-10-452,1789029989,3666,779,4,1,Works,Minimal,TIMS-216408
div-2026-09-10-453,1789029983,3672,363,,0,,,
div-2026-09-10-461,1789030550,3105,508,,0,,,
div-2026-09-10-463,1789030697,2958,236,,0,,,
div-2026-09-10-465,1789030537,3118,514,,0,,,
div-2026-09-10-469,1789030424,3231,299,,0,,,
div-2026-09-10-473,1789030810,2845,298,,0,,,
div-2026-09-10-474,1789030746,2909,904,,0,,,
div-2026-09-10-479,1789031027,2628,398,5,1,Works,Minimal,TIMS-232301
div-2026-09-10-480,1789031103,2552,253,1133,0,,,
div-2026-09-10-482,1789031371,2284,589,,0,,,
div-2026-09-10-496,1789031671,1984,316,,0,,,
div-2026-09-10-502,1789031580,2075,475,6,1,Works,Minimal,TIMS-225605
div-2026-09-10-507,1789032264,1391,518,,0,,,
div-2026-09-10-512,1789032732,923,360,,0,,,
div-2026-09-10-533,1789033752,97,471,,0,,,
div-2026-09-10-537,1789033212,443,385,,0,,,
div-2026-09-10-546,1789034212,557,349,800,0,,,
div-2026-09-10-551,1789034586,931,460,,0,,,
div-2026-09-10-560,1789034642,987,374,,0,,,
div-2026-09-10-569,1789035119,1464,214,,0,,,
div-2026-09-10-575,1789035540,1885,236,,0,,,
div-2026-09-10-588,1789035761,2106,265,15,1,Works,Minimal,TIMS-233175
div-2026-09-10-593,1789036161,2506,202,,0,,,
div-2026-09-10-616,1789036988,3333,238,,0,,,
div-2026-09-10-620,1789037038,3383,128,,0,,,
div-2026-09-10-629,1789037619,3964,471,375,0,,,
div-2026-09-10-644,1789038659,5004,252,2,1,Works,Minimal,TIMS-234276
div-2026-09-10-655,1789039609,5954,582,,0,,,
div-2026-09-10-666,1789040399,6744,658,,0,,,
div-2026-09-10-686,1789041518,7863,781,4,1,Works,Minimal,TIMS-216408
div-2026-09-10-687,1789041547,7892,224,,0,,,
div-2026-09-10-701,1789042656,9001,496,12,1,Works,Minimal,TIMS-234421
div-2026-09-10-729,1789043951,10296,589,,0,,,
div-2026-09-10-735,1789044149,10494,420,,0,,,
div-2026-09-10-750,1789045193,10063,287,292,0,,,
div-2026-09-10-756,1789045772,9484,276,,0,,,
div-2026-09-10-764,1789046212,9044,227,7,1,Collisions,Minimal,TIMS-234640
div-2026-09-10-773,1789046312,8944,100,581,0,,,
div-2026-09-10-798,1789048245,7011,1150,2,1,Emergency service incidents,Minimal,TIMS-234645
div-2026-09-10-801,1789048204,7052,209,744,0,,,
div-2026-09-10-820,1789049776,5480,232,,0,,,
div-2026-09-10-825,1789050112,5144,513,10,1,Works,Minimal,TIMS-234590
div-2026-09-10-828,1789050491,4765,418,,0,,,
div-2026-09-10-850,1789051329,3927,707,,0,,,
div-2026-09-10-856,1789050717,4539,1397,8,1,Breakdowns,Minimal,TIMS-234656
div-2026-09-10-861,1789051811,3445,721,,0,,,
div-2026-09-10-868,1789051851,3405,496,,0,,,
div-2026-09-10-873,1789052243,3013,489,,0,,,
div-2026-09-10-876,1789052438,2818,193,,0,,,
div-2026-09-10-880,1789051818,3438,309,32,1,Works,Minimal,TIMS-234583
div-2026-09-10-882,1789052226,3030,308,,0,,,
div-2026-09-10-886,1789052767,2489,240,,0,,,
div-2026-09-10-896,1789053290,1966,172,,0,,,
div-2026-09-10-912,1789053854,1402,871,6,1,Breakdowns,Minimal,TIMS-234654
div-2026-09-10-918,1789053825,1431,306,265,0,,,
div-2026-09-10-919,1789054186,1070,491,,0,,,
div-2026-09-10-928,1789054404,852,523,895,0,,,
div-2026-09-10-930,1789054219,1037,316,32,1,Works,Minimal,TIMS-234583
div-2026-09-10-941,1789055350,94,745,10,1,Breakdowns,Minimal,TIMS-234656
div-2026-09-10-967,1789056382,1126,296,284,0,,,
div-2026-09-10-983,1789056961,1705,787,,0,,,
div-2026-09-10-997,1789058059,2803,276,,0,,,
div-2026-09-10-999,1789058142,2886,273,,0,,,
div-2026-09-10-1004,1789058468,3212,320,9,1,Works,Minimal,TIMS-234590
div-2026-09-10-1010,1789058946,3690,645,,0,,,
div-2026-09-10-1011,1789058836,3580,225,,0,,,
div-2026-09-10-1016,1789059365,4109,200,,0,,,
div-2026-09-10-1017,1789059437,4181,1037,2,1,Emergency service incidents,Minimal,TIMS-234645
div-2026-09-10-1022,1789059533,4277,231,,0,,,
div-2026-09-10-1023,1789059340,4084,571,14,1,Works,Moderate,TIMS-230857
div-2026-09-10-1036,1789060145,4889,483,,0,,,
div-2026-09-10-1042,1789060652,5396,226,,0,,,
div-2026-09-10-1049,1789060698,5442,241,374,0,,,
div-2026-09-10-1050,1789060919,5663,1254,,0,,,
div-2026-09-10-1053,1789061097,5841,366,,0,,,
div-2026-09-10-1057,1789061302,6046,1577,,0,,,
div-2026-09-10-1058,1789061300,6044,413,,0,,,
div-2026-09-10-1059,1789061357,6101,543,,0,,,
div-2026-09-10-1060,1789060363,5107,633,32,1,Works,Minimal,TIMS-234583
div-2026-09-10-1061,1789061484,6228,612,,0,,,
div-2026-09-10-1065,1789061460,6204,344,377,0,,,
div-2026-09-10-1066,1789061228,5972,473,,0,,,
div-2026-09-10-1072,1789062025,6769,478,,0,,,
div-2026-09-10-1073,1789062002,6746,494,,0,,,
div-2026-09-10-1083,1789061643,6387,240,744,0,,,
div-2026-09-10-1093,1789062162,6906,277,147,1,Works,Minimal,TIMS-234077
div-2026-09-10-1094,1789062957,7701,442,,0,,,
div-2026-09-10-1099,1789063007,7751,642,,0,,,
div-2026-09-10-1102,1789063209,7953,305,,0,,,
div-2026-09-10-1119,1789064062,8806,176,,0,,,
div-2026-09-10-1133,1789064370,9114,623,,0,,,
div-2026-09-10-1147,1789064876,9620,320,9,1,Works,Minimal,TIMS-234590
div-2026-09-10-1149,1789065071,9815,231,,0,,,
div-2026-09-10-1168,1789065871,10615,534,14,1,Works,Minimal,TIMS-234387
div-2026-09-10-1177,1789066690,10165,274,,0,,,
div-2026-09-10-1183,1789067013,9842,337,430,0,,,
div-2026-09-10-1184,1789066223,10632,573,13,1,Works,Minimal,TIMS-225605
div-2026-09-10-1194,1789067086,9769,1941,8,1,Works,Minimal,TIMS-231630
div-2026-09-10-1203,1789067977,8878,237,910,0,,,
div-2026-09-10-1205,1789067637,9218,187,1668,0,,,
div-2026-09-10-1214,1789068401,8454,411,,0,,,
div-2026-09-10-1223,1789068800,8055,239,,0,,,
div-2026-09-10-1227,1789069095,7760,506,,0,,,
div-2026-09-10-1231,1789068736,8119,339,28,1,Works,Minimal,TIMS-221115
div-2026-09-10-1236,1789069299,7556,226,,0,,,
div-2026-09-10-1244,1789069527,7328,408,,0,,,
div-2026-09-10-1251,1789069819,7036,971,2,1,Works,Minimal,TIMS-231257
div-2026-09-10-1256,1789069788,7067,1077,2,1,Works,Minimal,TIMS-231257
div-2026-09-10-1257,1789070321,6534,231,,0,,,
div-2026-09-10-1268,1789070613,6242,410,287,0,,,
div-2026-09-10-1269,1789070284,6571,1157,2,1,Works,Minimal,TIMS-231257
div-2026-09-10-1290,1789071996,4859,447,1164,0,,,
div-2026-09-10-1291,1789071777,5078,377,14,1,Works,Minimal,TIMS-234675
div-2026-09-10-1295,1789071562,5293,664,2,1,Works,Minimal,TIMS-231257
div-2026-09-10-1303,1789072736,4119,523,6,1,Works,Minimal,TIMS-234438
div-2026-09-10-1307,1789073206,3649,625,,0,,,
div-2026-09-10-1308,1789073203,3652,589,4,1,Works,Serious,TIMS-234619
div-2026-09-10-1330,1789074361,2494,795,158,1,Works,Minimal,TIMS-234447
div-2026-09-10-1339,1789074800,2055,176,,0,,,
div-2026-09-10-1346,1789075028,1827,193,,0,,,
div-2026-09-10-1347,1789075099,1756,333,,0,,,
div-2026-09-10-1370,1789076316,539,336,,0,,,
div-2026-09-10-1379,1789076826,29,275,20,1,Works,Minimal,TIMS-234513
div-2026-09-10-1386,1789077082,227,710,0,1,Works,Minimal,TIMS-234276
div-2026-09-10-1404,1789078133,1278,296,280,0,,,
div-2026-09-10-1407,1789078336,1481,491,14,1,Works,Minimal,TIMS-234675
div-2026-09-10-1411,1789078051,1196,193,1643,0,,,
div-2026-09-10-1459,1789082828,5973,317,52,1,Works,Minimal,TIMS-233080
div-2026-09-10-1468,1789084082,7227,259,455,0,,,
div-2026-09-11-1,1789084338,7483,174,,0,,,
div-2026-09-11-2,1789084556,7701,267,171,1,Works,Minimal,TIMS-233994
div-2026-09-11-3,1789084847,7992,240,,0,,,
div-2026-09-11-4,1789084932,8077,239,1189,0,,,
div-2026-09-11-5,1789084980,8125,240,,0,,,
div-2026-09-11-7,1789085158,8303,269,,0,,,
div-2026-09-11-8,1789085546,8691,252,,0,,,
div-2026-09-11-9,1789085706,8851,265,,0,,,
div-2026-09-11-10,1789085273,8418,223,131,1,Works,Minimal,TIMS-233080
div-2026-09-11-13,1789086884,10029,233,29,1,Works,Minimal,TIMS-221115
div-2026-09-11-15,1789087413,10558,268,,0,,,
div-2026-09-11-16,1789087762,10693,245,,0,,,
div-2026-09-11-17,1789088255,10200,252,,0,,,
div-2026-09-11-18,1789088493,9962,262,,0,,,
div-2026-09-11-19,1789088524,9931,240,,0,,,
div-2026-09-11-20,1789088564,9891,287,,0,,,
div-2026-09-11-21,1789088998,9457,307,,0,,,
div-2026-09-11-22,1789089297,9158,122,,0,,,
div-2026-09-11-25,1789089402,9053,293,,0,,,
div-2026-09-11-26,1789089545,8910,256,23,1,Works,Minimal,TIMS-232574
div-2026-09-11-27,1789090214,8241,269,,0,,,
div-2026-09-11-28,1789090119,8336,442,,0,,,
div-2026-09-11-29,1789090385,8070,240,52,1,Works,Minimal,TIMS-233080
div-2026-09-11-32,1789091125,7330,145,,0,,,
div-2026-09-11-34,1789092303,6152,291,,0,,,
div-2026-09-11-35,1789092183,6272,271,7,1,Works,Minimal,TIMS-234276
div-2026-09-11-38,1789092161,6294,563,,0,,,
div-2026-09-11-39,1789092389,6066,226,,0,,,
div-2026-09-11-40,1789092906,5549,524,,0,,,
div-2026-09-11-41,1789092659,5796,771,,0,,,
div-2026-09-11-48,1789093979,4476,172,,0,,,
div-2026-09-11-52,1789094043,4412,263,5,1,Works,Minimal,TIMS-234276
div-2026-09-11-55,1789094871,3584,331,,0,,,
div-2026-09-11-59,1789095722,2733,315,,0,,,
div-2026-09-11-61,1789095598,2857,342,,0,,,
div-2026-09-11-65,1789097317,1138,242,,0,,,
div-2026-09-11-67,1789096991,1464,1186,2,1,Works,Minimal,TIMS-231257
div-2026-09-11-68,1789097625,830,762,,0,,,
div-2026-09-11-69,1789097475,980,343,430,0,,,
div-2026-09-11-71,1789097491,964,291,,0,,,
div-2026-09-11-78,1789099270,815,244,,0,,,
div-2026-09-11-79,1789099093,638,523,982,0,,,
div-2026-09-11-81,1789099218,763,356,,0,,,
div-2026-09-11-86,1789099796,1341,240,,0,,,
div-2026-09-11-93,1789100189,1734,195,,0,,,
div-2026-09-11-95,1789100415,1960,200,,0,,,
div-2026-09-11-98,1789100996,2541,389,,0,,,
div-2026-09-11-100,1789101035,2580,236,15,1,Works,Minimal,TIMS-233175
div-2026-09-11-104,1789101246,2791,282,,0,,,
div-2026-09-11-105,1789101356,2901,380,209,1,Works,Minimal,TIMS-225286
div-2026-09-11-106,1789101689,3234,174,1668,0,,,
div-2026-09-11-111,1789102465,4010,199,,0,,,
div-2026-09-11-112,1789102426,3971,404,,0,,,
div-2026-09-11-113,1789102587,4132,445,482,0,,,
div-2026-09-11-118,1789103003,4548,366,,0,,,
div-2026-09-11-123,1789103169,4714,209,,0,,,
div-2026-09-11-124,1789103298,4843,236,,0,,,
div-2026-09-11-125,1789103083,4628,251,2,1,Works,Minimal,TIMS-234267
div-2026-09-11-128,1789103385,4930,346,,0,,,
div-2026-09-11-130,1789103510,5055,198,581,0,,,
div-2026-09-11-131,1789103656,5201,382,207,1,Works,Minimal,TIMS-234451
div-2026-09-11-132,1789103352,4897,206,3,1,Works,Minimal,TIMS-234537
div-2026-09-11-133,1789103828,5373,580,16,1,Works,Minimal,TIMS-231192
div-2026-09-11-134,1789104015,5560,276,4,1,Works,Minimal,TIMS-234290
div-2026-09-11-135,1789104039,5584,727,,0,,,
div-2026-09-11-137,1789104518,6063,129,,0,,,
div-2026-09-11-142,1789104705,6250,312,,0,,,
div-2026-09-11-146,1789104847,6392,710,,0,,,
div-2026-09-11-148,1789104748,6293,790,,0,,,
div-2026-09-11-150,1789104826,6371,188,,0,,,
div-2026-09-11-153,1789105213,6758,236,,0,,,
div-2026-09-11-158,1789105011,6556,714,1188,0,,,
div-2026-09-11-159,1789105262,6807,362,473,0,,,
div-2026-09-11-168,1789105891,7436,215,,0,,,
div-2026-09-11-169,1789105528,7073,124,,0,,,
div-2026-09-11-171,1789106193,7738,245,,0,,,
div-2026-09-11-172,1789106287,7832,572,3,1,Works,Minimal,TIMS-234438
div-2026-09-11-173,1789106354,7899,293,,0,,,
div-2026-09-11-175,1789106607,8152,466,,0,,,
div-2026-09-11-179,1789106652,8197,293,209,1,Works,Minimal,TIMS-225286
div-2026-09-11-181,1789106701,8246,200,,0,,,
div-2026-09-11-184,1789106984,8529,272,,0,,,
div-2026-09-11-188,1789107317,8862,220,,0,,,
div-2026-09-11-190,1789107176,8721,396,1057,0,,,
div-2026-09-11-193,1789107452,8997,309,,0,,,
div-2026-09-11-196,1789107490,9035,232,,0,,,
div-2026-09-11-200,1789108017,9562,202,,0,,,
div-2026-09-11-209,1789108132,9677,189,,0,,,
div-2026-09-11-212,1789108199,9744,300,365,0,,,
div-2026-09-11-213,1789108515,10060,230,813,0,,,
div-2026-09-11-223,1789108196,9741,170,956,0,,,
div-2026-09-11-225,1789108764,10309,806,,0,,,
div-2026-09-11-231,1789109382,10673,138,,0,,,
div-2026-09-11-232,1789109383,10672,312,,0,,,
div-2026-09-11-235,1789109258,10797,385,,0,,,
div-2026-09-11-236,1789109130,10675,205,,0,,,
div-2026-09-11-238,1789109500,10555,484,,0,,,
div-2026-09-11-239,1789109402,10653,322,,0,,,
div-2026-09-11-244,1789109515,10540,1978,,0,,,
div-2026-09-11-246,1789109285,10770,728,154,1,Works,Minimal,TIMS-234186
div-2026-09-11-249,1789109728,10327,234,,0,,,
div-2026-09-11-253,1789109647,10408,476,,0,,,
div-2026-09-11-271,1789110165,9890,329,,0,,,
div-2026-09-11-272,1789110480,9575,387,,0,,,
div-2026-09-11-274,1789110537,9518,381,5,1,Works,Minimal,TIMS-232301
div-2026-09-11-281,1789110167,9888,538,6,1,Works,Minimal,TIMS-228672
div-2026-09-11-285,1789110903,9152,357,,0,,,
div-2026-09-11-289,1789111090,8965,454,,0,,,
div-2026-09-11-291,1789110957,9098,218,,0,,,
div-2026-09-11-292,1789111228,8827,172,,0,,,
div-2026-09-11-302,1789111517,8538,398,,0,,,
div-2026-09-11-308,1789111779,8276,119,19,1,Works,Minimal,TIMS-234590
div-2026-09-11-310,1789111408,8647,227,,0,,,
div-2026-09-11-311,1789111835,8220,204,,0,,,
div-2026-09-11-312,1789111656,8399,215,,0,,,
div-2026-09-11-317,1789111873,8182,570,737,0,,,
div-2026-09-11-321,1789112266,7789,144,1218,0,,,
div-2026-09-11-328,1789111844,8211,538,192,1,Works,Minimal,TIMS-234447
div-2026-09-11-334,1789112274,7781,407,,0,,,
div-2026-09-11-335,1789112591,7464,234,,0,,,
div-2026-09-11-339,1789112862,7193,310,,0,,,
div-2026-09-11-346,1789113174,6881,967,,0,,,
div-2026-09-11-353,1789113019,7036,270,,0,,,
div-2026-09-11-355,1789112982,7073,200,,0,,,
div-2026-09-11-358,1789113207,6848,508,4,1,Works,Minimal,TIMS-232931
div-2026-09-11-359,1789113792,6263,187,,0,,,
div-2026-09-11-363,1789113641,6414,477,,0,,,
div-2026-09-11-365,1789114196,5859,594,,0,,,
div-2026-09-11-366,1789113989,6066,659,2,1,Works,Minimal,TIMS-234590
div-2026-09-11-369,1789114229,5826,539,14,1,Works,Minimal,TIMS-234387
div-2026-09-11-377,1789114334,5721,736,4,1,Works,Minimal,TIMS-232931
div-2026-09-11-378,1789114403,5652,342,,0,,,
div-2026-09-11-381,1789114522,5533,280,,0,,,
div-2026-09-11-382,1789114228,5827,647,10,1,Collisions,Minimal,TIMS-234694
div-2026-09-11-402,1789115479,4576,258,,0,,,
div-2026-09-11-405,1789115458,4597,243,606,0,,,
div-2026-09-11-425,1789116439,3616,1152,,0,,,
div-2026-09-11-438,1789116591,3464,986,10,1,Collisions,Minimal,TIMS-234694
div-2026-09-11-441,1789116607,3448,548,167,1,Works,Minimal,TIMS-232627
div-2026-09-11-451,1789117242,2813,307,,0,,,
div-2026-09-11-453,1789116774,3281,721,1188,0,,,
div-2026-09-11-454,1789117366,2689,296,284,0,,,
div-2026-09-11-466,1789118119,1936,316,,0,,,
div-2026-09-11-467,1789117903,2152,297,3,1,Works,Minimal,TIMS-234438
div-2026-09-11-483,1789118766,1289,205,,0,,,
div-2026-09-11-487,1789119071,984,204,,0,,,
div-2026-09-11-506,1789119294,761,515,15,1,Works,Minimal,TIMS-230755
div-2026-09-11-512,1789119628,427,620,99,1,Works,Minimal,TIMS-233091
div-2026-09-11-520,1789119833,222,483,,0,,,
div-2026-09-11-527,1789120327,272,388,,0,,,
div-2026-09-11-529,1789120789,734,273,,0,,,
div-2026-09-11-531,1789120668,613,670,11,1,Planned events,Minimal,TIMS-234234
div-2026-09-11-533,1789120712,657,1930,,0,,,
div-2026-09-11-534,1789121021,966,465,,0,,,
div-2026-09-11-541,1789121071,1016,182,,0,,,
div-2026-09-11-542,1789121411,1356,747,,0,,,
div-2026-09-11-550,1789121795,1740,269,,0,,,
div-2026-09-11-554,1789121880,1825,215,,0,,,
div-2026-09-11-556,1789121878,1823,195,,0,,,
div-2026-09-11-570,1789122633,2578,371,,0,,,
div-2026-09-11-572,1789122269,2214,323,,0,,,
div-2026-09-11-573,1789122701,2646,203,,0,,,
div-2026-09-11-575,1789122820,2765,201,,0,,,
div-2026-09-11-596,1789123405,3350,335,16,1,Collisions,Minimal,TIMS-234694
div-2026-09-11-598,1789123410,3355,143,,0,,,
div-2026-09-11-606,1789123923,3868,378,5,1,Works,Minimal,TIMS-232301
div-2026-09-11-607,1789124014,3959,387,616,0,,,
div-2026-09-11-610,1789123732,3677,202,,0,,,
div-2026-09-11-612,1789123936,3881,496,,0,,,
div-2026-09-11-628,1789124916,4121,357,,0,,,
div-2026-09-11-640,1789125190,3847,238,,0,,,
div-2026-09-11-651,1789125882,3155,231,,0,,,
div-2026-09-11-657,1789125826,3211,236,,0,,,
div-2026-09-11-661,1789126172,2865,356,,0,,,
div-2026-09-11-678,1789126327,2710,593,,0,,,
div-2026-09-12-13,1789173668,950,227,,0,,,
div-2026-09-12-19,1789175349,2631,220,,0,,,
div-2026-09-12-20,1789175558,2840,444,3,1,Works,Minimal,TIMS-234254
div-2026-09-12-24,1789175875,3157,481,7,1,Works,Minimal,TIMS-233719
div-2026-09-12-26,1789177439,4721,868,33,1,Works,Minimal,TIMS-231630
div-2026-09-12-38,1789180414,7696,173,,0,,,
div-2026-09-12-39,1789180641,7923,755,,0,,,
div-2026-09-12-40,1789181174,8456,603,,0,,,
div-2026-09-12-44,1789181637,8919,1465,,0,,,
div-2026-09-12-46,1789181886,9168,182,,0,,,
div-2026-09-12-50,1789182135,9417,761,,0,,,
div-2026-09-12-51,1789182057,9339,464,3,1,Works,Minimal,TIMS-234254
div-2026-09-12-55,1789183467,10749,296,,0,,,
div-2026-09-12-61,1789185524,8794,307,,0,,,
div-2026-09-12-64,1789185879,8439,609,,0,,,
div-2026-09-12-73,1789187275,7043,239,,0,,,
div-2026-09-12-74,1789187500,6818,236,15,1,Works,Minimal,TIMS-233175
div-2026-09-12-75,1789187840,6478,283,,0,,,
div-2026-09-12-77,1789188107,6211,597,,0,,,
div-2026-09-12-83,1789188488,5830,478,,0,,,
div-2026-09-12-85,1789188959,5359,1029,,0,,,
div-2026-09-12-109,1789191258,3060,174,,0,,,
div-2026-09-12-119,1789191433,2885,415,,0,,,
div-2026-09-12-122,1789191720,2598,2587,3,1,Planned events,Minimal,TIMS-234216
div-2026-09-12-123,1789191719,2599,2562,3,1,Planned events,Minimal,TIMS-234216
div-2026-09-12-131,1789192721,1597,824,,0,,,
div-2026-09-12-138,1789193145,1173,535,,0,,,
div-2026-09-12-140,1789193139,1179,274,,0,,,
div-2026-09-12-145,1789193591,727,104,,0,,,
div-2026-09-12-148,1789193948,370,380,,0,,,
div-2026-09-12-151,1789194347,29,202,,0,,,
div-2026-09-12-152,1789194300,18,318,,0,,,
div-2026-09-12-155,1789194525,207,236,15,1,Works,Minimal,TIMS-233175
div-2026-09-12-156,1789194569,251,1110,,0,,,
div-2026-09-12-158,1789194761,443,675,1283,0,,,
div-2026-09-12-170,1789195539,1221,626,,0,,,
div-2026-09-12-172,1789195555,1237,522,219,1,Works,Minimal,TIMS-234751
div-2026-09-12-197,1789197552,3234,597,,0,,,
div-2026-09-12-201,1789197769,3451,241,,0,,,
div-2026-09-12-211,1789197868,3550,164,13,1,Works,Minimal,TIMS-234750
div-2026-09-12-214,1789198407,4089,188,,0,,,
div-2026-09-12-217,1789198322,4004,273,,0,,,
div-2026-09-12-220,1789198473,4155,252,606,0,,,
div-2026-09-12-222,1789198663,4345,579,75,1,Works,Minimal,TIMS-232627
div-2026-09-12-225,1789199139,4821,146,1218,0,,,
div-2026-09-12-231,1789199027,4709,437,,0,,,
div-2026-09-12-236,1789199600,5282,390,,0,,,
div-2026-09-12-241,1789200025,5707,366,,0,,,
div-2026-09-12-245,1789199764,5446,3572,6,1,Works,Minimal,TIMS-228672
div-2026-09-12-252,1789200556,6238,132,,0,,,
div-2026-09-12-263,1789200507,6189,201,,0,,,
div-2026-09-12-271,1789201547,7229,526,,0,,,
div-2026-09-12-276,1789201309,6991,759,27,1,Works,Minimal,TIMS-230755
div-2026-09-12-281,1789202045,7727,174,,0,,,
div-2026-09-12-285,1789202131,7813,195,,0,,,
div-2026-09-12-288,1789201974,7656,309,,0,,,
div-2026-09-12-292,1789202467,8149,755,,0,,,
div-2026-09-12-298,1789202649,8331,110,13,1,Works,Minimal,TIMS-233719
div-2026-09-12-302,1789202828,8510,238,606,0,,,
div-2026-09-12-342,1789204341,10023,212,,0,,,
div-2026-09-12-346,1789204472,10154,89,,0,,,
div-2026-09-12-357,1789205177,10741,280,,0,,,
div-2026-09-12-358,1789205467,10451,262,,0,,,
div-2026-09-12-366,1789205734,10184,247,3,1,Works,Minimal,TIMS-233205
div-2026-09-12-374,1789206048,9870,1601,,0,,,
div-2026-09-12-394,1789206390,9528,603,726,0,,,
div-2026-09-12-397,1789206347,9571,935,,0,,,
div-2026-09-12-400,1789206892,9026,551,821,0,,,
div-2026-09-12-402,1789207008,8910,204,,0,,,
div-2026-09-12-417,1789207260,8658,688,813,0,,,
div-2026-09-12-418,1789207669,8249,383,,0,,,
div-2026-09-12-430,1789207967,7951,274,,0,,,
div-2026-09-12-435,1789207916,8002,209,246,1,Works,Minimal,TIMS-232645
div-2026-09-12-436,1789208320,7598,263,,0,,,
div-2026-09-12-440,1789208504,7414,298,,0,,,
div-2026-09-12-444,1789208613,7305,119,13,1,Works,Minimal,TIMS-233719
div-2026-09-12-458,1789209166,6752,195,,0,,,
div-2026-09-12-461,1789209247,6671,398,,0,,,
div-2026-09-12-462,1789209250,6668,564,,0,,,
div-2026-09-12-465,1789208358,7560,645,,0,,,
div-2026-09-12-468,1789209404,6514,254,,0,,,
div-2026-09-12-470,1789209575,6343,807,,0,,,
div-2026-09-12-478,1789209819,6099,888,,0,,,
div-2026-09-12-481,1789209854,6064,1033,,0,,,
div-2026-09-12-482,1789209833,6085,161,,0,,,
div-2026-09-12-496,1789210666,5252,290,11,1,Works,Minimal,TIMS-233076
div-2026-09-12-498,1789211025,4893,146,1218,0,,,
div-2026-09-12-521,1789211757,4161,282,,0,,,
div-2026-09-12-535,1789212408,3510,422,,0,,,
div-2026-09-12-537,1789212519,3399,260,,0,,,
div-2026-09-12-541,1789212846,3072,433,,0,,,
div-2026-09-12-562,1789213713,2205,411,,0,,,
div-2026-09-12-577,1789214353,1565,464,,0,,,
div-2026-09-12-582,1789214333,1585,399,,0,,,
div-2026-09-12-583,1789214506,1412,119,13,1,Works,Minimal,TIMS-233719
div-2026-09-12-586,1789214461,1457,503,,0,,,
div-2026-09-12-588,1789214678,1240,251,,0,,,
div-2026-09-12-589,1789214410,1508,253,104,1,Works,Minimal,TIMS-231930
div-2026-09-12-597,1789214865,1053,457,,0,,,
div-2026-09-12-604,1789214953,965,608,2,1,Works,Minimal,TIMS-234276
div-2026-09-12-605,1789214288,1630,246,,0,,,
div-2026-09-12-611,1789215354,564,449,,0,,,
div-2026-09-12-612,1789215458,460,526,,0,,,
div-2026-09-12-629,1789215416,502,722,,0,,,
div-2026-09-12-631,1789216464,546,238,,0,,,
div-2026-09-12-632,1789216366,448,496,,0,,,
div-2026-09-12-633,1789216442,524,293,,0,,,
div-2026-09-12-643,1789216674,756,271,,0,,,
div-2026-09-12-646,1789216545,627,475,9,1,Works,Minimal,TIMS-234751
div-2026-09-12-668,1789217743,1825,461,9,1,Works,Minimal,TIMS-234142
div-2026-09-12-675,1789217500,1582,274,265,0,,,
div-2026-09-12-689,1789218504,2586,3000,3,1,Works,Minimal,TIMS-232630
div-2026-09-12-691,1789218646,2728,616,,0,,,
div-2026-09-12-692,1789218439,2521,303,284,0,,,
div-2026-09-12-694,1789218393,2475,275,,0,,,
div-2026-09-12-696,1789218666,2748,240,,0,,,
div-2026-09-12-701,1789218793,2875,392,,0,,,
div-2026-09-12-703,1789218861,2943,257,,0,,,
div-2026-09-12-718,1789218628,2710,622,41,1,Works,Minimal,TIMS-231257
div-2026-09-12-733,1789219672,3754,180,641,0,,,
div-2026-09-12-734,1789220218,4300,665,,0,,,
div-2026-09-12-742,1789220625,4707,146,1218,0,,,
div-2026-09-12-745,1789220840,4922,444,,0,,,
div-2026-09-12-749,1789220727,4809,464,,0,,,
div-2026-09-12-751,1789221141,5223,236,,0,,,
div-2026-09-12-754,1789220935,5017,1454,,0,,,
div-2026-09-12-759,1789221267,5349,176,,0,,,
div-2026-09-12-765,1789221427,5509,200,,0,,,
div-2026-09-12-766,1789221270,5352,1110,,0,,,
div-2026-09-12-784,1789221993,6075,567,5,1,Works,Minimal,TIMS-231930
div-2026-09-12-793,1789222239,6321,170,,0,,,
div-2026-09-12-796,1789222575,6657,467,,0,,,
div-2026-09-12-800,1789222828,6910,212,269,0,,,
div-2026-09-12-801,1789222912,6994,640,269,0,,,
div-2026-09-12-814,1789223609,7691,201,7,1,Works,Minimal,TIMS-231575
div-2026-09-12-825,1789224302,8384,185,1597,0,,,
div-2026-09-12-835,1789224274,8356,246,,0,,,
div-2026-09-12-842,1789224488,8570,189,641,0,,,
div-2026-09-12-846,1789225095,9177,119,13,1,Works,Minimal,TIMS-233719
div-2026-09-12-854,1789225354,9436,328,12,1,Works,Minimal,TIMS-227966
div-2026-09-12-873,1789226184,10266,552,,0,,,
div-2026-09-12-891,1789227001,10518,273,,0,,,
div-2026-09-12-896,1789227484,10035,560,,0,,,
div-2026-09-12-897,1789227506,10013,502,,0,,,
div-2026-09-12-904,1789228217,9302,315,284,0,,,
div-2026-09-12-907,1789228441,9078,559,12,1,Works,Minimal,TIMS-227966
div-2026-09-12-910,1789227894,9625,332,,0,,,
div-2026-09-12-913,1789228499,9020,256,408,0,,,
div-2026-09-12-922,1789229216,8303,709,152,1,Planned events,Minimal,TIMS-233843
div-2026-09-12-930,1789229645,7874,105,,0,,,
div-2026-09-12-934,1789229349,8170,464,406,0,,,
div-2026-09-12-942,1789229389,8130,160,13,1,Works,Minimal,TIMS-234750
div-2026-09-12-948,1789229602,7917,204,159,1,Works,Minimal,TIMS-231930
div-2026-09-12-949,1789230540,6979,525,,0,,,
div-2026-09-12-958,1789230808,6711,202,,0,,,
div-2026-09-12-959,1789230510,7009,672,406,0,,,
div-2026-09-12-960,1789230537,6982,697,152,1,Planned events,Minimal,TIMS-233843
div-2026-09-12-967,1789230874,6645,392,37,1,Works,Minimal,TIMS-221115
div-2026-09-12-970,1789231421,6098,252,2,1,Works,Minimal,TIMS-234276
div-2026-09-12-971,1789231590,5929,246,1358,0,,,
div-2026-09-12-972,1789231583,5936,328,,0,,,
div-2026-09-12-975,1789231822,5697,239,,0,,,
div-2026-09-12-980,1789231196,6323,1158,8,1,Works,Minimal,TIMS-233763
div-2026-09-12-996,1789231829,5690,237,1431,0,,,
div-2026-09-12-1000,1789232567,4952,465,,0,,,
div-2026-09-12-1018,1789233220,4299,370,,0,,,
div-2026-09-12-1028,1789232818,4701,903,9,1,Works,Minimal,TIMS-234142
div-2026-09-12-1044,1789233966,3553,908,108,1,Works,Minimal,TIMS-230755
div-2026-09-12-1049,1789234419,3100,611,,0,,,
div-2026-09-12-1055,1789234645,2874,397,,0,,,
div-2026-09-12-1057,1789234726,2793,349,,0,,,
div-2026-09-12-1060,1789234635,2884,779,3,1,Planned events,Minimal,TIMS-234216
div-2026-09-12-1090,1789236297,1222,2150,,0,,,
div-2026-09-12-1092,1789236224,1295,458,,0,,,
div-2026-09-12-1094,1789236087,1432,301,265,0,,,
div-2026-09-12-1095,1789235753,1766,1,1390,0,,,
div-2026-09-12-1097,1789236879,640,231,,0,,,
div-2026-09-12-1100,1789236756,763,227,,0,,,
div-2026-09-12-1112,1789236616,903,318,5,1,Works,Minimal,TIMS-234779
div-2026-09-12-1114,1789237641,122,307,,0,,,
div-2026-09-12-1116,1789237242,277,184,13,1,Works,Minimal,TIMS-234750
div-2026-09-12-1123,1789237856,337,117,13,1,Works,Minimal,TIMS-233719
div-2026-09-12-1134,1789238347,828,364,,0,,,
div-2026-09-12-1145,1789238701,1182,226,,0,,,
div-2026-09-12-1148,1789238123,604,309,346,0,,,
div-2026-09-12-1153,1789239156,1637,464,,0,,,
div-2026-09-12-1155,1789238515,996,991,11,1,Breakdowns,Minimal,TIMS-234795
div-2026-09-12-1171,1789239619,2100,275,,0,,,
div-2026-09-12-1175,1789239601,2082,358,13,1,Works,Minimal,TIMS-234750
div-2026-09-12-1186,1789240353,2834,351,,0,,,
div-2026-09-12-1198,1789241083,3564,490,,0,,,
div-2026-09-12-1205,1789240699,3180,399,238,1,Works,Minimal,TIMS-230755
div-2026-09-12-1210,1789241215,3696,396,,0,,,
div-2026-09-12-1220,1789241930,4411,523,167,1,Works,Minimal,TIMS-232627
div-2026-09-12-1224,1789242198,4679,439,,0,,,
div-2026-09-12-1229,1789242406,4887,612,347,0,,,
div-2026-09-12-1231,1789242898,5379,205,,0,,,
div-2026-09-12-1232,1789243022,5503,145,1218,0,,,
div-2026-09-12-1243,1789243255,5736,497,7,1,Works,Minimal,TIMS-220784
div-2026-09-12-1252,1789244061,6542,239,,0,,,
div-2026-09-12-1258,1789244266,6747,387,,0,,,
div-2026-09-12-1271,1789244848,7329,455,28,1,Works,Minimal,TIMS-221115
div-2026-09-12-1275,1789246042,8523,309,,0,,,
div-2026-09-12-1280,1789245814,8295,508,,0,,,
div-2026-09-12-1285,1789246325,8806,241,606,0,,,
div-2026-09-12-1304,1789247448,9929,260,,0,,,
div-2026-09-12-1315,1789248097,10578,243,,0,,,
div-2026-09-12-1332,1789248879,10239,426,1422,0,,,
div-2026-09-12-1345,1789249621,9497,390,11,1,Works,Minimal,TIMS-234748
div-2026-09-12-1360,1789250220,8898,346,9,1,Planned events,Minimal,TIMS-234216
div-2026-09-12-1371,1789251159,7959,529,11,1,Works,Serious,TIMS-234804
div-2026-09-12-1387,1789252621,6497,504,,0,,,
div-2026-09-12-1401,1789254958,4160,287,5,1,Works,Minimal,TIMS-234779
div-2026-09-12-1402,1789255071,4047,665,12,1,Works,Serious,TIMS-234804
div-2026-09-12-1404,1789255480,3638,279,,0,,,
div-2026-09-12-1405,1789255455,3663,295,606,0,,,
div-2026-09-13-7,1789257592,1526,1340,3,1,Collisions,Moderate,TIMS-234805
div-2026-09-13-12,1789259298,180,266,46,1,Collisions,Moderate,TIMS-234805
div-2026-09-13-15,1789259810,692,2719,3,1,Planned events,Minimal,TIMS-234216
div-2026-09-13-19,1789260742,1624,495,630,0,,,
div-2026-09-13-26,1789263557,4439,468,5,1,Works,Minimal,TIMS-234779
div-2026-09-13-34,1789265455,6337,2650,,0,,,
div-2026-09-13-39,1789266824,7706,183,,0,,,
div-2026-09-13-41,1789267080,7962,163,,0,,,
div-2026-09-13-44,1789267850,8732,276,,0,,,
div-2026-09-13-46,1789268035,8917,320,,0,,,
div-2026-09-13-50,1789268054,8936,992,,0,,,
div-2026-09-13-54,1789269137,10019,203,1638,0,,,
div-2026-09-13-58,1789270407,10311,187,,0,,,
div-2026-09-13-64,1789271917,8801,384,,0,,,
div-2026-09-13-65,1789272353,8365,366,,0,,,
div-2026-09-13-66,1789272310,8408,813,,0,,,
div-2026-09-13-67,1789272940,7778,1288,,0,,,
div-2026-09-13-72,1789273800,6918,1400,,0,,,
div-2026-09-13-75,1789274268,6450,281,,0,,,
div-2026-09-13-77,1789274504,6214,586,,0,,,
div-2026-09-13-95,1789276256,4462,317,,0,,,
div-2026-09-13-96,1789276188,4530,844,469,0,,,
div-2026-09-13-105,1789276696,4022,189,,0,,,
div-2026-09-13-108,1789276726,3992,477,,0,,,
div-2026-09-13-119,1789277468,3250,312,1638,0,,,
div-2026-09-13-124,1789278322,2396,893,483,0,,,
div-2026-09-13-135,1789278882,1836,258,253,0,,,
div-2026-09-13-138,1789279137,1581,271,,0,,,
div-2026-09-13-140,1789280183,535,502,15,1,Works,Minimal,TIMS-233175
div-2026-09-13-142,1789280417,301,1843,3,1,Planned events,Minimal,TIMS-234216
div-2026-09-13-148,1789281095,377,458,554,0,,,
div-2026-09-13-149,1789281123,405,535,310,0,,,
div-2026-09-13-155,1789281702,984,284,,0,,,
div-2026-09-13-156,1789281971,1253,498,,0,,,
div-2026-09-13-166,1789282672,1954,670,1283,0,,,
div-2026-09-13-170,1789282937,2219,962,,0,,,
div-2026-09-13-181,1789283911,3193,2465,3,1,Works,Minimal,TIMS-232630
div-2026-09-13-194,1789284902,4184,228,,0,,,
div-2026-09-13-197,1789284793,4075,451,554,0,,,
div-2026-09-13-203,1789285358,4640,229,,0,,,
div-2026-09-13-207,1789285953,5235,689,112,1,Works,Minimal,TIMS-230755
div-2026-09-13-211,1789286088,5370,271,,0,,,
div-2026-09-13-215,1789286484,5766,399,,0,,,
div-2026-09-13-217,1789286310,5592,314,,0,,,
div-2026-09-13-220,1789286610,5892,413,,0,,,
div-2026-09-13-227,1789286480,5762,174,,0,,,
div-2026-09-13-242,1789288206,7488,166,,0,,,
div-2026-09-13-245,1789288796,8078,308,,0,,,
div-2026-09-13-250,1789288995,8277,342,430,0,,,
div-2026-09-13-256,1789289104,8386,510,161,1,Works,Minimal,TIMS-234590
div-2026-09-13-257,1789289343,8625,680,91,1,Works,Minimal,TIMS-233091
div-2026-09-13-263,1789289468,8750,297,5,1,Works,Minimal,TIMS-234779
div-2026-09-13-270,1789290546,9828,839,,0,,,
div-2026-09-13-273,1789290281,9563,96,5,1,Works,Minimal,TIMS-234706
div-2026-09-13-279,1789290608,9890,587,253,0,,,
div-2026-09-13-284,1789291295,10577,264,606,0,,,
div-2026-09-13-286,1789290471,9753,919,5,1,Works,Minimal,TIMS-234142
div-2026-09-13-294,1789291750,10568,1028,5,1,Planned events,Minimal,TIMS-234702
div-2026-09-13-297,1789292187,10131,244,,0,,,
div-2026-09-13-301,1789292220,10098,1258,6,1,Works,Minimal,TIMS-225605
div-2026-09-13-308,1789292642,9676,397,5,1,Works,Minimal,TIMS-225605
div-2026-09-13-311,1789293187,9131,173,,0,,,
div-2026-09-13-318,1789293555,8763,285,,0,,,
div-2026-09-13-320,1789293385,8933,2144,3,1,Planned events,Minimal,TIMS-234216
div-2026-09-13-321,1789293461,8857,275,6,1,Planned events,Minimal,TIMS-234702
div-2026-09-13-322,1789293573,8745,305,,0,,,
div-2026-09-13-329,1789292890,9428,354,,0,,,
div-2026-09-13-333,1789293827,8491,383,,0,,,
div-2026-09-13-334,1789293792,8526,200,,0,,,
div-2026-09-13-335,1789293434,8884,31,1086,0,,,
div-2026-09-13-336,1789293616,8702,1185,5,1,Works,Minimal,TIMS-234779
div-2026-09-13-341,1789294124,8194,196,,0,,,
div-2026-09-13-345,1789294210,8108,273,,0,,,
div-2026-09-13-347,1789293975,8343,66,5,1,Works,Minimal,TIMS-234706
div-2026-09-13-354,1789294922,7396,345,,0,,,
div-2026-09-13-358,1789295099,7219,390,,0,,,
div-2026-09-13-360,1789295119,7199,307,469,0,,,
div-2026-09-13-361,1789295131,7187,472,,0,,,
div-2026-09-13-367,1789295381,6937,276,265,0,,,
div-2026-09-13-369,1789295792,6526,205,,0,,,
div-2026-09-13-371,1789295697,6621,286,9,1,Works,Minimal,TIMS-234751
div-2026-09-13-382,1789296529,5789,467,849,0,,,
div-2026-09-13-389,1789296680,5638,132,1125,0,,,
div-2026-09-13-397,1789297157,5161,284,,0,,,
div-2026-09-13-400,1789297410,4908,268,,0,,,
div-2026-09-13-405,1789297754,4564,119,13,1,Works,Minimal,TIMS-233719
div-2026-09-13-409,1789297833,4485,161,,0,,,
div-2026-09-13-413,1789298373,3945,580,,0,,,
div-2026-09-13-422,1789298883,3435,842,,0,,,
div-2026-09-13-429,1789298871,3447,547,,0,,,
div-2026-09-13-432,1789299303,3015,244,,0,,,
div-2026-09-13-437,1789299587,2731,205,,0,,,
div-2026-09-13-440,1789299742,2576,226,,0,,,
div-2026-09-13-448,1789300403,1915,251,2,1,Works,Minimal,TIMS-234276
div-2026-09-13-454,1789300609,1709,262,,0,,,
div-2026-09-13-457,1789300718,1600,265,6,1,Planned events,Minimal,TIMS-234702
div-2026-09-13-458,1789300696,1622,286,,0,,,
div-2026-09-13-463,1789301104,1214,203,,0,,,
div-2026-09-13-466,1789301430,888,671,,0,,,
div-2026-09-13-486,1789302454,136,146,1218,0,,,
div-2026-09-13-491,1789302460,142,274,,0,,,
div-2026-09-13-495,1789302459,141,770,8,1,Works,Minimal,TIMS-232627
div-2026-09-13-502,1789303255,937,314,265,0,,,
div-2026-09-13-516,1789304371,2053,665,,0,,,
div-2026-09-13-523,1789304672,2354,446,20,1,Works,Minimal,TIMS-234139
div-2026-09-13-528,1789305205,2887,72,1064,0,,,
div-2026-09-13-529,1789305070,2752,258,,0,,,
div-2026-09-13-545,1789306121,3803,317,,0,,,
div-2026-09-13-551,1789306346,4028,313,,0,,,
div-2026-09-13-552,1789306620,4302,244,,0,,,
div-2026-09-13-553,1789306651,4333,218,,0,,,
div-2026-09-13-557,1789306281,3963,176,,0,,,
div-2026-09-13-561,1789307262,4944,289,,0,,,
div-2026-09-13-563,1789307230,4912,383,,0,,,
div-2026-09-13-565,1789307465,5147,309,,0,,,
div-2026-09-13-566,1789307263,4945,119,13,1,Works,Minimal,TIMS-233719
div-2026-09-13-569,1789307134,4816,238,606,0,,,
div-2026-09-13-572,1789307621,5303,484,213,1,Works,Minimal,TIMS-234142
div-2026-09-13-573,1789307477,5159,315,,0,,,
div-2026-09-13-583,1789307631,5313,482,,0,,,
div-2026-09-13-585,1789308182,5864,442,,0,,,
div-2026-09-13-588,1789308040,5722,512,5,1,Works,Minimal,TIMS-234590
div-2026-09-13-598,1789309103,6785,213,,0,,,
div-2026-09-13-606,1789309639,7321,417,,0,,,
div-2026-09-13-614,1789310013,7695,513,5,1,Works,Minimal,TIMS-234590
div-2026-09-13-620,1789310549,8231,347,,0,,,
div-2026-09-13-621,1789310762,8444,99,,0,,,
div-2026-09-13-623,1789310779,8461,272,6,1,Planned events,Minimal,TIMS-234702
div-2026-09-13-624,1789310787,8469,272,265,0,,,
div-2026-09-13-626,1789310597,8279,468,5,1,Works,Minimal,TIMS-234590
div-2026-09-13-632,1789311135,8817,883,,0,,,
div-2026-09-13-636,1789311481,9163,373,780,0,,,
div-2026-09-13-637,1789311704,9386,416,,0,,,
div-2026-09-13-638,1789311593,9275,351,,0,,,
div-2026-09-13-641,1789312004,9686,898,,0,,,
div-2026-09-13-642,1789312085,9767,200,,0,,,
div-2026-09-13-643,1789312251,9933,344,,0,,,
div-2026-09-13-654,1789312734,10416,205,,0,,,
div-2026-09-13-660,1789313035,10717,299,108,1,Works,Minimal,TIMS-230755
div-2026-09-13-661,1789312954,10636,815,482,0,,,
div-2026-09-13-665,1789313511,10407,306,,0,,,
div-2026-09-13-688,1789314371,9547,522,5,1,Works,Minimal,TIMS-233205
div-2026-09-13-693,1789314505,9413,292,321,0,,,
div-2026-09-13-696,1789314943,8975,309,,0,,,
div-2026-09-13-702,1789315690,8228,254,,0,,,
div-2026-09-13-714,1789315903,8015,329,9,1,Works,Moderate,TIMS-234817
div-2026-09-13-730,1789317038,6880,490,,0,,,
div-2026-09-13-738,1789316587,7331,517,238,1,Works,Minimal,TIMS-230755
div-2026-09-13-742,1789317187,6731,283,,0,,,
div-2026-09-13-744,1789317726,6192,438,,0,,,
div-2026-09-13-748,1789317888,6030,1071,,0,,,
div-2026-09-13-753,1789317826,6092,237,,0,,,
div-2026-09-13-754,1789318008,5910,470,44,1,Breakdowns,Serious,TIMS-234823
div-2026-09-13-764,1789318650,5268,273,,0,,,
div-2026-09-13-775,1789319324,4594,247,606,0,,,
div-2026-09-13-788,1789320447,3471,421,,0,,,
div-2026-09-13-799,1789320991,2927,736,3,1,Works,Minimal,TIMS-234447
div-2026-09-13-800,1789321017,2901,281,,0,,,
div-2026-09-13-806,1789321183,2735,731,9,1,Works,Moderate,TIMS-234817
div-2026-09-13-807,1789321443,2475,386,,0,,,
div-2026-09-13-814,1789321942,1976,202,,0,,,
div-2026-09-13-826,1789322088,1830,629,2,1,Works,Minimal,TIMS-234276
div-2026-09-13-836,1789323205,713,175,,0,,,
div-2026-09-13-841,1789323264,654,276,,0,,,
div-2026-09-13-873,1789325913,1995,597,65,1,Breakdowns,Serious,TIMS-234823
div-2026-09-13-883,1789326436,2518,405,,0,,,
div-2026-09-13-886,1789326402,2484,843,177,1,Works,Minimal,TIMS-234751
div-2026-09-13-889,1789326519,2601,202,1643,0,,,
div-2026-09-13-891,1789326982,3064,238,,0,,,
div-2026-09-13-895,1789326932,3014,345,,0,,,
div-2026-09-13-902,1789328216,4298,546,,0,,,
div-2026-09-13-908,1789328677,4759,410,,0,,,
div-2026-09-13-918,1789329381,5463,1351,4,1,Works,Moderate,TIMS-234817
div-2026-09-13-923,1789329821,5903,516,,0,,,
div-2026-09-13-925,1789329641,5723,711,4,1,Works,Minimal,TIMS-231257
div-2026-09-13-931,1789329448,5530,915,2,1,Works,Minimal,TIMS-231257
div-2026-09-13-937,1789330697,6779,829,,0,,,
div-2026-09-13-944,1789330997,7079,507,9,1,Works,Moderate,TIMS-234817
div-2026-09-13-949,1789330671,6753,775,2,1,Works,Minimal,TIMS-231257
div-2026-09-13-956,1789331537,7619,322,,0,,,
div-2026-09-13-959,1789331732,7814,1083,20,1,Works,Minimal,TIMS-234142
div-2026-09-13-964,1789332149,8231,236,6,1,Works,Minimal,TIMS-233719
div-2026-09-13-971,1789332456,8538,441,17,1,Works,Minimal,TIMS-234142
div-2026-09-13-987,1789334437,10519,670,,0,,,
div-2026-09-13-988,1789334329,10411,723,4,1,Works,Minimal,TIMS-231257
div-2026-09-13-995,1789334929,10591,199,1643,0,,,
div-2026-09-13-1020,1789337826,7694,550,41,1,Works,Minimal,TIMS-234751
div-2026-09-13-1030,1789338346,7174,467,4,1,Works,Moderate,TIMS-234817
div-2026-09-13-1034,1789339107,6413,283,,0,,,
div-2026-09-13-1049,1789340694,4826,209,,0,,,
div-2026-09-13-1057,1789341900,3620,1728,5,1,Planned events,Minimal,TIMS-234216
div-2026-09-13-1063,1789342568,2952,396,,0,,,
div-2026-09-13-1064,1789342629,2891,268,632,0,,,
div-2026-09-13-1065,1789342803,2717,366,,0,,,
div-2026-09-14-9,1789344459,1061,79,222,1,Works,Minimal,TIMS-234779
div-2026-09-14-10,1789344781,739,477,,0,,,
div-2026-09-14-12,1789345518,2,419,2,1,Works,Minimal,TIMS-234276
div-2026-09-14-13,1789346211,691,286,,0,,,
div-2026-09-14-14,1789346387,867,262,5,1,Works,Minimal,TIMS-234276
div-2026-09-14-15,1789347054,1534,254,9,1,Works,Moderate,TIMS-234817
div-2026-09-14-16,1789347466,1946,245,171,1,Works,Minimal,TIMS-233994
div-2026-09-14-17,1789347470,1950,1,,0,,,
div-2026-09-14-19,1789347947,2427,260,5,1,Planned events,Minimal,TIMS-234216
div-2026-09-14-22,1789347656,2136,170,44,1,Works,Moderate,TIMS-234804
div-2026-09-14-28,1789349867,4347,239,,0,,,
div-2026-09-14-34,1789351358,5838,745,,0,,,
div-2026-09-14-35,1789351555,6035,653,,0,,,
div-2026-09-14-36,1789351700,6180,518,,0,,,
div-2026-09-14-37,1789351988,6468,188,,0,,,
div-2026-09-14-40,1789352232,6712,470,,0,,,
div-2026-09-14-43,1789352848,7328,350,,0,,,
div-2026-09-14-45,1789353012,7492,235,8,1,Planned events,Minimal,TIMS-234216
div-2026-09-14-47,1789353267,7747,250,632,0,,,
div-2026-09-14-49,1789353638,8118,163,,0,,,
div-2026-09-14-52,1789354024,8504,452,,0,,,
div-2026-09-14-55,1789354177,8657,150,1688,0,,,
div-2026-09-14-60,1789355636,10116,267,171,1,Works,Minimal,TIMS-233994
div-2026-09-14-61,1789355987,10467,189,,0,,,
div-2026-09-14-62,1789355969,10449,635,7,1,Planned events,Minimal,TIMS-234216
div-2026-09-14-68,1789357125,9993,472,,0,,,
div-2026-09-14-69,1789357141,9977,257,9,1,Works,Moderate,TIMS-234817
div-2026-09-14-70,1789357214,9904,299,,0,,,
div-2026-09-14-73,1789357438,9680,401,,0,,,
div-2026-09-14-77,1789358310,8808,302,,0,,,
div-2026-09-14-78,1789357928,9190,231,,0,,,
div-2026-09-14-79,1789358589,8529,243,,0,,,
div-2026-09-14-81,1789358496,8622,671,625,0,,,
div-2026-09-14-84,1789358731,8387,465,5,1,Works,Minimal,TIMS-234779
div-2026-09-14-85,1789358983,8135,963,,0,,,
div-2026-09-14-86,1789358784,8334,301,,0,,,
div-2026-09-14-90,1789359067,8051,201,1638,0,,,
div-2026-09-14-91,1789359170,7948,414,482,0,,,
div-2026-09-14-93,1789359306,7812,792,,0,,,
div-2026-09-14-96,1789359334,7784,47,,0,,,
div-2026-09-14-97,1789359836,7282,410,,0,,,
div-2026-09-14-104,1789360734,6384,346,1638,0,,,
div-2026-09-14-107,1789361164,5954,379,780,0,,,
div-2026-09-14-109,1789361189,5929,244,,0,,,
div-2026-09-14-112,1789361399,5719,455,,0,,,
div-2026-09-14-113,1789361574,5544,409,,0,,,
div-2026-09-14-114,1789361389,5729,286,10,1,Emergency service incidents,Minimal,TIMS-234827
div-2026-09-14-125,1789362173,4945,551,,0,,,
div-2026-09-14-126,1789362223,4895,173,,0,,,
div-2026-09-14-129,1789362218,4900,562,6,1,Works,Minimal,TIMS-233205
div-2026-09-14-130,1789362529,4589,366,,0,,,
div-2026-09-14-134,1789362760,4358,98,,0,,,
div-2026-09-14-135,1789362617,4501,224,,0,,,
div-2026-09-14-138,1789363185,3933,608,4,1,Emergency service incidents,Minimal,TIMS-234827
div-2026-09-14-143,1789363333,3785,283,,0,,,
div-2026-09-14-145,1789363484,3634,263,5,1,Works,Minimal,TIMS-233205
div-2026-09-14-153,1789364257,2861,238,,0,,,
div-2026-09-14-154,1789364279,2839,209,,0,,,
div-2026-09-14-155,1789364156,2962,309,,0,,,
div-2026-09-14-158,1789364096,3022,491,,0,,,
div-2026-09-14-162,1789364177,2941,381,780,0,,,
div-2026-09-14-165,1789364517,2601,576,,0,,,
div-2026-09-14-168,1789364737,2381,530,,0,,,
div-2026-09-14-175,1789365134,1984,212,,0,,,
div-2026-09-14-182,1789365379,1739,463,,0,,,
div-2026-09-14-201,1789365745,1373,273,,0,,,
div-2026-09-14-203,1789365874,1244,202,,0,,,
div-2026-09-14-212,1789366696,422,734,,0,,,
div-2026-09-14-215,1789366916,202,206,,0,,,
div-2026-09-14-222,1789367337,219,579,,0,,,
div-2026-09-14-223,1789367197,79,246,1358,0,,,
div-2026-09-14-232,1789367633,515,175,,0,,,
div-2026-09-14-249,1789367912,794,809,,0,,,
div-2026-09-14-250,1789367949,831,493,,0,,,
div-2026-09-14-257,1789368640,1522,755,,0,,,
div-2026-09-14-262,1789368780,1662,233,,0,,,
div-2026-09-14-263,1789368790,1672,464,,0,,,
div-2026-09-14-265,1789368581,1463,489,,0,,,
div-2026-09-14-274,1789369190,2072,205,,0,,,
div-2026-09-14-276,1789369130,2012,241,,0,,,
div-2026-09-14-282,1789369204,2086,1781,,0,,,
div-2026-09-14-285,1789369612,2494,485,,0,,,
div-2026-09-14-295,1789369834,2716,300,131,1,Works,Minimal,TIMS-234421
div-2026-09-14-300,1789369917,2799,53,1758,0,,,
div-2026-09-14-304,1789370318,3200,411,,0,,,
div-2026-09-14-313,1789370286,3168,3858,7,1,Works,Minimal,TIMS-227966
div-2026-09-14-316,1789370284,3166,203,,0,,,
div-2026-09-14-319,1789370612,3494,365,,0,,,
div-2026-09-14-324,1789370943,3825,498,,0,,,
div-2026-09-14-327,1789370882,3764,226,,0,,,
div-2026-09-14-329,1789370999,3881,226,17,1,Works,Minimal,TIMS-233994
div-2026-09-14-332,1789370904,3786,296,,0,,,
div-2026-09-14-355,1789371937,4819,237,,0,,,
div-2026-09-14-359,1789371695,4577,274,,0,,,
div-2026-09-14-360,1789372078,4960,233,248,1,Works,Minimal,TIMS-233337
div-2026-09-14-395,1789373379,6261,645,,0,,,
div-2026-09-14-397,1789373042,5924,276,265,0,,,
div-2026-09-14-402,1789373617,6499,244,,0,,,
div-2026-09-14-406,1789373911,6793,258,,0,,,
div-2026-09-14-408,1789373820,6702,425,55,1,Works,Minimal,TIMS-233204
div-2026-09-14-411,1789373808,6690,574,137,1,Works,Minimal,TIMS-234537
div-2026-09-14-419,1789374501,7383,359,,0,,,
div-2026-09-14-430,1789375058,7940,309,,0,,,
div-2026-09-14-431,1789374683,7565,202,1643,0,,,
div-2026-09-14-432,1789375139,8021,491,41,1,Works,Minimal,TIMS-234751
div-2026-09-14-434,1789375192,8074,346,,0,,,
div-2026-09-14-453,1789375733,8615,571,,0,,,
div-2026-09-14-457,1789376066,8948,144,1218,0,,,
div-2026-09-14-463,1789376228,9110,466,,0,,,
div-2026-09-14-470,1789375548,8430,264,227,1,Works,Minimal,TIMS-226462
div-2026-09-14-475,1789376750,9632,651,,0,,,
div-2026-09-14-479,1789376807,9689,606,,0,,,
div-2026-09-14-487,1789377024,9906,536,167,1,Works,Minimal,TIMS-232627
div-2026-09-14-489,1789377159,10041,115,,0,,,
div-2026-09-14-499,1789377513,10395,777,,0,,,
div-2026-09-14-508,1789377636,10518,163,,0,,,
div-2026-09-14-509,1789377805,10687,221,17,1,Works,Minimal,TIMS-233994
div-2026-09-14-513,1789378247,10472,202,,0,,,
div-2026-09-14-520,1789377372,10254,282,8,1,Works,Minimal,TIMS-225605
div-2026-09-14-522,1789378274,10445,707,,0,,,
div-2026-09-14-524,1789378476,10243,392,,0,,,
div-2026-09-14-534,1789378850,9869,340,,0,,,
div-2026-09-14-535,1789378790,9929,226,,0,,,
div-2026-09-14-539,1789378771,9948,239,92,1,Works,Minimal,TIMS-233337
div-2026-09-14-546,1789379342,9377,472,,0,,,
div-2026-09-14-572,1789380212,8507,348,,0,,,
div-2026-09-14-575,1789380107,8612,496,,0,,,
div-2026-09-14-579,1789380439,8280,309,,0,,,
div-2026-09-14-591,1789380668,8051,376,,0,,,
div-2026-09-14-598,1789380369,8350,806,9,1,Works,Moderate,TIMS-234817
div-2026-09-14-602,1789380995,7724,269,,0,,,
div-2026-09-14-609,1789381611,7108,202,,0,,,
div-2026-09-14-610,1789381679,7040,361,,0,,,
div-2026-09-14-628,1789381847,6872,110,3,1,Hazards,Minimal,TIMS-234841
div-2026-09-14-629,1789382379,6340,201,,0,,,
div-2026-09-14-632,1789382361,6358,201,1392,0,,,
div-2026-09-14-637,1789383021,5698,1087,,0,,,
div-2026-09-14-639,1789382631,6088,345,,0,,,
div-2026-09-14-644,1789382767,5952,296,,0,,,
div-2026-09-14-653,1789383423,5296,308,,0,,,
div-2026-09-14-656,1789383160,5559,753,14,1,Works,Minimal,TIMS-230755
div-2026-09-14-658,1789383161,5558,508,,0,,,
div-2026-09-14-661,1789383487,5232,525,17,1,Works,Minimal,TIMS-233994
div-2026-09-14-666,1789383802,4917,343,,0,,,
div-2026-09-14-671,1789383870,4849,274,,0,,,
div-2026-09-14-687,1789383353,5366,336,3,1,Works,Minimal,TIMS-232627
div-2026-09-14-689,1789384593,4126,350,,0,,,
div-2026-09-14-692,1789384881,3838,214,,0,,,
div-2026-09-14-697,1789384412,4307,283,265,0,,,
div-2026-09-14-700,1789385293,3426,205,,0,,,
div-2026-09-14-702,1789384983,3736,1371,315,0,,,
div-2026-09-14-708,1789385698,3021,685,,0,,,
div-2026-09-14-713,1789385838,2881,425,,0,,,
div-2026-09-14-715,1789385484,3235,569,4,1,Planned events,Minimal,TIMS-234572
div-2026-09-14-722,1789385488,3231,268,10,1,Works,Minimal,TIMS-232211
div-2026-09-14-733,1789386415,2304,174,,0,,,
div-2026-09-14-737,1789386491,2228,246,1358,0,,,
div-2026-09-14-746,1789387151,1568,694,,0,,,
div-2026-09-14-748,1789387037,1682,358,,0,,,
div-2026-09-14-750,1789387156,1563,309,,0,,,
div-2026-09-14-751,1789386897,1822,1049,930,0,,,
div-2026-09-14-762,1789387121,1598,364,,0,,,
div-2026-09-14-781,1789387953,766,204,,0,,,
div-2026-09-14-783,1789388067,652,506,,0,,,
div-2026-09-14-785,1789387888,831,246,,0,,,
div-2026-09-14-786,1789387826,893,171,1050,0,,,
div-2026-09-14-793,1789387860,859,499,4,1,Planned events,Minimal,TIMS-234572
div-2026-09-14-798,1789388735,16,224,,0,,,
div-2026-09-14-800,1789388731,12,522,,0,,,
div-2026-09-14-801,1789388743,24,346,,0,,,
div-2026-09-14-807,1789388987,268,308,,0,,,
div-2026-09-14-816,1789389425,706,538,,0,,,
div-2026-09-14-827,1789389566,847,658,,0,,,
div-2026-09-14-835,1789389938,1219,238,,0,,,
div-2026-09-14-846,1789390426,1707,237,,0,,,
div-2026-09-14-859,1789390782,2063,213,,0,,,
div-2026-09-14-863,1789390826,2107,273,,0,,,
div-2026-09-14-864,1789391079,2360,509,,0,,,
div-2026-09-14-872,1789391343,2624,230,,0,,,
div-2026-09-14-875,1789391723,3004,843,696,0,,,
div-2026-09-14-879,1789392185,3466,239,69,1,Works,Minimal,TIMS-233337
div-2026-09-14-903,1789393147,4428,331,,0,,,
div-2026-09-14-906,1789393604,4885,394,,0,,,
div-2026-09-14-909,1789393392,4673,201,,0,,,
div-2026-09-14-910,1789393669,4950,537,12,1,Works,Minimal,TIMS-234590
div-2026-09-14-918,1789393989,5270,409,,0,,,
div-2026-09-14-923,1789394196,5477,306,,0,,,
div-2026-09-14-927,1789394316,5597,399,,0,,,
div-2026-09-14-930,1789394158,5439,695,,0,,,
div-2026-09-14-943,1789394856,6137,534,2,1,Works,Minimal,TIMS-234276
div-2026-09-14-958,1789395089,6370,348,,0,,,
div-2026-09-14-967,1789395260,6541,244,,0,,,
div-2026-09-14-970,1789395985,7266,460,,0,,,
div-2026-09-14-976,1789396258,7539,564,,0,,,
div-2026-09-14-978,1789396351,7632,236,910,0,,,
div-2026-09-14-981,1789396319,7600,269,246,1,Works,Minimal,TIMS-234712
div-2026-09-14-986,1789396436,7717,564,7,1,Works,Moderate,TIMS-234817
div-2026-09-14-1001,1789397099,8380,238,105,1,Works,Minimal,TIMS-233337
div-2026-09-14-1003,1789397294,8575,590,285,0,,,
div-2026-09-14-1005,1789397516,8797,252,2,1,Works,Minimal,TIMS-234276
div-2026-09-14-1025,1789397769,9050,573,14,1,Works,Minimal,TIMS-232421
div-2026-09-14-1040,1789398136,9417,202,,0,,,
div-2026-09-14-1046,1789398731,10012,791,,0,,,
div-2026-09-14-1049,1789398650,9931,339,,0,,,
div-2026-09-14-1051,1789398907,10188,147,1218,0,,,
div-2026-09-14-1059,1789398918,10199,532,,0,,,
div-2026-09-14-1062,1789399070,10351,777,,0,,,
div-2026-09-14-1066,1789399276,10557,520,,0,,,
div-2026-09-14-1072,1789399670,10648,1055,,0,,,
div-2026-09-14-1074,1789399643,10675,194,,0,,,
div-2026-09-14-1076,1789399688,10630,935,,0,,,
div-2026-09-14-1077,1789399379,10660,258,131,1,Works,Minimal,TIMS-234421
div-2026-09-14-1079,1789399863,10455,232,,0,,,
div-2026-09-14-1085,1789399723,10595,163,,0,,,
div-2026-09-14-1101,1789400216,10102,268,,0,,,
div-2026-09-14-1106,1789400548,9770,254,1358,0,,,
div-2026-09-14-1111,1789400872,9446,485,,0,,,
div-2026-09-14-1125,1789400654,9664,234,20,1,Works,Minimal,TIMS-231314
div-2026-09-14-1130,1789401069,9249,249,,0,,,
div-2026-09-14-1144,1789401763,8555,175,620,0,,,
div-2026-09-14-1147,1789401731,8587,213,131,1,Works,Minimal,TIMS-234421
div-2026-09-14-1150,1789402110,8208,213,,0,,,
div-2026-09-14-1151,1789402340,7978,207,,0,,,
div-2026-09-14-1156,1789402620,7698,660,,0,,,
div-2026-09-14-1172,1789402879,7439,193,,0,,,
div-2026-09-14-1190,1789403504,6814,274,,0,,,
div-2026-09-14-1193,1789403855,6463,509,,0,,,
div-2026-09-14-1197,1789403707,6611,364,,0,,,
div-2026-09-14-1199,1789403893,6425,346,,0,,,
div-2026-09-14-1200,1789403961,6357,312,,0,,,
div-2026-09-14-1209,1789404286,6032,331,,0,,,
div-2026-09-14-1216,1789404374,5944,233,,0,,,
div-2026-09-14-1226,1789405383,4935,472,,0,,,
div-2026-09-14-1234,1789405769,4549,478,,0,,,
div-2026-09-14-1248,1789406314,4004,449,696,0,,,
div-2026-09-14-1253,1789406270,4048,567,9,1,Works,Moderate,TIMS-234817
div-2026-09-14-1254,1789406525,3793,610,,0,,,
div-2026-09-14-1261,1789406908,3410,357,,0,,,
div-2026-09-14-1263,1789406686,3632,280,238,1,Works,Minimal,TIMS-230755
div-2026-09-14-1266,1789407157,3161,171,,0,,,
div-2026-09-14-1291,1789407954,2364,480,,0,,,
div-2026-09-14-1304,1789408694,1624,308,,0,,,
div-2026-09-14-1317,1789408995,1323,207,,0,,,
div-2026-09-14-1333,1789410028,290,504,,0,,,
div-2026-09-14-1339,1789410253,65,235,,0,,,
div-2026-09-14-1340,1789410115,203,295,,0,,,
div-2026-09-14-1345,1789410428,110,523,6,1,Works,Minimal,TIMS-234779
div-2026-09-14-1349,1789410535,217,300,,0,,,
div-2026-09-14-1362,1789410932,614,280,,0,,,
div-2026-09-14-1376,1789411612,1294,668,,0,,,
div-2026-09-14-1385,1789411569,1251,244,,0,,,
div-2026-09-14-1387,1789411855,1537,504,9,1,Works,Minimal,TIMS-234335
div-2026-09-14-1396,1789412431,2113,207,,0,,,
div-2026-09-14-1399,1789412445,2127,276,,0,,,
div-2026-09-14-1404,1789412710,2392,484,,0,,,
div-2026-09-14-1407,1789413401,3083,639,,0,,,
div-2026-09-14-1409,1789413632,3314,146,1218,0,,,
div-2026-09-14-1417,1789413801,3483,404,,0,,,
div-2026-09-14-1418,1789413653,3335,297,,0,,,
div-2026-09-14-1420,1789413924,3606,253,2,1,Works,Minimal,TIMS-234276
div-2026-09-14-1436,1789414923,3297,227,,0,,,
div-2026-09-14-1454,1789416036,2184,549,2,1,Works,Minimal,TIMS-234267
div-2026-09-14-1457,1789416094,2126,530,2,1,Works,Minimal,TIMS-231257
div-2026-09-14-1458,1789416360,1860,236,,0,,,
div-2026-09-14-1459,1789416506,1714,233,,0,,,
div-2026-09-14-1465,1789416675,1545,267,41,1,Works,Minimal,TIMS-231257
div-2026-09-15-3,1789430692,9128,262,881,0,,,
div-2026-09-15-6,1789431372,8448,785,25,1,Works,Minimal,TIMS-234779
div-2026-09-15-33,1789435670,4150,259,881,0,,,
div-2026-09-15-35,1789435910,3910,274,238,1,Works,Minimal,TIMS-230755
div-2026-09-15-38,1789436506,3314,121,19,1,Works,Minimal,TIMS-234590
div-2026-09-15-52,1789439566,254,364,,0,,,
div-2026-09-15-54,1789439576,244,172,,0,,,
div-2026-09-15-60,1789440453,633,348,,0,,,
div-2026-09-15-65,1789440913,1093,1125,,0,,,
div-2026-09-15-67,1789441151,1331,738,,0,,,
div-2026-09-15-68,1789441074,1254,1298,6,1,Works,Minimal,TIMS-234779
div-2026-09-15-69,1789441167,1347,2387,2,1,Works,Minimal,TIMS-234590
div-2026-09-15-70,1789441465,1645,728,,0,,,
div-2026-09-15-77,1789442557,2737,226,,0,,,
div-2026-09-15-82,1789444310,4490,176,,0,,,
div-2026-09-15-85,1789444646,4826,309,,0,,,
div-2026-09-15-86,1789444536,4716,3436,2,1,Works,Minimal,TIMS-234590
div-2026-09-15-91,1789444644,4824,1308,,0,,,
div-2026-09-15-92,1789445029,5209,608,,0,,,
div-2026-09-15-94,1789445033,5213,400,0,1,Works,Minimal,TIMS-234276
div-2026-09-15-95,1789445455,5635,1018,,0,,,
div-2026-09-15-104,1789446570,6750,790,285,0,,,
div-2026-09-15-105,1789446669,6849,239,,0,,,
div-2026-09-15-113,1789447476,7656,1308,7,1,Works,Minimal,TIMS-234447
div-2026-09-15-117,1789448283,8463,239,,0,,,
div-2026-09-15-119,1789448149,8329,261,,0,,,
div-2026-09-15-121,1789448543,8723,419,,0,,,
div-2026-09-15-122,1789448407,8587,606,5,1,Works,Minimal,TIMS-233908
div-2026-09-15-124,1789448440,8620,278,238,1,Works,Minimal,TIMS-230755
div-2026-09-15-126,1789448816,8996,349,703,0,,,
div-2026-09-15-130,1789449787,9967,809,,0,,,
div-2026-09-15-132,1789449592,9772,170,,0,,,
div-2026-09-15-133,1789449507,9687,316,,0,,,
div-2026-09-15-135,1789449803,9983,1327,,0,,,
div-2026-09-15-137,1789449846,10026,518,,0,,,
div-2026-09-15-144,1789450123,10303,552,,0,,,
div-2026-09-15-150,1789450406,10586,173,,0,,,
div-2026-09-15-156,1789450755,10665,209,,0,,,
div-2026-09-15-157,1789450825,10595,232,,0,,,
div-2026-09-15-164,1789450969,10451,364,,0,,,
div-2026-09-15-167,1789451187,10233,571,,0,,,
div-2026-09-15-172,1789451347,10073,412,,0,,,
div-2026-09-15-174,1789451374,10046,385,,0,,,
div-2026-09-15-177,1789451492,9928,249,9,1,Works,Minimal,TIMS-232347
div-2026-09-15-184,1789451297,10123,1,1640,0,,,
div-2026-09-15-185,1789451684,9736,252,,0,,,
div-2026-09-15-190,1789452249,9171,462,,0,,,
div-2026-09-15-192,1789452268,9152,463,,0,,,
div-2026-09-15-194,1789452219,9201,508,,0,,,
div-2026-09-15-196,1789452134,9286,274,,0,,,
div-2026-09-15-197,1789452427,8993,255,130,1,Works,Minimal,TIMS-234881
div-2026-09-15-199,1789452493,8927,259,881,0,,,
div-2026-09-15-203,1789452756,8664,351,702,0,,,
div-2026-09-15-211,1789453057,8363,215,,0,,,
div-2026-09-15-220,1789453332,8088,321,,0,,,
div-2026-09-15-227,1789453734,7686,751,,0,,,
div-2026-09-15-235,1789454015,7405,634,6,1,Works,Minimal,TIMS-234779
div-2026-09-15-248,1789454527,6893,149,,0,,,
div-2026-09-15-259,1789454921,6499,250,9,1,Works,Minimal,TIMS-232347
div-2026-09-15-260,1789454609,6811,206,,0,,,
div-2026-09-15-261,1789455039,6381,535,,0,,,
div-2026-09-15-265,1789454686,6734,756,179,1,Works,Minimal,TIMS-232627
div-2026-09-15-270,1789454572,6848,539,8,1,Works,Minimal,TIMS-234036
div-2026-09-15-278,1789455385,6035,243,,0,,,
div-2026-09-15-283,1789454858,6562,263,8,1,Works,Minimal,TIMS-233906
div-2026-09-15-287,1789455349,6071,988,92,1,Works,Minimal,TIMS-233968
div-2026-09-15-291,1789455787,5633,276,,0,,,
div-2026-09-15-292,1789455654,5766,367,,0,,,
div-2026-09-15-307,1789456479,4941,202,,0,,,
div-2026-09-15-311,1789455798,5622,427,,0,,,
div-2026-09-15-321,1789456782,4638,328,11,1,Works,Minimal,TIMS-234881
div-2026-09-15-323,1789456897,4523,225,,0,,,
div-2026-09-15-339,1789457233,4187,67,567,0,,,
div-2026-09-15-341,1789457199,4221,531,13,1,Works,Minimal,TIMS-233719
div-2026-09-15-347,1789457660,3760,371,,0,,,
div-2026-09-15-350,1789457647,3773,522,,0,,,
div-2026-09-15-357,1789457929,3491,596,,0,,,
div-2026-09-15-358,1789457864,3556,166,843,0,,,
div-2026-09-15-359,1789457791,3629,352,906,0,,,
div-2026-09-15-366,1789457505,3915,236,17,1,Works,Minimal,TIMS-233994
div-2026-09-15-373,1789458079,3341,687,4,1,Works,Moderate,TIMS-234817
div-2026-09-15-379,1789458219,3201,453,,0,,,
div-2026-09-15-383,1789458285,3135,464,,0,,,
div-2026-09-15-387,1789458378,3042,304,,0,,,
div-2026-09-15-389,1789458842,2578,360,703,0,,,
div-2026-09-15-394,1789458719,2701,479,1188,0,,,
div-2026-09-15-400,1789459493,1927,334,,0,,,
div-2026-09-15-405,1789459599,1821,783,,0,,,
div-2026-09-15-407,1789459575,1845,774,11,1,Works,No impact,TIMS-234894
div-2026-09-15-421,1789460090,1330,276,,0,,,
div-2026-09-15-422,1789460001,1419,662,,0,,,
div-2026-09-15-429,1789460916,504,178,,0,,,
div-2026-09-15-431,1789460869,551,294,12,1,Works,Minimal,TIMS-234881
div-2026-09-15-435,1789461003,417,496,,0,,,
div-2026-09-15-443,1789461187,233,365,,0,,,
div-2026-09-15-444,1789461289,131,143,1218,0,,,
div-2026-09-15-450,1789461220,200,209,,0,,,
div-2026-09-15-461,1789461707,287,352,,0,,,
div-2026-09-15-465,1789461901,481,557,18,1,Works,Minimal,TIMS-234715
div-2026-09-15-470,1789462140,720,1500,,0,,,
div-2026-09-15-481,1789462280,860,1256,4,1,Works,Minimal,TIMS-232977
div-2026-09-15-486,1789462284,864,274,,0,,,
div-2026-09-15-490,1789462519,1099,653,4,1,Works,Minimal,TIMS-232977
div-2026-09-15-492,1789462877,1457,251,,0,,,
div-2026-09-15-493,1789462730,1310,479,,0,,,
div-2026-09-15-496,1789462530,1110,162,20,1,Works,Minimal,TIMS-231314
div-2026-09-15-504,1789462690,1270,244,80,1,Works,Minimal,TIMS-233906
div-2026-09-15-507,1789462985,1565,301,758,0,,,
div-2026-09-15-519,1789463984,2564,305,,0,,,
div-2026-09-15-523,1789464133,2713,321,,0,,,
div-2026-09-15-529,1789464185,2765,314,,0,,,
div-2026-09-15-532,1789464371,2951,788,5,1,Works,Minimal,TIMS-233205
div-2026-09-15-534,1789464519,3099,353,,0,,,
div-2026-09-15-535,1789464550,3130,621,,0,,,
div-2026-09-15-537,1789464165,2745,280,,0,,,
div-2026-09-15-544,1789464711,3291,201,,0,,,
div-2026-09-15-548,1789464548,3128,417,5,1,Works,Minimal,TIMS-232977
div-2026-09-15-551,1789465152,3732,204,,0,,,
div-2026-09-15-557,1789465461,4041,346,,0,,,
div-2026-09-15-561,1789465581,4161,206,,0,,,
div-2026-09-15-562,1789465128,3708,609,112,1,Works,Minimal,TIMS-230755
div-2026-09-15-583,1789466473,5053,242,17,1,Works,Minimal,TIMS-233994
div-2026-09-15-590,1789467026,5606,227,,0,,,
div-2026-09-15-591,1789467069,5649,555,,0,,,
div-2026-09-15-595,1789467184,5764,98,,0,,,
div-2026-09-15-601,1789467336,5916,341,,0,,,
div-2026-09-15-606,1789467584,6164,569,742,0,,,
div-2026-09-15-614,1789468020,6600,231,,0,,,
div-2026-09-15-617,1789468203,6783,560,,0,,,
div-2026-09-15-621,1789468296,6876,514,9,1,Works,Minimal,TIMS-234590
div-2026-09-15-648,1789469135,7715,490,,0,,,
div-2026-09-15-651,1789468632,7212,485,4,1,Works,Moderate,TIMS-234817
div-2026-09-15-653,1789469162,7742,583,8,1,Works,Minimal,TIMS-225605
div-2026-09-15-654,1789469001,7581,164,,0,,,
div-2026-09-15-655,1789469091,7671,214,,0,,,
div-2026-09-15-673,1789469855,8435,196,,0,,,
div-2026-09-15-682,1789470266,8846,352,,0,,,
div-2026-09-15-689,1789469779,8359,250,1272,0,,,
div-2026-09-15-690,1789470078,8658,259,6,1,Works,Minimal,TIMS-228672
div-2026-09-15-691,1789470245,8825,1177,1009,0,,,
div-2026-09-15-709,1789470996,9576,650,,0,,,
div-2026-09-15-712,1789471055,9635,268,,0,,,
div-2026-09-15-713,1789471070,9650,220,17,1,Works,Minimal,TIMS-233994
div-2026-09-15-717,1789470882,9462,238,,0,,,
div-2026-09-15-721,1789470861,9441,1,,0,,,
div-2026-09-15-729,1789471760,10340,358,,0,,,
div-2026-09-15-736,1789472016,10596,520,,0,,,
div-2026-09-15-738,1789471805,10385,633,6,1,Works,Minimal,TIMS-228672
div-2026-09-15-739,1789471885,10465,485,,0,,,
div-2026-09-15-749,1789472058,10638,235,,0,,,
div-2026-09-15-753,1789472670,10350,501,9,1,Works,Minimal,TIMS-232347
div-2026-09-15-758,1789472807,10213,203,,0,,,
div-2026-09-15-761,1789472644,10376,288,,0,,,
div-2026-09-15-774,1789473345,9675,208,,0,,,
div-2026-09-15-775,1789473464,9556,303,,0,,,
div-2026-09-15-778,1789472962,10058,451,482,0,,,
div-2026-09-15-794,1789473888,9132,462,,0,,,
div-2026-09-15-798,1789474327,8693,472,,0,,,
div-2026-09-15-808,1789474446,8574,259,,0,,,
div-2026-09-15-810,1789474634,8386,236,910,0,,,
div-2026-09-15-811,1789474045,8975,282,238,1,Works,Minimal,TIMS-230755
div-2026-09-15-821,1789474593,8427,1307,,0,,,
div-2026-09-15-822,1789474795,8225,247,1358,0,,,
div-2026-09-15-823,1789475011,8009,346,,0,,,
div-2026-09-15-826,1789474916,8104,130,,0,,,
div-2026-09-15-827,1789474958,8062,245,1105,0,,,
div-2026-09-15-830,1789475263,7757,223,17,1,Works,Minimal,TIMS-233994
div-2026-09-15-832,1789475432,7588,263,5,1,Works,Minimal,TIMS-233205
div-2026-09-15-844,1789475859,7161,188,,0,,,
div-2026-09-15-848,1789475981,7039,329,,0,,,
div-2026-09-15-850,1789475912,7108,169,,0,,,
div-2026-09-15-857,1789476261,6759,244,,0,,,
div-2026-09-15-859,1789476600,6420,235,,0,,,
div-2026-09-15-860,1789476513,6507,336,,0,,,
div-2026-09-15-866,1789476710,6310,1014,348,0,,,
div-2026-09-15-868,1789476578,6442,1107,,0,,,
div-2026-09-15-869,1789476918,6102,253,2,1,Works,Minimal,TIMS-234276
div-2026-09-15-890,1789477457,5563,897,,0,,,
div-2026-09-15-891,1789477452,5568,234,,0,,,
div-2026-09-15-898,1789477607,5413,244,,0,,,
div-2026-09-15-907,1789477958,5062,463,,0,,,
div-2026-09-15-908,1789478244,4776,196,,0,,,
div-2026-09-15-920,1789478889,4131,564,,0,,,
div-2026-09-15-923,1789479147,3873,146,1218,0,,,
div-2026-09-15-924,1789478881,4139,407,,0,,,
div-2026-09-15-925,1789478966,4054,345,703,0,,,
div-2026-09-15-930,1789479192,3828,236,910,0,,,
div-2026-09-15-934,1789479422,3598,477,,0,,,
div-2026-09-15-937,1789479449,3571,381,,0,,,
div-2026-09-15-939,1789479591,3429,210,,0,,,
div-2026-09-15-952,1789479585,3435,75,,0,,,
div-2026-09-15-955,1789479898,3122,213,,0,,,
div-2026-09-15-963,1789480456,2564,211,,0,,,
div-2026-09-15-969,1789480441,2579,589,839,0,,,
div-2026-09-15-971,1789480713,2307,290,,0,,,
div-2026-09-15-976,1789480845,2175,1325,7,1,Works,Moderate,TIMS-234817
div-2026-09-15-984,1789481189,1831,273,,0,,,
div-2026-09-15-990,1789481581,1439,207,,0,,,
div-2026-09-15-992,1789481433,1587,246,1358,0,,,
div-2026-09-15-997,1789481343,1677,480,,0,,,
div-2026-09-15-1004,1789481128,1892,276,,0,,,
div-2026-09-15-1007,1789481861,1159,250,9,1,Works,Minimal,TIMS-232347
div-2026-09-15-1008,1789481845,1175,268,,0,,,
div-2026-09-15-1017,1789482385,635,310,,0,,,
div-2026-09-15-1024,1789481631,1389,288,,0,,,
div-2026-09-15-1033,1789482982,38,548,,0,,,
div-2026-09-15-1035,1789483043,23,810,,0,,,
div-2026-09-15-1042,1789482891,129,304,,0,,,
div-2026-09-15-1056,1789483323,303,329,,0,,,
div-2026-09-15-1060,1789483779,759,469,,0,,,
div-2026-09-15-1083,1789484039,1019,424,91,1,Works,Minimal,TIMS-233091
div-2026-09-15-1085,1789484375,1355,300,745,0,,,
div-2026-09-15-1086,1789484425,1405,206,,0,,,
div-2026-09-15-1087,1789484762,1742,350,,0,,,
div-2026-09-15-1097,1789484700,1680,360,703,0,,,
div-2026-09-15-1107,1789484767,1747,228,20,1,Works,Minimal,TIMS-231314
div-2026-09-15-1121,1789485788,2768,243,,0,,,
div-2026-09-15-1124,1789485713,2693,230,17,1,Works,Minimal,TIMS-233994
div-2026-09-15-1126,1789485869,2849,125,,0,,,
div-2026-09-15-1132,1789486129,3109,659,,0,,,
div-2026-09-15-1134,1789486062,3042,640,92,1,Works,Minimal,TIMS-233968
div-2026-09-15-1135,1789486397,3377,172,,0,,,
div-2026-09-15-1139,1789486361,3341,240,,0,,,
div-2026-09-15-1145,1789486468,3448,265,8,1,Works,Minimal,TIMS-227966
div-2026-09-15-1146,1789486327,3307,570,237,1,Works,Minimal,TIMS-234712
div-2026-09-15-1158,1789487047,4027,244,,0,,,
div-2026-09-15-1159,1789487306,4286,146,1218,0,,,
div-2026-09-15-1163,1789487380,4360,350,,0,,,
div-2026-09-15-1174,1789488130,5110,624,,0,,,
div-2026-09-15-1178,1789487626,4606,422,402,0,,,
div-2026-09-15-1180,1789487312,4292,229,20,1,Works,Minimal,TIMS-231314
div-2026-09-15-1184,1789487627,4607,573,,0,,,
div-2026-09-15-1201,1789488066,5046,244,80,1,Works,Minimal,TIMS-233906
div-2026-09-15-1205,1789489162,6142,550,,0,,,
div-2026-09-15-1212,1789489473,6453,345,,0,,,
div-2026-09-15-1214,1789489551,6531,737,,0,,,
div-2026-09-15-1216,1789489516,6496,204,,0,,,
div-2026-09-15-1223,1789490134,7114,252,6,1,Works,Minimal,TIMS-234779
div-2026-09-15-1224,1789490177,7157,268,881,0,,,
div-2026-09-15-1229,1789489956,6936,228,17,1,Works,Minimal,TIMS-233994
div-2026-09-15-1233,1789490819,7799,332,15,1,Works,Minimal,TIMS-230755
div-2026-09-15-1235,1789490523,7503,102,,0,,,
div-2026-09-15-1236,1789490860,7840,871,3,1,Works,Minimal,TIMS-232933
div-2026-09-15-1244,1789491183,8163,578,,0,,,
div-2026-09-15-1247,1789491092,8072,1033,8,1,Works,Minimal,TIMS-234421
div-2026-09-15-1255,1789491560,8540,639,,0,,,
div-2026-09-15-1259,1789491331,8311,728,,0,,,
div-2026-09-15-1264,1789491702,8682,253,,0,,,
div-2026-09-15-1266,1789491531,8511,538,2,1,Works,Minimal,TIMS-234276
div-2026-09-15-1271,1789491699,8679,258,8,1,Works,Minimal,TIMS-227966
div-2026-09-15-1276,1789491950,8930,358,703,0,,,
div-2026-09-15-1278,1789492000,8980,273,,0,,,
div-2026-09-15-1281,1789492005,8985,566,895,0,,,
div-2026-09-15-1282,1789492080,9060,775,8,1,Works,Minimal,TIMS-234421
div-2026-09-15-1292,1789492491,9471,132,,0,,,
div-2026-09-15-1293,1789492955,9935,472,,0,,,
div-2026-09-15-1297,1789492917,9897,311,521,0,,,
div-2026-09-15-1304,1789493159,10139,949,,0,,,
div-2026-09-15-1308,1789493429,10409,239,,0,,,
div-2026-09-15-1313,1789493252,10232,170,4,1,Works,Minimal,TIMS-232854
div-2026-09-15-1325,1789493587,10567,329,,0,,,
div-2026-09-15-1326,1789493782,10762,240,,0,,,
div-2026-09-15-1330,1789494069,10551,249,9,1,Works,Minimal,TIMS-232347
div-2026-09-15-1332,1789493839,10781,267,8,1,Works,Minimal,TIMS-227966
div-2026-09-15-1335,1789494486,10134,238,,0,,,
div-2026-09-15-1336,1789494300,10320,531,18,1,Works,Minimal,TIMS-234715
div-2026-09-15-1351,1789494762,9858,205,18,1,Works,Minimal,TIMS-234928
div-2026-09-15-1353,1789494939,9681,268,,0,,,
div-2026-09-15-1356,1789494070,10550,241,5,1,Works,Minimal,TIMS-226149
div-2026-09-15-1360,1789494895,9725,480,,0,,,
div-2026-09-15-1364,1789495187,9433,457,17,1,Works,Minimal,TIMS-233994
div-2026-09-15-1369,1789495506,9114,465,,0,,,
div-2026-09-15-1374,1789495066,9554,464,211,1,Works,Minimal,TIMS-226462
div-2026-09-15-1381,1789495915,8705,549,,0,,,
div-2026-09-15-1384,1789495879,8741,469,8,1,Works,Minimal,TIMS-233906
div-2026-09-15-1388,1789496243,8377,335,,0,,,
div-2026-09-15-1396,1789496260,8360,257,,0,,,
div-2026-09-15-1398,1789496487,8133,210,,0,,,
div-2026-09-15-1402,1789496724,7896,245,,0,,,
div-2026-09-15-1405,1789497268,7352,202,,0,,,
div-2026-09-15-1415,1789497662,6958,201,,0,,,
div-2026-09-15-1416,1789497434,7186,260,199,1,Works,Minimal,TIMS-232988
div-2026-09-15-1419,1789497691,6929,497,,0,,,
div-2026-09-15-1421,1789497675,6945,533,190,1,Planned events,Minimal,TIMS-234426
div-2026-09-15-1429,1789498306,6314,497,,0,,,
div-2026-09-15-1433,1789498378,6242,2266,4,1,Works,Minimal,TIMS-234870
div-2026-09-15-1434,1789498257,6363,2181,4,1,Works,Minimal,TIMS-234870
div-2026-09-15-1438,1789498498,6122,612,214,1,Works,Minimal,TIMS-234537
div-2026-09-15-1440,1789499060,5560,239,,0,,,
div-2026-09-15-1445,1789498846,5774,234,277,0,,,
div-2026-09-15-1450,1789499043,5577,252,329,0,,,
div-2026-09-15-1451,1789498268,6352,210,190,1,Planned events,Minimal,TIMS-234426
div-2026-09-15-1452,1789499248,5372,246,,0,,,
div-2026-09-15-1456,1789499329,5291,188,45,1,Works,Minimal,TIMS-234421
div-2026-09-15-1460,1789499737,4883,558,,0,,,
div-2026-09-15-1461,1789499806,4814,327,11,1,Works,Minimal,TIMS-234335
div-2026-09-15-1462,1789500056,4564,818,5,1,Works,Minimal,TIMS-225605
div-2026-09-15-1467,1789500089,4531,431,113,1,Works,Minimal,TIMS-234335
div-2026-09-15-1468,1789500225,4395,235,,0,,,
div-2026-09-15-1469,1789500236,4384,343,703,0,,,
div-2026-09-15-1474,1789500811,3809,179,,0,,,
div-2026-09-15-1481,1789501004,3616,700,,0,,,
div-2026-09-15-1484,1789501367,3253,542,,0,,,
div-2026-09-15-1485,1789501156,3464,435,9,1,Works,Moderate,TIMS-234817
div-2026-09-15-1490,1789501584,3036,800,,0,,,
div-2026-09-15-1492,1789501404,3216,940,,0,,,
div-2026-09-15-1498,1789501779,2841,235,,0,,,
div-2026-09-15-1503,1789501907,2713,1106,2,1,Works,Minimal,TIMS-234267
div-2026-09-15-1510,1789502710,1910,221,17,1,Works,Minimal,TIMS-233994
div-2026-09-15-1516,1789502819,1801,809,,0,,,
div-2026-09-15-1517,1789503136,1484,338,703,0,,,
div-2026-09-15-1527,1789503697,923,206,,0,,,
div-2026-09-15-1532,1789503617,1003,798,25,1,Works,Minimal,TIMS-230755
div-2026-09-15-1536,1789504143,477,672,,0,,,
div-2026-09-15-1538,1789503671,949,592,190,1,Planned events,Minimal,TIMS-234426
div-2026-09-15-1545,1789504721,101,567,183,1,Works,Minimal,TIMS-234267
div-2026-09-15-1546,1789504862,242,606,,0,,,
div-2026-09-15-1548,1789504787,167,640,92,1,Works,Minimal,TIMS-233968
div-2026-09-15-1570,1789506079,1459,413,0,1,Works,Minimal,TIMS-234276
div-2026-09-15-1575,1789506827,2207,482,,0,,,
div-2026-09-15-1584,1789506758,2138,698,,0,,,
div-2026-09-15-1587,1789507119,2499,478,1188,0,,,
div-2026-09-15-1590,1789507643,3023,534,,0,,,
div-2026-09-15-1595,1789507997,3377,209,18,1,Works,Minimal,TIMS-234928
div-2026-09-15-1596,1789507839,3219,339,,0,,,
div-2026-09-15-1603,1789508021,3401,347,906,0,,,
div-2026-09-15-1610,1789509170,4550,263,5,1,Works,Minimal,TIMS-233205
div-2026-09-15-1626,1789509768,5148,244,906,0,,,
div-2026-09-15-1631,1789510638,6018,363,339,0,,,
div-2026-09-15-1639,1789511431,6811,235,,0,,,
div-2026-09-15-1644,1789511383,6763,270,906,0,,,
div-2026-09-15-1661,1789514097,9477,222,,0,,,
div-2026-09-15-1664,1789514665,10045,426,,0,,,
div-2026-09-15-1674,1789516045,10175,314,9,1,Works,Minimal,TIMS-227428
div-2026-09-16-10,1789517230,8990,1047,36,1,Works,Minimal,TIMS-234547
div-2026-09-16-11,1789517596,8624,254,9,1,Works,Moderate,TIMS-234817
div-2026-09-16-20,1789519582,6638,239,,0,,,
div-2026-09-16-37,1789524225,1995,544,,0,,,
div-2026-09-16-39,1789524357,1863,210,,0,,,
div-2026-09-16-43,1789524833,1387,883,4,1,Works,Moderate,TIMS-234817
div-2026-09-16-46,1789525436,784,353,9,1,Works,Minimal,TIMS-227428
div-2026-09-16-47,1789525676,544,230,211,1,Works,Minimal,TIMS-226462
div-2026-09-16-48,1789525922,298,173,,0,,,
div-2026-09-16-50,1789526383,163,227,,0,,,
div-2026-09-16-52,1789526473,253,1606,,0,,,
div-2026-09-16-54,1789527008,788,515,,0,,,
div-2026-09-16-55,1789527151,931,175,,0,,,
div-2026-09-16-57,1789527231,1011,1386,,0,,,
div-2026-09-16-60,1789527526,1306,785,,0,,,
div-2026-09-16-61,1789527629,1409,1628,,0,,,
div-2026-09-16-66,1789529143,2923,772,11,1,Works,Minimal,TIMS-234894
div-2026-09-16-69,1789529619,3399,613,,0,,,
div-2026-09-16-81,1789531508,5288,876,,0,,,
div-2026-09-16-94,1789532764,6544,948,482,0,,,
div-2026-09-16-101,1789533477,7257,879,28,1,Works,Minimal,TIMS-234885
div-2026-09-16-107,1789533978,7758,229,,0,,,
div-2026-09-16-110,1789534344,8124,418,,0,,,
div-2026-09-16-111,1789534221,8001,359,703,0,,,
div-2026-09-16-114,1789534302,8082,662,92,1,Works,Minimal,TIMS-233968
div-2026-09-16-120,1789534862,8642,245,,0,,,
div-2026-09-16-128,1789535137,8917,724,,0,,,
div-2026-09-16-132,1789535707,9487,236,,0,,,
div-2026-09-16-133,1789535563,9343,655,,0,,,
div-2026-09-16-135,1789535571,9351,250,,0,,,
div-2026-09-16-136,1789535821,9601,505,,0,,,
div-2026-09-16-139,1789535983,9763,136,,0,,,
div-2026-09-16-141,1789535798,9578,1,1640,0,,,
div-2026-09-16-142,1789536184,9964,584,285,0,,,
div-2026-09-16-149,1789536521,10301,220,17,1,Works,Minimal,TIMS-233994
div-2026-09-16-152,1789536783,10563,201,,0,,,
div-2026-09-16-155,1789537163,10657,235,,0,,,
div-2026-09-16-162,1789537316,10504,246,,0,,,
div-2026-09-16-163,1789537237,10583,1140,4,1,Works,Moderate,TIMS-234817
div-2026-09-16-165,1789537529,10291,366,,0,,,
div-2026-09-16-167,1789537724,10096,208,,0,,,
div-2026-09-16-169,1789537714,10106,212,,0,,,
div-2026-09-16-191,1789538607,9213,514,,0,,,
div-2026-09-16-199,1789538475,9345,281,8,1,Works,Minimal,TIMS-234341
div-2026-09-16-202,1789538996,8824,1182,171,1,Works,Minimal,TIMS-233994
div-2026-09-16-206,1789538885,8935,271,,0,,,
div-2026-09-16-208,1789539334,8486,227,,0,,,
div-2026-09-16-209,1789539433,8387,309,,0,,,
div-2026-09-16-210,1789539099,8721,215,,0,,,
div-2026-09-16-226,1789540017,7803,202,,0,,,
div-2026-09-16-230,1789539547,8273,1315,,0,,,
div-2026-09-16-231,1789539825,7995,226,,0,,,
div-2026-09-16-240,1789540454,7366,212,18,1,Works,Minimal,TIMS-234928
div-2026-09-16-242,1789540726,7094,807,,0,,,
div-2026-09-16-243,1789540612,7208,350,,0,,,
div-2026-09-16-247,1789540788,7032,1373,5,1,Works,Minimal,TIMS-225605
div-2026-09-16-250,1789540389,7431,249,,0,,,
div-2026-09-16-253,1789541143,6677,289,,0,,,
div-2026-09-16-269,1789541693,6127,465,,0,,,
div-2026-09-16-271,1789541900,5920,231,,0,,,
div-2026-09-16-276,1789541846,5974,293,,0,,,
div-2026-09-16-281,1789542034,5786,246,,0,,,
div-2026-09-16-286,1789542178,5642,242,,0,,,
div-2026-09-16-290,1789542224,5596,245,,0,,,
div-2026-09-16-298,1789542644,5176,663,,0,,,
div-2026-09-16-301,1789542718,5102,89,,0,,,
div-2026-09-16-306,1789542967,4853,311,,0,,,
div-2026-09-16-310,1789542826,4994,69,567,0,,,
div-2026-09-16-311,1789543141,4679,241,,0,,,
div-2026-09-16-323,1789543760,4060,406,,0,,,
div-2026-09-16-326,1789543830,3990,202,,0,,,
div-2026-09-16-328,1789543772,4048,226,,0,,,
div-2026-09-16-331,1789543653,4167,235,,0,,,
div-2026-09-16-337,1789544019,3801,286,1257,0,,,
div-2026-09-16-338,1789543837,3983,630,696,0,,,
div-2026-09-16-340,1789543986,3834,544,12,1,Works,Minimal,TIMS-234947
div-2026-09-16-344,1789543637,4183,453,,0,,,
div-2026-09-16-348,1789544142,3678,325,703,0,,,
div-2026-09-16-351,1789544430,3390,341,,0,,,
div-2026-09-16-356,1789544684,3136,598,,0,,,
div-2026-09-16-365,1789544903,2917,711,696,0,,,
div-2026-09-16-370,1789545185,2635,149,1218,0,,,
div-2026-09-16-376,1789544917,2903,486,359,0,,,
div-2026-09-16-384,1789544789,3031,479,,0,,,
div-2026-09-16-387,1789545607,2213,484,,0,,,
div-2026-09-16-393,1789545617,2203,220,,0,,,
div-2026-09-16-403,1789545918,1902,204,,0,,,
div-2026-09-16-411,1789545884,1936,124,,0,,,
div-2026-09-16-418,1789546433,1387,569,742,0,,,
div-2026-09-16-422,1789546861,959,766,,0,,,
div-2026-09-16-428,1789547173,647,202,,0,,,
div-2026-09-16-442,1789547181,639,200,18,1,Works,Minimal,TIMS-234928
div-2026-09-16-444,1789547657,163,811,,0,,,
div-2026-09-16-451,1789547694,126,334,,0,,,
div-2026-09-16-452,1789548102,282,342,,0,,,
div-2026-09-16-461,1789548819,999,144,1218,0,,,
div-2026-09-16-464,1789548445,625,269,178,1,Works,Minimal,TIMS-234341
div-2026-09-16-465,1789548834,1014,576,26,1,Works,Minimal,TIMS-233968
div-2026-09-16-477,1789549239,1419,283,1257,0,,,
div-2026-09-16-478,1789549136,1316,356,114,1,Works,Minimal,TIMS-234060
div-2026-09-16-486,1789549046,1226,1,,0,,,
div-2026-09-16-501,1789550044,2224,194,,0,,,
div-2026-09-16-508,1789550413,2593,306,,0,,,
div-2026-09-16-518,1789550705,2885,236,,0,,,
div-2026-09-16-519,1789550485,2665,238,,0,,,
div-2026-09-16-524,1789550812,2992,202,216,1,Works,Minimal,TIMS-234945
div-2026-09-16-535,1789551034,3214,782,,0,,,
div-2026-09-16-537,1789550988,3168,285,285,0,,,
div-2026-09-16-540,1789551391,3571,539,2,1,Works,Minimal,TIMS-234276
div-2026-09-16-544,1789551491,3671,933,,0,,,
div-2026-09-16-566,1789552308,4488,341,,0,,,
div-2026-09-16-572,1789552312,4492,883,92,1,Works,Minimal,TIMS-233968
div-2026-09-16-573,1789552307,4487,564,,0,,,
div-2026-09-16-588,1789553011,5191,1032,109,1,Works,Minimal,TIMS-234060
div-2026-09-16-594,1789553108,5288,273,,0,,,
div-2026-09-16-595,1789553452,5632,308,,0,,,
div-2026-09-16-603,1789553993,6173,239,,0,,,
div-2026-09-16-609,1789553769,5949,503,4,1,Works,Minimal,TIMS-226149
div-2026-09-16-613,1789553940,6120,302,,0,,,
div-2026-09-16-615,1789554023,6203,150,6,1,Works,Minimal,TIMS-225605
div-2026-09-16-617,1789554344,6524,235,,0,,,
div-2026-09-16-618,1789554098,6278,77,13,1,Works,Minimal,TIMS-233719
div-2026-09-16-624,1789554288,6468,210,18,1,Works,Minimal,TIMS-234928
div-2026-09-16-628,1789554677,6857,145,1218,0,,,
div-2026-09-16-634,1789554971,7151,603,,0,,,
div-2026-09-16-637,1789555075,7255,457,4,1,Works,Moderate,TIMS-234817
div-2026-09-16-644,1789555444,7624,125,,0,,,
div-2026-09-16-645,1789555023,7203,168,,0,,,
div-2026-09-16-646,1789555817,7997,465,,0,,,
div-2026-09-16-649,1789555318,7498,200,,0,,,
div-2026-09-16-656,1789555931,8111,464,1115,0,,,
div-2026-09-16-657,1789555875,8055,1563,,0,,,
div-2026-09-16-667,1789555735,7915,200,,0,,,
div-2026-09-16-668,1789556395,8575,574,,0,,,
div-2026-09-16-670,1789556516,8696,687,,0,,,
div-2026-09-16-671,1789556492,8672,346,,0,,,
div-2026-09-16-673,1789556311,8491,238,,0,,,
div-2026-09-16-678,1789556096,8276,566,8,1,Works,Minimal,TIMS-234036
div-2026-09-16-685,1789556950,9130,601,,0,,,
div-2026-09-16-687,1789556812,8992,582,285,0,,,
div-2026-09-16-697,1789557584,9764,309,,0,,,
div-2026-09-16-709,1789558215,10395,543,,0,,,
div-2026-09-16-713,1789558049,10229,631,,0,,,
div-2026-09-16-720,1789558645,10775,1577,,0,,,
div-2026-09-16-726,1789558874,10546,252,54,1,Works,Minimal,TIMS-234387
div-2026-09-16-740,1789559498,9922,144,1218,0,,,
div-2026-09-16-741,1789559285,10135,485,7,1,Works,No impact,TIMS-234944
div-2026-09-16-743,1789559570,9850,465,,0,,,
div-2026-09-16-760,1789559943,9477,248,17,1,Works,Minimal,TIMS-233994
div-2026-09-16-775,1789560111,9309,380,,0,,,
div-2026-09-16-797,1789561603,7817,245,,0,,,
div-2026-09-16-801,1789561950,7470,333,703,0,,,
div-2026-09-16-805,1789562134,7286,244,,0,,,
div-2026-09-16-808,1789561991,7429,498,50,1,Works,Minimal,TIMS-232933
div-2026-09-16-810,1789562012,7408,253,9,1,Works,Minimal,TIMS-234712
div-2026-09-16-813,1789562501,6919,639,,0,,,
div-2026-09-16-829,1789563407,6013,202,,0,,,
div-2026-09-16-833,1789562883,6537,284,238,1,Works,Minimal,TIMS-230755
div-2026-09-16-834,1789563224,6196,715,1009,0,,,
div-2026-09-16-844,1789563808,5612,277,,0,,,
div-2026-09-16-848,1789563832,5588,60,3007,0,,,
div-2026-09-16-853,1789564345,5075,243,7,1,Works,No impact,TIMS-234944
div-2026-09-16-854,1789564531,4889,493,5,1,Works,Minimal,TIMS-233207
div-2026-09-16-856,1789564517,4903,237,15,1,Planned events,No impact,TIMS-234573
div-2026-09-16-866,1789564604,4816,516,196,1,Works,Minimal,TIMS-232627
div-2026-09-16-873,1789565266,4154,553,,0,,,
div-2026-09-16-881,1789565516,3904,389,,0,,,
div-2026-09-16-883,1789565569,3851,2187,2,1,Works,Minimal,TIMS-234590
div-2026-09-16-886,1789565265,4155,505,5,1,Works,Minimal,TIMS-225605
div-2026-09-16-893,1789565960,3460,299,,0,,,
div-2026-09-16-897,1789566108,3312,346,,0,,,
div-2026-09-16-899,1789565948,3472,522,,0,,,
div-2026-09-16-907,1789566720,2700,244,,0,,,
div-2026-09-16-914,1789565953,3467,372,,0,,,
div-2026-09-16-919,1789567080,2340,181,,0,,,
div-2026-09-16-925,1789567253,2167,269,310,0,,,
div-2026-09-16-929,1789567374,2046,462,,0,,,
div-2026-09-16-950,1789568558,862,321,10,1,Works,Minimal,TIMS-234335
div-2026-09-16-952,1789568767,653,339,,0,,,
div-2026-09-16-964,1789569311,109,504,51,1,Works,Minimal,TIMS-232933
div-2026-09-16-967,1789569713,293,546,,0,,,
div-2026-09-16-971,1789569727,307,275,,0,,,
div-2026-09-16-976,1789570160,740,461,,0,,,
div-2026-09-16-979,1789570248,828,246,,0,,,
div-2026-09-16-980,1789570067,647,267,171,1,Works,Minimal,TIMS-234712
div-2026-09-16-987,1789570419,999,349,,0,,,
div-2026-09-16-992,1789570597,1177,242,,0,,,
div-2026-09-16-998,1789570745,1325,779,196,1,Works,Minimal,TIMS-232627
div-2026-09-16-999,1789571177,1757,1251,,0,,,
div-2026-09-16-1000,1789570534,1114,464,294,0,,,
div-2026-09-16-1001,1789571303,1883,358,,0,,,
div-2026-09-16-1013,1789571639,2219,330,3,1,Works,Moderate,TIMS-234936
div-2026-09-16-1020,1789571822,2402,304,,0,,,
div-2026-09-16-1024,1789572086,2666,276,,0,,,
div-2026-09-16-1029,1789572184,2764,275,,0,,,
div-2026-09-16-1032,1789572164,2744,828,,0,,,
div-2026-09-16-1035,1789572511,3091,877,,0,,,
div-2026-09-16-1036,1789572399,2979,510,,0,,,
div-2026-09-16-1037,1789572537,3117,243,7,1,Works,No impact,TIMS-234944
div-2026-09-16-1038,1789572615,3195,238,,0,,,
div-2026-09-16-1039,1789572607,3187,496,,0,,,
div-2026-09-16-1041,1789572546,3126,437,,0,,,
div-2026-09-16-1044,1789572717,3297,562,,0,,,
div-2026-09-16-1045,1789572109,2689,245,,0,,,
div-2026-09-16-1046,1789572707,3287,366,,0,,,
div-2026-09-16-1049,1789572302,2882,642,113,1,Works,Minimal,TIMS-234712
div-2026-09-16-1050,1789572679,3259,282,238,1,Works,Minimal,TIMS-230755
div-2026-09-16-1053,1789572789,3369,517,,0,,,
div-2026-09-16-1056,1789573293,3873,146,1218,0,,,
div-2026-09-16-1069,1789573321,3901,639,,0,,,
div-2026-09-16-1075,1789573319,3899,75,,0,,,
div-2026-09-16-1078,1789573729,4309,321,,0,,,
div-2026-09-16-1089,1789574333,4913,264,,0,,,
div-2026-09-16-1096,1789574750,5330,253,,0,,,
div-2026-09-16-1100,1789574952,5532,582,,0,,,
div-2026-09-16-1105,1789574914,5494,1328,6,1,Works,Minimal,TIMS-227981
div-2026-09-16-1106,1789575138,5718,208,,0,,,
div-2026-09-16-1118,1789575407,5987,183,,0,,,
div-2026-09-16-1124,1789576027,6607,226,,0,,,
div-2026-09-16-1131,1789575378,5958,224,8,1,Works,Minimal,TIMS-233906
div-2026-09-16-1146,1789576361,6941,287,,0,,,
div-2026-09-16-1153,1789576621,7201,136,,0,,,
div-2026-09-16-1155,1789577170,7750,478,,0,,,
div-2026-09-16-1158,1789577118,7698,315,265,0,,,
div-2026-09-16-1159,1789576829,7409,474,,0,,,
div-2026-09-16-1160,1789577252,7832,589,,0,,,
div-2026-09-16-1161,1789577077,7657,366,,0,,,
div-2026-09-16-1163,1789577357,7937,744,,0,,,
div-2026-09-16-1175,1789576931,7511,248,,0,,,
div-2026-09-16-1181,1789577867,8447,662,,0,,,
div-2026-09-16-1184,1789577617,8197,255,2,1,Works,Minimal,TIMS-234276
div-2026-09-16-1187,1789577765,8345,537,17,1,Works,Minimal,TIMS-233994
div-2026-09-16-1193,1789578123,8703,510,,0,,,
div-2026-09-16-1199,1789578173,8753,249,,0,,,
div-2026-09-16-1214,1789579181,9761,309,,0,,,
div-2026-09-16-1216,1789578378,8958,173,,0,,,
div-2026-09-16-1220,1789579032,9612,743,6,1,Works,Minimal,TIMS-220784
div-2026-09-16-1226,1789579412,9992,302,,0,,,
div-2026-09-16-1232,1789579846,10426,856,,0,,,
div-2026-09-16-1233,1789580007,10587,235,,0,,,
div-2026-09-16-1234,1789579807,10387,236,,0,,,
div-2026-09-16-1237,1789580249,10771,549,,0,,,
div-2026-09-16-1246,1789580450,10570,507,17,1,Works,Minimal,TIMS-232621
div-2026-09-16-1254,1789580410,10610,143,,0,,,
div-2026-09-16-1268,1789581221,9799,506,,0,,,
div-2026-09-16-1269,1789580248,10772,601,846,0,,,
div-2026-09-16-1271,1789580975,10045,1208,,0,,,
div-2026-09-16-1277,1789580855,10165,635,8,1,Works,Minimal,TIMS-234036
div-2026-09-16-1281,1789581560,9460,391,,0,,,
div-2026-09-16-1293,1789582877,8143,608,33,1,Works,Minimal,TIMS-233235
div-2026-09-16-1296,1789583015,8005,2190,3,1,Works,Moderate,TIMS-234936
div-2026-09-16-1298,1789583352,7668,366,,0,,,
div-2026-09-16-1299,1789582427,8593,180,85,1,Works,Minimal,TIMS-234060
div-2026-09-16-1306,1789583738,7282,275,,0,,,
div-2026-09-16-1319,1789584226,6794,209,,0,,,
div-2026-09-16-1326,1789584752,6268,353,906,0,,,
div-2026-09-16-1329,1789585049,5971,300,,0,,,
div-2026-09-16-1332,1789585005,6015,643,,0,,,
div-2026-09-16-1334,1789585448,5572,285,9,1,Works,Minimal,TIMS-234751
div-2026-09-16-1335,1789585372,5648,343,703,0,,,
div-2026-09-16-1336,1789585417,5603,2575,3,1,Works,Moderate,TIMS-234936
div-2026-09-16-1338,1789585518,5502,283,238,1,Works,Minimal,TIMS-230755
div-2026-09-16-1342,1789585698,5322,249,13,1,Works,Minimal,TIMS-234751
div-2026-09-16-1345,1789585704,5316,346,,0,,,
div-2026-09-16-1352,1789585564,5456,260,11,1,Works,Minimal,TIMS-233910
div-2026-09-16-1356,1789586493,4527,208,,0,,,
div-2026-09-16-1359,1789586525,4495,799,19,1,Works,Minimal,TIMS-233002
div-2026-09-16-1360,1789586542,4478,601,2,1,Works,Minimal,TIMS-234276
div-2026-09-16-1371,1789587395,3625,244,,0,,,
div-2026-09-16-1377,1789587370,3650,721,4,1,Collisions,Minimal,TIMS-235005
div-2026-09-16-1378,1789587643,3377,227,,0,,,
div-2026-09-16-1380,1789587893,3127,1083,,0,,,
div-2026-09-16-1385,1789587901,3119,371,,0,,,
div-2026-09-16-1388,1789587733,3287,236,7,1,Collisions,Minimal,TIMS-235005
div-2026-09-16-1399,1789588643,2377,550,,0,,,
div-2026-09-16-1409,1789588956,2064,769,9,1,Works,Moderate,TIMS-234817
div-2026-09-16-1411,1789588971,2049,245,,0,,,
div-2026-09-16-1416,1789589383,1637,461,,0,,,
div-2026-09-16-1421,1789589689,1331,201,,0,,,
div-2026-09-16-1431,1789589993,1027,267,6,1,Works,Minimal,TIMS-228672
div-2026-09-16-1443,1789590593,427,52,3007,0,,,
div-2026-09-16-1445,1789590884,136,271,445,0,,,
div-2026-09-16-1452,1789591332,312,207,556,0,,,
div-2026-09-16-1457,1789591430,410,229,547,0,,,
div-2026-09-16-1461,1789591664,644,536,6,1,Works,Minimal,TIMS-228672
div-2026-09-16-1462,1789591349,329,259,1221,0,,,
div-2026-09-16-1463,1789591650,630,664,9,1,Works,Minimal,TIMS-234716
div-2026-09-16-1464,1789591968,948,500,858,0,,,
div-2026-09-16-1476,1789592279,1259,954,112,1,Works,Minimal,TIMS-230755
div-2026-09-16-1481,1789593040,2020,416,,0,,,
div-2026-09-16-1486,1789593163,2143,408,0,1,Works,Minimal,TIMS-234276
div-2026-09-16-1487,1789593486,2466,507,,0,,,
div-2026-09-16-1488,1789593138,2118,1286,,0,,,
div-2026-09-16-1490,1789593351,2331,147,,0,,,
div-2026-09-16-1492,1789593772,2752,244,,0,,,
div-2026-09-16-1493,1789593768,2748,1130,4,1,Works,Minimal,TIMS-231535
div-2026-09-16-1509,1789594907,3887,475,39,1,Works,Minimal,TIMS-234928
div-2026-09-16-1511,1789594905,3885,210,556,0,,,
div-2026-09-16-1521,1789595672,4652,246,,0,,,
div-2026-09-16-1537,1789596833,5813,344,703,0,,,
div-2026-09-16-1538,1789596959,5939,852,,0,,,
div-2026-09-16-1544,1789597383,6363,368,,0,,,
div-2026-09-16-1545,1789597377,6357,633,9,1,Works,Moderate,TIMS-234817
div-2026-09-16-1562,1789598314,7294,277,445,0,,,
div-2026-09-16-1563,1789598426,7406,203,,0,,,
div-2026-09-16-1569,1789599945,8925,776,3,1,Works,Minimal,TIMS-232933
div-2026-09-16-1573,1789600332,9312,819,10,1,Works,Minimal,TIMS-234421
div-2026-09-16-1578,1789600618,9598,217,445,0,,,
div-2026-09-16-1581,1789601062,10042,855,10,1,Works,Minimal,TIMS-234421
div-2026-09-16-1585,1789601507,10487,450,3,1,Works,Minimal,TIMS-232933
div-2026-09-16-1587,1789602012,10608,275,445,0,,,
div-2026-09-17-27,1789606936,5684,1317,33,1,Works,Minimal,TIMS-234885
div-2026-09-17-31,1789607515,5105,268,11,1,Works,Minimal,TIMS-233287
div-2026-09-17-33,1789607818,4802,979,,0,,,
div-2026-09-17-39,1789609495,3125,295,9,1,Works,Moderate,TIMS-234817
div-2026-09-17-46,1789610714,1906,735,,0,,,
div-2026-09-17-48,1789611472,1148,183,,0,,,
div-2026-09-17-52,1789612813,193,1487,,0,,,
div-2026-09-17-57,1789613352,732,453,,0,,,
div-2026-09-17-59,1789613453,833,2066,,0,,,
div-2026-09-17-62,1789613702,1082,243,211,1,Works,Minimal,TIMS-226462
div-2026-09-17-63,1789613893,1273,309,18,1,Works,Minimal,TIMS-233287
div-2026-09-17-67,1789615075,2455,267,,0,,,
div-2026-09-17-68,1789615006,2386,1714,4,1,Works,Minimal,TIMS-231535
div-2026-09-17-69,1789615403,2783,269,11,1,Works,Minimal,TIMS-233287
div-2026-09-17-77,1789617075,4455,545,5,1,Works,Minimal,TIMS-233002
div-2026-09-17-82,1789617522,4902,1047,,0,,,
div-2026-09-17-86,1789617938,5318,984,2,1,Works,Minimal,TIMS-234590
div-2026-09-17-88,1789618289,5669,606,,0,,,
div-2026-09-17-89,1789618076,5456,1193,,0,,,
div-2026-09-17-101,1789619145,6525,483,10,1,Works,Minimal,TIMS-233002
div-2026-09-17-102,1789619745,7125,353,703,0,,,
div-2026-09-17-103,1789620024,7404,379,4,1,Works,Moderate,TIMS-234817
div-2026-09-17-104,1789620310,7690,382,,0,,,
div-2026-09-17-105,1789620298,7678,257,9,1,Works,Moderate,TIMS-234817
div-2026-09-17-106,1789620433,7813,858,11,1,Works,Minimal,TIMS-234894
div-2026-09-17-107,1789620323,7703,186,,0,,,
div-2026-09-17-111,1789620863,8243,403,,0,,,
div-2026-09-17-120,1789621387,8767,366,,0,,,
div-2026-09-17-125,1789621628,9008,165,,0,,,
div-2026-09-17-128,1789621775,9155,350,,0,,,
div-2026-09-17-130,1789621823,9203,632,,0,,,
div-2026-09-17-132,1789621950,9330,98,,0,,,
div-2026-09-17-136,1789622219,9599,846,5,1,Works,Minimal,TIMS-226149
div-2026-09-17-145,1789622604,9984,518,,0,,,
div-2026-09-17-150,1789622704,10084,211,,0,,,
div-2026-09-17-151,1789623229,10609,173,321,0,,,
div-2026-09-17-156,1789623502,10718,223,,0,,,
div-2026-09-17-160,1789623697,10523,535,,0,,,
div-2026-09-17-165,1789623763,10457,284,228,1,Works,Minimal,TIMS-226462
div-2026-09-17-166,1789623990,10230,1016,,0,,,
div-2026-09-17-173,1789624178,10042,300,,0,,,
div-2026-09-17-174,1789624320,9900,236,,0,,,
div-2026-09-17-183,1789624454,9766,465,,0,,,
div-2026-09-17-190,1789624990,9230,455,,0,,,
div-2026-09-17-195,1789624815,9405,541,482,0,,,
div-2026-09-17-196,1789624976,9244,628,17,1,Works,Minimal,TIMS-233994
div-2026-09-17-203,1789625457,8763,246,,0,,,
div-2026-09-17-209,1789625705,8515,830,348,0,,,
div-2026-09-17-212,1789625637,8583,235,,0,,,
div-2026-09-17-215,1789626073,8147,363,,0,,,
div-2026-09-17-223,1789625813,8407,346,204,1,Works,Minimal,TIMS-234060
div-2026-09-17-224,1789624536,9684,517,18,1,Works,Minimal,TIMS-231535
div-2026-09-17-227,1789626332,7888,322,,0,,,
div-2026-09-17-229,1789626458,7762,794,,0,,,
div-2026-09-17-230,1789626586,7634,202,,0,,,
div-2026-09-17-231,1789626189,8031,246,,0,,,
div-2026-09-17-232,1789626468,7752,435,,0,,,
div-2026-09-17-236,1789627027,7193,236,,0,,,
div-2026-09-17-237,1789627049,7171,503,,0,,,
div-2026-09-17-250,1789627524,6696,267,5,1,Works,Minimal,TIMS-233205
div-2026-09-17-256,1789627624,6596,208,630,0,,,
div-2026-09-17-258,1789627302,6918,400,,0,,,
div-2026-09-17-262,1789627362,6858,252,,0,,,
div-2026-09-17-263,1789627839,6381,392,2,1,Works,Minimal,TIMS-234590
div-2026-09-17-269,1789628142,6078,227,,0,,,
div-2026-09-17-271,1789628080,6140,195,,0,,,
div-2026-09-17-281,1789628450,5770,294,,0,,,
div-2026-09-17-283,1789628242,5978,240,,0,,,
div-2026-09-17-292,1789629020,5200,201,216,1,Works,Minimal,TIMS-234945
div-2026-09-17-297,1789629109,5111,835,,0,,,
div-2026-09-17-298,1789628768,5452,301,9,1,Works,Minimal,TIMS-234945
div-2026-09-17-300,1789628939,5281,630,,0,,,
div-2026-09-17-303,1789629215,5005,181,396,0,,,
div-2026-09-17-307,1789629243,4977,356,10,1,Works,Minimal,TIMS-234335
div-2026-09-17-314,1789629084,5136,333,703,0,,,
div-2026-09-17-317,1789628734,5486,187,901,0,,,
div-2026-09-17-331,1789629776,4444,79,567,0,,,
div-2026-09-17-338,1789630172,4048,762,,0,,,
div-2026-09-17-339,1789630290,3930,227,,0,,,
div-2026-09-17-340,1789629714,4506,296,,0,,,
div-2026-09-17-346,1789630299,3921,590,9,1,Works,Minimal,TIMS-234335
div-2026-09-17-348,1789630724,3496,202,,0,,,
div-2026-09-17-360,1789630823,3397,360,,0,,,
div-2026-09-17-361,1789631061,3159,146,1218,0,,,
div-2026-09-17-363,1789630943,3277,338,,0,,,
div-2026-09-17-364,1789630797,3423,775,,0,,,
div-2026-09-17-376,1789630913,3307,421,,0,,,
div-2026-09-17-377,1789631531,2689,250,,0,,,
div-2026-09-17-381,1789631321,2899,535,12,1,Works,Minimal,TIMS-234947
div-2026-09-17-382,1789631300,2920,274,,0,,,
div-2026-09-17-385,1789631573,2647,238,,0,,,
div-2026-09-17-388,1789631526,2694,365,,0,,,
div-2026-09-17-391,1789631695,2525,308,,0,,,
div-2026-09-17-392,1789631962,2258,589,,0,,,
div-2026-09-17-394,1789632166,2054,505,,0,,,
div-2026-09-17-398,1789632231,1989,434,,0,,,
div-2026-09-17-414,1789632825,1395,443,,0,,,
div-2026-09-17-427,1789632798,1422,294,,0,,,
div-2026-09-17-429,1789632966,1254,582,,0,,,
div-2026-09-17-441,1789633663,557,202,,0,,,
div-2026-09-17-442,1789633541,679,294,8,1,Works,Moderate,TIMS-235001
div-2026-09-17-447,1789633553,667,481,,0,,,
div-2026-09-17-449,1789633875,345,190,,0,,,
div-2026-09-17-451,1789633558,662,1251,2,1,Hazards,Moderate,TIMS-235014
div-2026-09-17-463,1789634457,237,346,,0,,,
div-2026-09-17-471,1789634557,337,326,,0,,,
div-2026-09-17-475,1789634802,582,267,17,1,Works,Minimal,TIMS-233994
div-2026-09-17-476,1789634421,201,23,96,1,Works,Minimal,TIMS-234060
div-2026-09-17-477,1789634951,731,202,,0,,,
div-2026-09-17-481,1789635120,900,730,,0,,,
div-2026-09-17-489,1789635114,894,391,2,1,Works,Minimal,TIMS-234590
div-2026-09-17-491,1789635157,937,485,7,1,Works,No impact,TIMS-234944
div-2026-09-17-494,1789634971,751,510,9,1,Works,Minimal,TIMS-234590
div-2026-09-17-495,1789635413,1193,474,,0,,,
div-2026-09-17-499,1789635589,1369,534,12,1,Works,Minimal,TIMS-234947
div-2026-09-17-501,1789635446,1226,248,,0,,,
div-2026-09-17-527,1789636358,2138,147,,0,,,
div-2026-09-17-528,1789635889,1669,377,,0,,,
div-2026-09-17-531,1789636716,2496,623,9,1,Works,Minimal,TIMS-234335
div-2026-09-17-532,1789636687,2467,210,625,0,,,
div-2026-09-17-537,1789636087,1867,292,8,1,Works,Moderate,TIMS-235001
div-2026-09-17-540,1789636782,2562,244,,0,,,
div-2026-09-17-541,1789636766,2546,101,,0,,,
div-2026-09-17-542,1789636974,2754,420,,0,,,
div-2026-09-17-543,1789636910,2690,300,,0,,,
div-2026-09-17-553,1789637235,3015,262,,0,,,
div-2026-09-17-560,1789637664,3444,261,24,1,Works,Minimal,TIMS-233968
div-2026-09-17-569,1789638080,3860,346,,0,,,
div-2026-09-17-582,1789638642,4422,392,2,1,Works,Minimal,TIMS-234590
div-2026-09-17-586,1789638797,4577,536,14,1,Works,Minimal,TIMS-233235
div-2026-09-17-593,1789639183,4963,302,,0,,,
div-2026-09-17-594,1789639306,5086,673,,0,,,
div-2026-09-17-604,1789639522,5302,309,,0,,,
div-2026-09-17-605,1789639591,5371,460,,0,,,
div-2026-09-17-609,1789639663,5443,500,196,1,Works,Minimal,TIMS-232627
div-2026-09-17-611,1789639671,5451,376,9,1,Works,Minimal,TIMS-234590
div-2026-09-17-616,1789639793,5573,348,703,0,,,
div-2026-09-17-634,1789640574,6354,248,40,1,Works,Minimal,TIMS-227966
div-2026-09-17-638,1789640667,6447,334,,0,,,
div-2026-09-17-641,1789641116,6896,208,630,0,,,
div-2026-09-17-647,1789641451,7231,253,,0,,,
div-2026-09-17-661,1789642133,7913,708,,0,,,
div-2026-09-17-665,1789642094,7874,701,,0,,,
div-2026-09-17-669,1789641884,7664,501,,0,,,
div-2026-09-17-673,1789641909,7689,285,285,0,,,
div-2026-09-17-684,1789642983,8763,342,,0,,,
div-2026-09-17-686,1789643141,8921,972,,0,,,
div-2026-09-17-688,1789643303,9083,364,14,1,Asset issues,No impact,TIMS-235015
div-2026-09-17-695,1789643643,9423,228,,0,,,
div-2026-09-17-716,1789645711,10109,202,,0,,,
div-2026-09-17-720,1789645611,10209,238,526,0,,,
div-2026-09-17-724,1789645978,9842,307,1134,0,,,
div-2026-09-17-726,1789646090,9730,120,1336,0,,,
div-2026-09-17-730,1789646429,9391,676,,0,,,
div-2026-09-17-733,1789646701,9119,518,,0,,,
div-2026-09-17-736,1789646625,9195,779,,0,,,
div-2026-09-17-737,1789646631,9189,1586,4,1,Works,Minimal,TIMS-231535
div-2026-09-17-739,1789646704,9116,2580,2,1,Works,Minimal,TIMS-234590
div-2026-09-17-740,1789646746,9074,829,348,0,,,
div-2026-09-17-741,1789646812,9008,864,11,1,Works,Moderate,TIMS-234894
div-2026-09-17-742,1789646681,9139,231,301,0,,,
div-2026-09-17-747,1789646781,9039,275,,0,,,
div-2026-09-17-748,1789646918,8902,598,285,0,,,
div-2026-09-17-749,1789646955,8865,405,10,1,Works,Minimal,TIMS-234335
div-2026-09-17-750,1789646878,8942,392,,0,,,
div-2026-09-17-752,1789647112,8708,208,630,0,,,
div-2026-09-17-753,1789646889,8931,227,,0,,,
div-2026-09-17-758,1789646828,8992,1119,2,1,Hazards,Moderate,TIMS-235014
div-2026-09-17-759,1789647026,8794,356,703,0,,,
div-2026-09-17-761,1789647236,8584,476,,0,,,
div-2026-09-17-766,1789647107,8713,1146,2,1,Hazards,Moderate,TIMS-235014
div-2026-09-17-767,1789647529,8291,248,,0,,,
div-2026-09-17-768,1789647063,8757,701,139,1,Works,Moderate,TIMS-234060
div-2026-09-17-774,1789647616,8204,1222,,0,,,
div-2026-09-17-776,1789647456,8364,344,703,0,,,
div-2026-09-17-779,1789647601,8219,312,75,1,Asset issues,Minimal,TIMS-235015
div-2026-09-17-782,1789647736,8084,340,,0,,,
div-2026-09-17-786,1789647841,7979,339,,0,,,
div-2026-09-17-791,1789647725,8095,36,85,1,Works,Moderate,TIMS-234060
div-2026-09-17-792,1789647357,8463,1973,4,1,Works,Minimal,TIMS-231535
div-2026-09-17-793,1789647663,8157,1248,2,1,Hazards,Moderate,TIMS-235014
div-2026-09-17-795,1789648122,7698,396,49,1,Works,Minimal,TIMS-232933
div-2026-09-17-809,1789648665,7155,628,,0,,,
div-2026-09-17-810,1789647639,8181,269,228,1,Works,Minimal,TIMS-226462
div-2026-09-17-811,1789648557,7263,169,,0,,,
div-2026-09-17-817,1789648708,7112,447,,0,,,
div-2026-09-17-818,1789648908,6912,259,24,1,Works,Minimal,TIMS-233968
div-2026-09-17-824,1789649292,6528,101,,0,,,
div-2026-09-17-836,1789649658,6162,396,,0,,,
div-2026-09-17-850,1789650136,5684,526,196,1,Works,Minimal,TIMS-232627
div-2026-09-17-858,1789650177,5643,475,,0,,,
div-2026-09-17-864,1789650523,5297,134,,0,,,
div-2026-09-17-865,1789650693,5127,194,37,1,Asset issues,Minimal,TIMS-235015
div-2026-09-17-882,1789651717,4103,351,,0,,,
div-2026-09-17-885,1789651909,3911,1293,,0,,,
div-2026-09-17-892,1789651868,3952,206,636,0,,,
div-2026-09-17-895,1789652395,3425,608,,0,,,
div-2026-09-17-896,1789652258,3562,342,,0,,,
div-2026-09-17-904,1789652470,3350,131,10,1,Collisions,Moderate,TIMS-235052
div-2026-09-17-906,1789652553,3267,368,254,0,,,
div-2026-09-17-907,1789652431,3389,478,477,0,,,
div-2026-09-17-920,1789653189,2631,503,,0,,,
div-2026-09-17-928,1789653463,2357,377,138,1,Works,Minimal,TIMS-231314
div-2026-09-17-938,1789653704,2116,306,12,1,Works,Minimal,TIMS-234947
div-2026-09-17-939,1789653873,1947,237,679,0,,,
div-2026-09-17-940,1789653962,1858,71,139,1,Asset issues,Minimal,TIMS-235015
div-2026-09-17-942,1789654078,1742,566,,0,,,
div-2026-09-17-945,1789653972,1848,535,3,1,Asset issues,Minimal,TIMS-235015
div-2026-09-17-951,1789654190,1630,300,,0,,,
div-2026-09-17-952,1789654067,1753,485,24,1,Works,Minimal,TIMS-233968
div-2026-09-17-966,1789654936,884,324,,0,,,
div-2026-09-17-972,1789654084,1736,161,20,1,Works,Minimal,TIMS-231314
div-2026-09-17-976,1789654441,1379,292,,0,,,
div-2026-09-17-978,1789654652,1168,233,,0,,,
div-2026-09-17-983,1789655152,668,434,10,1,Works,Minimal,TIMS-234335
div-2026-09-17-986,1789655032,788,210,,0,,,
div-2026-09-17-987,1789654272,1548,546,189,1,Works,Minimal,TIMS-234342
div-2026-09-17-989,1789655293,527,288,,0,,,
div-2026-09-17-993,1789655812,8,444,124,1,Works,Minimal,TIMS-231314
div-2026-09-17-994,1789655477,343,229,,0,,,
div-2026-09-17-1004,1789656385,565,120,1336,0,,,
div-2026-09-17-1009,1789655737,83,318,8,1,Works,Serious,TIMS-233906
div-2026-09-17-1015,1789656778,958,461,,0,,,
div-2026-09-17-1021,1789657100,1280,236,,0,,,
div-2026-09-17-1024,1789656460,640,273,,0,,,
div-2026-09-17-1037,1789657609,1789,254,8,1,Works,Minimal,TIMS-233076
div-2026-09-17-1044,1789657641,1821,355,,0,,,
div-2026-09-17-1045,1789657564,1744,994,348,0,,,
div-2026-09-17-1047,1789657200,1380,178,,0,,,
div-2026-09-17-1048,1789657762,1942,439,2,1,Works,Minimal,TIMS-234590
div-2026-09-17-1063,1789658288,2468,151,1218,0,,,
div-2026-09-17-1069,1789658131,2311,238,526,0,,,
div-2026-09-17-1075,1789658398,2578,511,179,1,Works,Minimal,TIMS-232627
div-2026-09-17-1077,1789658711,2891,446,,0,,,
div-2026-09-17-1078,1789658519,2699,363,10,1,Collisions,Moderate,TIMS-235052
div-2026-09-17-1081,1789658862,3042,284,17,1,Works,Minimal,TIMS-233994
div-2026-09-17-1084,1789659139,3319,172,321,0,,,
div-2026-09-17-1089,1789659542,3722,571,325,0,,,
div-2026-09-17-1091,1789659048,3228,241,8,1,Works,No impact,TIMS-234944
div-2026-09-17-1093,1789659304,3484,256,5,1,Works,Moderate,TIMS-235001
div-2026-09-17-1098,1789658538,2718,494,316,0,,,
div-2026-09-17-1120,1789660759,4939,338,,0,,,
div-2026-09-17-1125,1789660832,5012,798,,0,,,
div-2026-09-17-1128,1789661262,5442,249,,0,,,
div-2026-09-17-1140,1789661065,5245,276,,0,,,
div-2026-09-17-1141,1789661317,5497,640,91,1,Works,Minimal,TIMS-233091
div-2026-09-17-1154,1789661328,5508,369,,0,,,
div-2026-09-17-1172,1789662574,6754,1097,,0,,,
div-2026-09-17-1175,1789662821,7001,342,,0,,,
div-2026-09-17-1177,1789663060,7240,669,,0,,,
div-2026-09-17-1178,1789662759,6939,572,17,1,Works,Minimal,TIMS-234928
div-2026-09-17-1180,1789662671,6851,215,,0,,,
div-2026-09-17-1183,1789663061,7241,565,,0,,,
div-2026-09-17-1193,1789663050,7230,225,552,0,,,
div-2026-09-17-1194,1789663208,7388,437,,0,,,
div-2026-09-17-1195,1789663523,7703,416,,0,,,
div-2026-09-17-1196,1789663385,7565,322,3,1,Works,Moderate,TIMS-234936
div-2026-09-17-1198,1789663670,7850,730,,0,,,
div-2026-09-17-1207,1789663450,7630,551,,0,,,
div-2026-09-17-1219,1789664130,8310,257,5,1,Works,Moderate,TIMS-235001
div-2026-09-17-1222,1789664170,8350,483,7,1,Works,No impact,TIMS-234944
div-2026-09-17-1223,1789663734,7914,477,7,1,Works,Minimal,TIMS-227966
div-2026-09-17-1228,1789664755,8935,328,274,0,,,
div-2026-09-17-1229,1789664179,8359,527,3,1,Asset issues,Minimal,TIMS-235015
div-2026-09-17-1237,1789664639,8819,484,,0,,,
div-2026-09-17-1238,1789665065,9245,460,,0,,,
div-2026-09-17-1240,1789665185,9365,550,3,1,Asset issues,Minimal,TIMS-235015
div-2026-09-17-1244,1789665111,9291,153,,0,,,
div-2026-09-17-1251,1789665242,9422,347,703,0,,,
div-2026-09-17-1256,1789665912,10092,204,,0,,,
div-2026-09-17-1257,1789665888,10068,232,,0,,,
div-2026-09-17-1259,1789665788,9968,317,,0,,,
div-2026-09-17-1267,1789666087,10267,673,,0,,,
div-2026-09-17-1268,1789666301,10481,192,,0,,,
div-2026-09-17-1276,1789666534,10714,514,,0,,,
div-2026-09-17-1286,1789666943,10477,545,17,1,Works,Minimal,TIMS-233994
div-2026-09-17-1292,1789667250,10170,584,,0,,,
div-2026-09-17-1293,1789667234,10186,212,,0,,,
div-2026-09-17-1296,1789667070,10350,711,,0,,,
div-2026-09-17-1297,1789666760,10660,482,7,1,Works,No impact,TIMS-234944
div-2026-09-17-1302,1789667161,10259,254,5,1,Works,Minimal,TIMS-235001
div-2026-09-17-1305,1789667318,10102,139,,0,,,
div-2026-09-17-1326,1789668346,9074,369,101,1,Works,Minimal,TIMS-233091
div-2026-09-17-1336,1789668886,8534,230,3,1,Works,Minimal,TIMS-232301
div-2026-09-17-1346,1789669687,7733,503,,0,,,
div-2026-09-17-1349,1789669754,7666,630,,0,,,
div-2026-09-17-1393,1789671874,5546,574,,0,,,
div-2026-09-17-1396,1789672109,5311,363,,0,,,
div-2026-09-17-1401,1789671994,5426,499,,0,,,
div-2026-09-17-1405,1789672311,5109,1674,2,1,Works,Minimal,TIMS-234590
div-2026-09-17-1411,1789672849,4571,523,,0,,,
div-2026-09-17-1417,1789673259,4161,646,239,1,Works,Minimal,TIMS-234447
div-2026-09-17-1423,1789673799,3621,431,8,1,Works,Minimal,TIMS-219173
div-2026-09-17-1426,1789674038,3382,228,,0,,,
div-2026-09-17-1432,1789674065,3355,226,602,0,,,
div-2026-09-17-1436,1789674432,2988,344,703,0,,,
div-2026-09-17-1451,1789674914,2506,694,271,0,,,
div-2026-09-17-1456,1789675131,2289,1126,2,1,Works,Minimal,TIMS-234267
div-2026-09-17-1461,1789676041,1379,129,,0,,,
div-2026-09-17-1469,1789676287,1133,677,,0,,,
div-2026-09-17-1470,1789675865,1555,2121,3,1,Works,Minimal,TIMS-234885
div-2026-09-17-1477,1789676524,896,896,,0,,,
div-2026-09-17-1488,1789677522,102,347,,0,,,
div-2026-09-17-1491,1789677096,324,1379,3,1,Works,Minimal,TIMS-234885
div-2026-09-17-1493,1789677762,342,254,155,1,Works,Minimal,TIMS-234036
div-2026-09-17-1506,1789678396,976,308,,0,,,
div-2026-09-17-1509,1789678547,1127,733,2,1,Works,Minimal,TIMS-234590
div-2026-09-17-1514,1789678501,1081,1462,127,1,Works,Minimal,TIMS-231192
div-2026-09-17-1515,1789678643,1223,242,3,1,Works,Minimal,TIMS-232301
div-2026-09-17-1517,1789679104,1684,287,7,1,Works,Minimal,TIMS-234447
div-2026-09-17-1519,1789678829,1409,246,,0,,,
div-2026-09-17-1526,1789679335,1915,408,,0,,,
div-2026-09-17-1530,1789678958,1538,533,91,1,Works,Minimal,TIMS-233091
div-2026-09-17-1541,1789680165,2745,244,,0,,,
div-2026-09-17-1543,1789679823,2403,407,0,1,Works,Minimal,TIMS-234276
div-2026-09-17-1545,1789680042,2622,214,,0,,,
div-2026-09-17-1546,1789680175,2755,341,,0,,,
div-2026-09-17-1562,1789680308,2888,237,294,0,,,
div-2026-09-17-1573,1789682140,4720,179,,0,,,
div-2026-09-17-1576,1789682347,4927,212,4,1,Works,Minimal,TIMS-233158
div-2026-09-17-1577,1789682406,4986,361,12,1,Works,Minimal,TIMS-234590
div-2026-09-17-1588,1789682949,5529,348,,0,,,
div-2026-09-17-1589,1789683034,5614,321,9,1,Works,Minimal,TIMS-234822
div-2026-09-17-1592,1789683027,5607,167,460,0,,,
div-2026-09-17-1614,1789684894,7474,321,4,1,Works,Minimal,TIMS-234822
div-2026-09-18-3,1789689743,9277,275,,0,,,
div-2026-09-18-9,1789690897,8123,245,3,1,Works,Minimal,TIMS-235072
div-2026-09-18-27,1789696789,2231,965,,0,,,
div-2026-09-18-29,1789697150,1870,693,,0,,,
div-2026-09-18-31,1789698061,959,319,944,0,,,
div-2026-09-18-33,1789698302,718,770,13,1,Works,Minimal,TIMS-226199
div-2026-09-18-36,1789698788,232,174,321,0,,,
div-2026-09-18-37,1789698886,134,268,,0,,,
div-2026-09-18-43,1789699731,711,3224,13,1,Works,Minimal,TIMS-226199
div-2026-09-18-45,1789699956,936,259,,0,,,
div-2026-09-18-46,1789700063,1043,845,,0,,,
div-2026-09-18-48,1789700502,1482,259,,0,,,
div-2026-09-18-54,1789702556,3536,626,,0,,,
div-2026-09-18-56,1789703087,4067,2381,4,1,Works,Minimal,TIMS-231535
div-2026-09-18-58,1789703343,4323,931,,0,,,
div-2026-09-18-60,1789704113,5093,872,,0,,,
div-2026-09-18-73,1789705802,6782,224,,0,,,
div-2026-09-18-77,1789706587,7567,443,,0,,,
div-2026-09-18-80,1789706573,7553,2778,26,1,Works,Minimal,TIMS-226199
div-2026-09-18-83,1789707277,8257,411,,0,,,
div-2026-09-18-90,1789707757,8737,365,,0,,,
div-2026-09-18-93,1789707971,8951,570,,0,,,
div-2026-09-18-99,1789708237,9217,348,,0,,,
div-2026-09-18-108,1789708670,9650,524,,0,,,
div-2026-09-18-117,1789709247,10227,385,73,1,Works,Moderate,TIMS-234936
div-2026-09-18-120,1789709315,10295,2106,,0,,,
div-2026-09-18-127,1789709600,10580,256,,0,,,
div-2026-09-18-130,1789709738,10718,508,,0,,,
div-2026-09-18-131,1789709517,10497,421,,0,,,
div-2026-09-18-134,1789710020,10600,564,4,1,Works,Minimal,TIMS-226149
div-2026-09-18-137,1789710085,10535,239,,0,,,
div-2026-09-18-142,1789710397,10223,737,26,1,Works,Minimal,TIMS-226199
div-2026-09-18-145,1789710443,10177,177,13,1,Works,Minimal,TIMS-232486
div-2026-09-18-157,1789710906,9714,827,,0,,,
div-2026-09-18-159,1789711229,9391,415,,0,,,
div-2026-09-18-166,1789711482,9138,460,,0,,,
div-2026-09-18-168,1789711462,9158,408,,0,,,
div-2026-09-18-175,1789711631,8989,608,,0,,,
div-2026-09-18-182,1789712125,8495,232,,0,,,
div-2026-09-18-185,1789712254,8366,479,,0,,,
div-2026-09-18-187,1789712659,7961,202,216,1,Works,Minimal,TIMS-234945
div-2026-09-18-191,1789712444,8176,492,,0,,,
div-2026-09-18-194,1789712817,7803,202,,0,,,
div-2026-09-18-196,1789712826,7794,571,,0,,,
div-2026-09-18-197,1789712272,8348,1104,5,1,Works,Minimal,TIMS-225605
div-2026-09-18-199,1789712238,8382,172,,0,,,
div-2026-09-18-208,1789713202,7418,233,17,1,Works,Minimal,TIMS-233994
div-2026-09-18-214,1789712968,7652,242,13,1,Works,Minimal,TIMS-234036
div-2026-09-18-215,1789713501,7119,366,10,1,Works,Minimal,TIMS-234335
div-2026-09-18-224,1789713894,6726,487,7,1,Works,No impact,TIMS-234944
div-2026-09-18-226,1789714044,6576,299,,0,,,
div-2026-09-18-227,1789714150,6470,632,,0,,,
div-2026-09-18-234,1789714260,6360,382,12,1,Works,Minimal,TIMS-227966
div-2026-09-18-236,1789714230,6390,205,124,1,Works,Minimal,TIMS-231314
div-2026-09-18-243,1789714281,6339,153,,0,,,
div-2026-09-18-244,1789714466,6154,429,4,1,Works,Minimal,TIMS-233158
div-2026-09-18-251,1789714788,5832,743,,0,,,
div-2026-09-18-256,1789714973,5647,244,3,1,Works,Minimal,TIMS-232301
div-2026-09-18-260,1789715175,5445,136,,0,,,
div-2026-09-18-265,1789715309,5311,446,,0,,,
div-2026-09-18-270,1789715597,5023,483,,0,,,
div-2026-09-18-273,1789715566,5054,1545,,0,,,
div-2026-09-18-278,1789715961,4659,226,,0,,,
div-2026-09-18-283,1789715871,4749,468,1188,0,,,
div-2026-09-18-289,1789716475,4145,284,,0,,,
div-2026-09-18-304,1789717103,3517,263,192,1,Works,Minimal,TIMS-234447
div-2026-09-18-312,1789716892,3728,661,,0,,,
div-2026-09-18-320,1789717371,3249,129,837,0,,,
div-2026-09-18-327,1789717233,3387,382,,0,,,
div-2026-09-18-331,1789717961,2659,363,,0,,,
div-2026-09-18-332,1789717816,2804,584,,0,,,
div-2026-09-18-337,1789718164,2456,472,363,0,,,
div-2026-09-18-338,1789718437,2183,365,,0,,,
div-2026-09-18-344,1789718427,2193,764,37,1,Works,Minimal,TIMS-221115
div-2026-09-18-352,1789718649,1971,738,14,1,Works,Minimal,TIMS-232421
div-2026-09-18-354,1789718968,1652,498,,0,,,
div-2026-09-18-362,1789719163,1457,146,1218,0,,,
div-2026-09-18-365,1789719078,1542,286,,0,,,
div-2026-09-18-373,1789719478,1142,507,209,1,Works,Moderate,TIMS-230857
div-2026-09-18-377,1789719885,735,236,,0,,,
div-2026-09-18-378,1789719989,631,101,,0,,,
div-2026-09-18-384,1789720149,471,360,,0,,,
div-2026-09-18-388,1789720375,245,173,321,0,,,
div-2026-09-18-396,1789720746,126,434,,0,,,
div-2026-09-18-399,1789720945,325,596,,0,,,
div-2026-09-18-401,1789720869,249,346,,0,,,
div-2026-09-18-405,1789721196,576,593,,0,,,
div-2026-09-18-413,1789721456,836,718,,0,,,
div-2026-09-18-415,1789721201,581,422,,0,,,
div-2026-09-18-416,1789721366,746,214,4,1,Works,Minimal,TIMS-233158
div-2026-09-18-417,1789721456,836,327,,0,,,
div-2026-09-18-425,1789721738,1118,296,,0,,,
div-2026-09-18-430,1789721997,1377,585,,0,,,
div-2026-09-18-438,1789722064,1444,308,,0,,,
div-2026-09-18-439,1789721888,1268,550,,0,,,
div-2026-09-18-442,1789722116,1496,200,581,0,,,
div-2026-09-18-445,1789722175,1555,868,,0,,,
div-2026-09-18-450,1789722609,1989,283,,0,,,
div-2026-09-18-451,1789722372,1752,284,9,1,Works,Minimal,TIMS-234945
div-2026-09-18-455,1789722790,2170,93,,0,,,
div-2026-09-18-457,1789722386,1766,23,96,1,Works,Minimal,TIMS-234060
div-2026-09-18-464,1789722237,1617,260,2110,0,,,
div-2026-09-18-473,1789723683,3063,251,,0,,,
div-2026-09-18-479,1789723771,3151,237,910,0,,,
div-2026-09-18-486,1789724300,3680,404,,0,,,
div-2026-09-18-489,1789724418,3798,227,,0,,,
div-2026-09-18-498,1789724740,4120,327,,0,,,
div-2026-09-18-503,1789724633,4013,261,,0,,,
div-2026-09-18-505,1789724663,4043,285,349,0,,,
div-2026-09-18-506,1789724705,4085,347,,0,,,
div-2026-09-18-508,1789724729,4109,452,121,1,Works,Minimal,TIMS-231314
div-2026-09-18-514,1789725143,4523,486,,0,,,
div-2026-09-18-515,1789725199,4579,142,1218,0,,,
div-2026-09-18-518,1789724948,4328,151,160,1,Collisions,Minimal,TIMS-235083
div-2026-09-18-522,1789725123,4503,498,351,0,,,
div-2026-09-18-529,1789725371,4751,224,,0,,,
div-2026-09-18-530,1789725601,4981,959,,0,,,
div-2026-09-18-536,1789726143,5523,310,,0,,,
div-2026-09-18-540,1789725904,5284,51,85,1,Works,Minimal,TIMS-234060
div-2026-09-18-552,1789726406,5786,257,5,1,Works,Minimal,TIMS-235001
div-2026-09-18-561,1789726710,6090,406,,0,,,
div-2026-09-18-564,1789727081,6461,372,,0,,,
div-2026-09-18-565,1789727321,6701,358,,0,,,
div-2026-09-18-567,1789727373,6753,202,,0,,,
div-2026-09-18-572,1789727414,6794,252,329,0,,,
div-2026-09-18-573,1789727609,6989,214,615,0,,,
div-2026-09-18-590,1789728152,7532,166,,0,,,
div-2026-09-18-597,1789728907,8287,205,,0,,,
div-2026-09-18-605,1789728752,8132,159,,0,,,
div-2026-09-18-606,1789729145,8525,660,,0,,,
div-2026-09-18-607,1789729330,8710,672,,0,,,
div-2026-09-18-611,1789729399,8779,352,,0,,,
div-2026-09-18-615,1789729428,8808,550,,0,,,
div-2026-09-18-622,1789729877,9257,146,1218,0,,,
div-2026-09-18-625,1789729823,9203,284,349,0,,,
div-2026-09-18-637,1789730211,9591,120,1336,0,,,
div-2026-09-18-638,1789730174,9554,237,910,0,,,
div-2026-09-18-647,1789730427,9807,359,,0,,,
div-2026-09-18-648,1789729980,9360,89,3007,0,,,
div-2026-09-18-650,1789730299,9679,221,17,1,Works,Minimal,TIMS-233994
div-2026-09-18-653,1789730583,9963,367,,0,,,
div-2026-09-18-658,1789730956,10336,561,,0,,,
div-2026-09-18-660,1789731137,10517,208,630,0,,,
div-2026-09-18-683,1789731922,10298,333,,0,,,
div-2026-09-18-684,1789732221,9999,287,,0,,,
div-2026-09-18-701,1789733069,9151,210,4,1,Works,Minimal,TIMS-233158
div-2026-09-18-702,1789733264,8956,585,,0,,,
div-2026-09-18-704,1789733147,9073,1048,,0,,,
div-2026-09-18-724,1789733654,8566,436,161,1,Works,Minimal,TIMS-231314
div-2026-09-18-733,1789734203,8017,354,,0,,,
div-2026-09-18-741,1789734474,7746,190,,0,,,
div-2026-09-18-746,1789734745,7475,144,1218,0,,,
div-2026-09-18-754,1789734836,7384,222,,0,,,
div-2026-09-18-762,1789735367,6853,305,,0,,,
div-2026-09-18-763,1789735055,7165,248,2,1,Works,Minimal,TIMS-234276
div-2026-09-18-768,1789735579,6641,371,,0,,,
div-2026-09-18-780,1789735725,6495,211,,0,,,
div-2026-09-18-782,1789735783,6437,273,,0,,,
div-2026-09-18-783,1789735837,6383,475,,0,,,
div-2026-09-18-784,1789735911,6309,425,,0,,,
div-2026-09-18-786,1789735692,6528,108,85,1,Works,Moderate,TIMS-234060
div-2026-09-18-790,1789735783,6437,896,8,1,Emergency service incidents,Moderate,TIMS-235108
div-2026-09-18-804,1789736699,5521,554,5,1,Works,Minimal,TIMS-235001
div-2026-09-18-807,1789736617,5603,185,9,1,Collisions,Moderate,TIMS-235106
div-2026-09-18-813,1789737253,4967,930,,0,,,
div-2026-09-18-817,1789737316,4904,468,,0,,,
div-2026-09-18-821,1789737529,4691,447,14,1,Works,Minimal,TIMS-234421
div-2026-09-18-825,1789737279,4941,1022,0,1,Planned events,Moderate,TIMS-234423
div-2026-09-18-826,1789737531,4689,204,,0,,,
div-2026-09-18-837,1789737989,4231,339,,0,,,
div-2026-09-18-856,1789738760,3460,316,,0,,,
div-2026-09-18-863,1789739102,3118,356,437,0,,,
div-2026-09-18-873,1789738901,3319,262,,0,,,
div-2026-09-18-875,1789739607,2613,456,,0,,,
div-2026-09-18-884,1789739785,2435,405,10,1,Works,Minimal,TIMS-234335
div-2026-09-18-887,1789739300,2920,230,17,1,Works,Minimal,TIMS-233994
div-2026-09-18-892,1789740130,2090,475,,0,,,
div-2026-09-18-902,1789740771,1449,146,1218,0,,,
div-2026-09-18-906,1789740845,1375,144,,0,,,
div-2026-09-18-911,1789741065,1155,120,1336,0,,,
div-2026-09-18-913,1789739907,2313,161,,0,,,
div-2026-09-18-920,1789741071,1149,1027,,0,,,
div-2026-09-18-936,1789741709,511,251,2,1,Works,Minimal,TIMS-234276
div-2026-09-18-945,1789741798,422,494,,0,,,
div-2026-09-18-960,1789741818,402,124,,0,,,
div-2026-09-18-964,1789742264,44,670,225,1,Works,Minimal,TIMS-233235
div-2026-09-18-965,1789742440,220,362,,0,,,
div-2026-09-18-973,1789742427,207,252,2,1,Works,Minimal,TIMS-234276
div-2026-09-18-986,1789742625,405,302,443,0,,,
div-2026-09-18-987,1789743167,947,1559,,0,,,
div-2026-09-18-988,1789742073,147,172,2108,0,,,
div-2026-09-18-990,1789742933,713,186,9,1,Collisions,Moderate,TIMS-235106
div-2026-09-18-1000,1789743434,1214,448,121,1,Works,Minimal,TIMS-231314
div-2026-09-18-1006,1789743918,1698,808,,0,,,
div-2026-09-18-1010,1789743944,1724,442,,0,,,
div-2026-09-18-1013,1789743256,1036,391,157,1,Works,Minimal,TIMS-227966
div-2026-09-18-1016,1789744127,1907,296,,0,,,
div-2026-09-18-1019,1789744123,1903,233,,0,,,
div-2026-09-18-1020,1789744206,1986,558,,0,,,
div-2026-09-18-1022,1789744094,1874,285,349,0,,,
div-2026-09-18-1028,1789744265,2045,1085,,0,,,
div-2026-09-18-1039,1789744300,2080,715,111,1,Works,Moderate,TIMS-234060
div-2026-09-18-1057,1789744457,2237,86,,0,,,
div-2026-09-18-1063,1789745400,3180,248,,0,,,
div-2026-09-18-1075,1789745687,3467,277,8,1,Works,Minimal,TIMS-227966
div-2026-09-18-1080,1789746181,3961,146,1218,0,,,
div-2026-09-18-1093,1789746345,4125,301,472,0,,,
div-2026-09-18-1105,1789746477,4257,255,5,1,Works,Minimal,TIMS-235001
div-2026-09-18-1107,1789746926,4706,171,321,0,,,
div-2026-09-18-1116,1789746177,3957,384,,0,,,
div-2026-09-18-1118,1789747109,4889,299,,0,,,
div-2026-09-18-1120,1789746127,3907,214,20,1,Works,Minimal,TIMS-231314
div-2026-09-18-1125,1789747333,5113,239,,0,,,
div-2026-09-18-1131,1789747528,5308,275,159,1,Works,Minimal,TIMS-233205
div-2026-09-18-1136,1789747787,5567,572,,0,,,
div-2026-09-18-1139,1789747852,5632,386,73,1,Works,Moderate,TIMS-234936
div-2026-09-18-1145,1789747943,5723,711,9,1,Works,Minimal,TIMS-221924
div-2026-09-18-1147,1789747984,5764,301,443,0,,,
div-2026-09-18-1154,1789748633,6413,427,,0,,,
div-2026-09-18-1159,1789748073,5853,224,17,1,Works,Minimal,TIMS-233994
div-2026-09-18-1165,1789749038,6818,230,,0,,,
div-2026-09-18-1166,1789749437,7217,251,,0,,,
div-2026-09-18-1170,1789749398,7178,245,,0,,,
div-2026-09-18-1174,1789749591,7371,525,780,0,,,
div-2026-09-18-1191,1789749603,7383,187,,0,,,
div-2026-09-18-1196,1789750175,7955,711,968,0,,,
div-2026-09-18-1209,1789750820,8600,406,,0,,,
div-2026-09-18-1211,1789750987,8767,229,,0,,,
div-2026-09-18-1223,1789750967,8747,471,13,1,Works,Minimal,TIMS-234036
div-2026-09-18-1228,1789751048,8828,340,196,1,Works,Minimal,TIMS-232574
div-2026-09-18-1237,1789751647,9427,287,,0,,,
div-2026-09-18-1251,1789752419,10199,147,1218,0,,,
div-2026-09-18-1252,1789752451,10231,418,,0,,,
div-2026-09-18-1257,1789752398,10178,729,1338,0,,,
div-2026-09-18-1259,1789752610,10390,301,543,0,,,
div-2026-09-18-1260,1789752367,10147,227,,0,,,
div-2026-09-18-1262,1789752812,10592,620,,0,,,
div-2026-09-18-1266,1789752925,10705,254,,0,,,
div-2026-09-18-1272,1789752801,10581,476,,0,,,
div-2026-09-18-1278,1789754101,9719,464,,0,,,
div-2026-09-18-1290,1789753985,9835,383,,0,,,
div-2026-09-18-1291,1789754014,9806,549,,0,,,
div-2026-09-18-1297,1789754945,8875,564,,0,,,
div-2026-09-18-1305,1789754889,8931,409,91,1,Works,Minimal,TIMS-233091
div-2026-09-18-1309,1789755372,8448,508,,0,,,
div-2026-09-18-1324,1789755771,8049,711,6,1,Works,Moderate,TIMS-233221
div-2026-09-18-1328,1789755728,8092,174,592,0,,,
div-2026-09-18-1330,1789756115,7705,231,,0,,,
div-2026-09-18-1332,1789756205,7615,563,482,0,,,
div-2026-09-18-1344,1789756593,7227,246,,0,,,
div-2026-09-18-1346,1789756536,7284,636,,0,,,
div-2026-09-18-1347,1789756520,7300,1,1469,0,,,
div-2026-09-18-1352,1789757405,6415,461,,0,,,
div-2026-09-18-1368,1789757840,5980,480,,0,,,
div-2026-09-18-1369,1789757573,6247,1264,6,1,Works,Moderate,TIMS-233221
div-2026-09-18-1372,1789758064,5756,574,,0,,,
div-2026-09-18-1375,1789758317,5503,366,,0,,,
div-2026-09-18-1379,1789758488,5332,697,,0,,,
div-2026-09-18-1384,1789758438,5382,517,2,1,Works,Minimal,TIMS-234276
div-2026-09-18-1386,1789758370,5450,512,,0,,,
div-2026-09-18-1388,1789758795,5025,337,662,0,,,
div-2026-09-18-1389,1789758850,4970,237,910,0,,,
div-2026-09-18-1397,1789759154,4666,552,,0,,,
div-2026-09-18-1401,1789759603,4217,202,,0,,,
div-2026-09-18-1403,1789759518,4302,1028,2,1,Works,Minimal,TIMS-234689
div-2026-09-18-1416,1789760613,3207,365,,0,,,
div-2026-09-18-1422,1789761185,2635,588,,0,,,
div-2026-09-18-1424,1789761129,2691,629,8,1,Collisions,Minimal,TIMS-235123
div-2026-09-18-1433,1789761248,2572,672,10,1,Collisions,Moderate,TIMS-235121
div-2026-09-18-1436,1789761372,2448,320,13,1,Collisions,Moderate,TIMS-235121
div-2026-09-18-1441,1789761585,2235,540,11,1,Collisions,Moderate,TIMS-235121
div-2026-09-18-1444,1789762468,1352,338,662,0,,,
div-2026-09-18-1447,1789762529,1291,523,8,1,Works,Minimal,TIMS-234689
div-2026-09-18-1453,1789762663,1157,439,12,1,Collisions,Minimal,TIMS-235123
div-2026-09-18-1471,1789764046,226,307,543,0,,,
div-2026-09-18-1476,1789764424,604,535,,0,,,
div-2026-09-18-1477,1789763948,128,264,,0,,,
div-2026-09-18-1481,1789764725,905,508,8,1,Works,Minimal,TIMS-232627
div-2026-09-18-1486,1789765004,1184,664,14,1,Works,Minimal,TIMS-233235
div-2026-09-18-1492,1789765750,1930,408,,0,,,
div-2026-09-18-1504,1789765771,1951,418,0,1,Works,Minimal,TIMS-234276
div-2026-09-18-1507,1789765833,2013,766,2,1,Works,Moderate,TIMS-206772
div-2026-09-18-1509,1789765717,1897,512,12,1,Planned events,Minimal,TIMS-234423
div-2026-09-18-1512,1789766410,2590,253,27,1,Works,Minimal,TIMS-234036
div-2026-09-18-1515,1789766721,2901,242,,0,,,
div-2026-09-18-1521,1789766950,3130,202,443,0,,,
div-2026-09-18-1526,1789767207,3387,239,,0,,,
div-2026-09-18-1529,1789766993,3173,181,12,1,Collisions,Minimal,TIMS-235123
div-2026-09-18-1535,1789767736,3916,381,41,1,Works,Minimal,TIMS-234751
div-2026-09-18-1540,1789768167,4347,578,,0,,,
div-2026-09-18-1545,1789768119,4299,809,,0,,,
div-2026-09-18-1552,1789769018,5198,477,,0,,,
div-2026-09-18-1553,1789769237,5417,502,,0,,,
div-2026-09-18-1560,1789769632,5812,432,8,1,Collisions,Minimal,TIMS-235123
div-2026-09-18-1562,1789769667,5847,686,,0,,,
div-2026-09-18-1563,1789769776,5956,643,,0,,,
div-2026-09-18-1567,1789769929,6109,1115,,0,,,
div-2026-09-18-1579,1789770829,7009,308,529,0,,,
div-2026-09-18-1585,1789771321,7501,245,,0,,,
div-2026-09-18-1599,1789772551,8731,245,476,0,,,
div-2026-09-18-1606,1789773343,9523,1164,,0,,,
div-2026-09-19-14,1789777830,7590,250,32,1,Works,Minimal,TIMS-234036
div-2026-09-19-39,1789780698,4722,254,13,1,Works,Minimal,TIMS-226199
div-2026-09-19-41,1789780976,4444,515,,0,,,
div-2026-09-19-49,1789782377,3043,278,,0,,,
div-2026-09-19-56,1789783841,1579,1870,,0,,,
div-2026-09-19-61,1789784628,792,511,5,1,Works,Minimal,TIMS-235001
div-2026-09-19-62,1789784964,456,727,,0,,,
div-2026-09-19-63,1789784992,428,249,32,1,Works,Minimal,TIMS-234036
div-2026-09-19-72,1789785698,278,259,,0,,,
div-2026-09-19-74,1789785802,382,263,9,1,Emergency service incidents,Minimal,TIMS-235132
div-2026-09-19-77,1789786435,1015,1757,,0,,,
div-2026-09-19-81,1789787786,2366,175,331,0,,,
div-2026-09-19-82,1789788207,2787,295,78,1,Collisions,Minimal,TIMS-235129
div-2026-09-19-83,1789788488,3068,516,,0,,,
div-2026-09-19-91,1789789404,3984,799,3,1,Emergency service incidents,Minimal,TIMS-235132
div-2026-09-19-92,1789789653,4233,252,2,1,Works,Minimal,TIMS-234689
div-2026-09-19-93,1789789891,4471,580,,0,,,
div-2026-09-19-96,1789790298,4878,309,,0,,,
div-2026-09-19-99,1789790663,5243,202,216,1,Works,Minimal,TIMS-234945
div-2026-09-19-100,1789790683,5263,609,,0,,,
div-2026-09-19-109,1789791269,5849,266,3,1,Emergency service incidents,Minimal,TIMS-235132
div-2026-09-19-114,1789792274,6854,873,,0,,,
div-2026-09-19-125,1789792729,7309,750,2,1,Works,Moderate,TIMS-206772
div-2026-09-19-131,1789793637,8217,642,,0,,,
div-2026-09-19-136,1789793941,8521,366,,0,,,
div-2026-09-19-139,1789793924,8504,502,5,1,Works,Minimal,TIMS-235001
div-2026-09-19-143,1789794109,8689,258,,0,,,
div-2026-09-19-147,1789794374,8954,926,4,1,Works,Minimal,TIMS-231535
div-2026-09-19-153,1789794818,9398,320,,0,,,
div-2026-09-19-160,1789795656,10236,273,,0,,,
div-2026-09-19-168,1789796135,10715,1812,26,1,Works,Minimal,TIMS-226199
div-2026-09-19-172,1789796239,10781,415,,0,,,
div-2026-09-19-173,1789796067,10647,637,,0,,,
div-2026-09-19-174,1789796263,10757,695,,0,,,
div-2026-09-19-198,1789797543,9477,482,,0,,,
div-2026-09-19-200,1789797782,9238,235,,0,,,
div-2026-09-19-206,1789797825,9195,849,7,1,Works,Minimal,TIMS-234447
div-2026-09-19-208,1789797678,9342,254,906,0,,,
div-2026-09-19-215,1789798121,8899,221,,0,,,
div-2026-09-19-216,1789798301,8719,104,,0,,,
div-2026-09-19-218,1789798650,8370,423,,0,,,
div-2026-09-19-233,1789799540,7480,361,,0,,,
div-2026-09-19-241,1789799981,7039,1087,,0,,,
div-2026-09-19-242,1789799928,7092,1650,11,1,Works,Minimal,TIMS-234743
div-2026-09-19-256,1789800829,6191,390,11,1,Works,Minimal,TIMS-234743
div-2026-09-19-263,1789801117,5903,253,179,1,Works,Minimal,TIMS-234036
div-2026-09-19-266,1789800662,6358,172,2108,0,,,
div-2026-09-19-267,1789801535,5485,472,,0,,,
div-2026-09-19-271,1789801686,5334,232,3,1,Works,Minimal,TIMS-232301
div-2026-09-19-273,1789802116,4904,144,,0,,,
div-2026-09-19-277,1789802194,4826,528,515,0,,,
div-2026-09-19-293,1789803171,3849,181,,0,,,
div-2026-09-19-296,1789803115,3905,233,5,1,Works,Minimal,TIMS-235001
div-2026-09-19-300,1789803777,3243,256,,0,,,
div-2026-09-19-301,1789803431,3589,487,155,1,Works,Minimal,TIMS-234243
div-2026-09-19-302,1789803812,3208,2350,,0,,,
div-2026-09-19-308,1789804341,2679,364,,0,,,
div-2026-09-19-326,1789805369,1651,1602,,0,,,
div-2026-09-19-344,1789806201,819,363,,0,,,
div-2026-09-19-354,1789806602,418,535,,0,,,
div-2026-09-19-359,1789806587,433,242,17,1,Works,Minimal,TIMS-233994
div-2026-09-19-367,1789807115,95,503,,0,,,
div-2026-09-19-393,1789808336,1316,297,,0,,,
div-2026-09-19-394,1789808236,1216,442,124,1,Works,Minimal,TIMS-231314
div-2026-09-19-397,1789808571,1551,451,,0,,,
div-2026-09-19-399,1789808245,1225,258,,0,,,
div-2026-09-19-402,1789808896,1876,869,,0,,,
div-2026-09-19-404,1789808669,1649,654,336,0,,,
div-2026-09-19-414,1789809005,1985,724,,0,,,
div-2026-09-19-415,1789809239,2219,460,,0,,,
div-2026-09-19-423,1789809472,2452,1931,,0,,,
div-2026-09-19-435,1789809885,2865,960,,0,,,
div-2026-09-19-440,1789810354,3334,273,,0,,,
div-2026-09-19-447,1789810511,3491,564,,0,,,
div-2026-09-19-448,1789810194,3174,606,,0,,,
div-2026-09-19-459,1789811106,4086,702,,0,,,
div-2026-09-19-462,1789811109,4089,218,20,1,Works,Minimal,TIMS-231314
div-2026-09-19-485,1789812094,5074,505,,0,,,
div-2026-09-19-497,1789812350,5330,249,17,1,Works,Minimal,TIMS-233994
div-2026-09-19-504,1789812800,5780,309,,0,,,
div-2026-09-19-513,1789813448,6428,826,,0,,,
div-2026-09-19-514,1789813420,6400,904,,0,,,
div-2026-09-19-522,1789813580,6560,394,11,1,Works,Minimal,TIMS-234743
div-2026-09-19-524,1789813577,6557,712,,0,,,
div-2026-09-19-536,1789814022,7002,473,9,1,Works,Minimal,TIMS-234751
div-2026-09-19-539,1789814668,7648,142,,0,,,
div-2026-09-19-542,1789814497,7477,581,9,1,Works,Minimal,TIMS-230452
div-2026-09-19-545,1789815180,8160,306,,0,,,
div-2026-09-19-555,1789815136,8116,368,20,1,Collisions,Minimal,TIMS-235129
div-2026-09-19-558,1789815157,8137,741,191,1,Works,Minimal,TIMS-232627
div-2026-09-19-565,1789815542,8522,1609,5,1,Works,Minimal,TIMS-235001
div-2026-09-19-572,1789815489,8469,712,,0,,,
div-2026-09-19-594,1789816995,9975,341,,0,,,
div-2026-09-19-604,1789817899,10721,359,,0,,,
div-2026-09-19-609,1789818386,10234,720,,0,,,
div-2026-09-19-622,1789818878,9742,364,,0,,,
div-2026-09-19-637,1789819220,9400,708,75,1,Planned events,No impact,TIMS-234546
div-2026-09-19-650,1789819958,8662,115,,0,,,
div-2026-09-19-661,1789820115,8505,247,1358,0,,,
div-2026-09-19-662,1789820391,8229,146,,0,,,
div-2026-09-19-672,1789820938,7682,459,,0,,,
div-2026-09-19-674,1789820755,7865,795,3,1,Works,Minimal,TIMS-232933
div-2026-09-19-675,1789820844,7776,299,,0,,,
div-2026-09-19-677,1789821153,7467,202,216,1,Works,Minimal,TIMS-234945
div-2026-09-19-687,1789821350,7270,513,8,1,Works,Minimal,TIMS-232627
div-2026-09-19-702,1789822031,6589,409,8,1,Works,Minimal,TIMS-219173
div-2026-09-19-703,1789821923,6697,223,17,1,Works,Minimal,TIMS-233994
div-2026-09-19-705,1789822137,6483,352,906,0,,,
div-2026-09-19-708,1789822029,6591,214,643,0,,,
div-2026-09-19-716,1789822756,5864,608,,0,,,
div-2026-09-19-719,1789822876,5744,887,,0,,,
div-2026-09-19-723,1789822685,5935,356,,0,,,
div-2026-09-19-725,1789823030,5590,222,,0,,,
div-2026-09-19-730,1789823208,5412,301,543,0,,,
div-2026-09-19-734,1789823391,5229,286,,0,,,
div-2026-09-19-736,1789823668,4952,179,347,0,,,
div-2026-09-19-746,1789824011,4609,702,,0,,,
div-2026-09-19-749,1789824262,4358,634,,0,,,
div-2026-09-19-750,1789823966,4654,365,114,1,Works,Minimal,TIMS-234060
div-2026-09-19-759,1789824703,3917,251,,0,,,
div-2026-09-19-763,1789824576,4044,451,75,1,Works,Minimal,TIMS-232627
div-2026-09-19-764,1789824719,3901,362,,0,,,
div-2026-09-19-765,1789824708,3912,682,,0,,,
div-2026-09-19-771,1789823238,5382,438,75,1,Planned events,No impact,TIMS-234546
div-2026-09-19-774,1789825071,3549,438,44,1,Works,Moderate,TIMS-230857
div-2026-09-19-779,1789824842,3778,264,,0,,,
div-2026-09-19-803,1789825706,2914,79,,0,,,
div-2026-09-19-807,1789826459,2161,702,18,1,Emergency service incidents,Minimal,TIMS-235158
div-2026-09-19-808,1789826619,2001,671,,0,,,
div-2026-09-19-813,1789826855,1765,906,4,1,Breakdowns,Minimal,TIMS-235157
div-2026-09-19-826,1789825963,2657,812,2,1,Works,Serious,TIMS-206772
div-2026-09-19-828,1789827268,1352,229,,0,,,
div-2026-09-19-847,1789828105,515,657,,0,,,
div-2026-09-19-851,1789828395,225,631,,0,,,
div-2026-09-19-853,1789828203,417,252,2,1,Works,Minimal,TIMS-234276
div-2026-09-19-856,1789828548,72,531,,0,,,
div-2026-09-19-866,1789828448,172,1271,5,1,Planned events,Minimal,TIMS-234849
div-2026-09-19-871,1789828633,13,237,17,1,Works,Minimal,TIMS-233994
div-2026-09-19-875,1789828092,528,439,,0,,,
div-2026-09-19-884,1789829255,635,1032,179,1,Works,Minimal,TIMS-232627
div-2026-09-19-887,1789829633,1013,273,,0,,,
div-2026-09-19-888,1789829527,907,392,11,1,Works,Minimal,TIMS-234743
div-2026-09-19-904,1789830040,1420,348,,0,,,
div-2026-09-19-913,1789829797,1177,306,5,1,Planned events,Minimal,TIMS-234849
div-2026-09-19-922,1789829858,1238,77,227,1,Works,Minimal,TIMS-226462
div-2026-09-19-928,1789831040,2420,144,,0,,,
div-2026-09-19-929,1789830977,2357,211,,0,,,
div-2026-09-19-934,1789830631,2011,364,50,1,Works,Minimal,TIMS-232933
div-2026-09-19-938,1789830614,1994,237,9,1,Planned events,Minimal,TIMS-234849
div-2026-09-19-946,1789831526,2906,285,11,1,Asset issues,Minimal,TIMS-235134
div-2026-09-19-947,1789831642,3022,307,543,0,,,
div-2026-09-19-949,1789831127,2507,338,,0,,,
div-2026-09-19-956,1789831691,3071,457,5,1,Works,Minimal,TIMS-226149
div-2026-09-19-958,1789830758,2138,514,33,1,Works,Serious,TIMS-206772
div-2026-09-19-969,1789832717,4097,664,,0,,,
div-2026-09-19-971,1789832762,4142,200,,0,,,
div-2026-09-19-972,1789832748,4128,477,,0,,,
div-2026-09-19-987,1789833349,4729,453,124,1,Works,Minimal,TIMS-231314
div-2026-09-19-992,1789833371,4751,334,178,1,Works,Minimal,TIMS-234060
div-2026-09-19-997,1789833828,5208,707,18,1,Emergency service incidents,Minimal,TIMS-235158
div-2026-09-19-1006,1789834282,5662,237,19,1,Planned events,No impact,TIMS-234991
div-2026-09-19-1008,1789834350,5730,147,,0,,,
div-2026-09-19-1018,1789834760,6140,392,11,1,Works,Minimal,TIMS-234743
div-2026-09-19-1032,1789834974,6354,284,,0,,,
div-2026-09-19-1035,1789835277,6657,415,,0,,,
div-2026-09-19-1036,1789835341,6721,568,,0,,,
div-2026-09-19-1037,1789835293,6673,845,7,1,Works,Minimal,TIMS-234447
div-2026-09-19-1038,1789835442,6822,498,,0,,,
div-2026-09-19-1041,1789835334,6714,516,,0,,,
div-2026-09-19-1052,1789835266,6646,415,8,1,Works,Minimal,TIMS-219173
div-2026-09-19-1053,1789835795,7175,949,,0,,,
div-2026-09-19-1056,1789835718,7098,233,17,1,Works,Minimal,TIMS-233994
div-2026-09-19-1062,1789836110,7490,272,515,0,,,
div-2026-09-19-1071,1789836534,7914,727,1,1,Works,Minimal,TIMS-223303
div-2026-09-19-1083,1789836992,8372,273,,0,,,
div-2026-09-19-1102,1789837491,8871,420,,0,,,
div-2026-09-19-1105,1789837771,9151,553,,0,,,
div-2026-09-19-1108,1789837038,8418,447,,0,,,
div-2026-09-19-1129,1789838481,9861,406,7,1,Works,Minimal,TIMS-234447
div-2026-09-19-1143,1789839078,10458,312,,0,,,
div-2026-09-19-1146,1789839144,10524,241,726,0,,,
div-2026-09-19-1158,1789839099,10479,471,,0,,,
div-2026-09-19-1168,1789840466,9754,172,321,0,,,
div-2026-09-19-1188,1789841632,8588,437,138,1,Works,Minimal,TIMS-231314
div-2026-09-19-1189,1789841800,8420,273,,0,,,
div-2026-09-19-1214,1789842499,7721,661,,0,,,
div-2026-09-19-1220,1789842267,7953,1213,179,1,Works,Minimal,TIMS-232627
div-2026-09-19-1232,1789843455,6765,225,,0,,,
div-2026-09-19-1236,1789843424,6796,272,8,1,Works,Minimal,TIMS-233255
div-2026-09-19-1239,1789843803,6417,574,,0,,,
div-2026-09-19-1244,1789844242,5978,507,,0,,,
div-2026-09-19-1250,1789844399,5821,241,10,1,Planned events,Minimal,TIMS-233392
div-2026-09-19-1255,1789844979,5241,454,,0,,,
div-2026-09-19-1256,1789844310,5910,296,237,1,Planned events,Serious,TIMS-234452
div-2026-09-19-1261,1789844888,5332,690,,0,,,
div-2026-09-19-1262,1789843940,6280,164,918,0,,,
div-2026-09-19-1267,1789845440,4780,392,11,1,Works,Minimal,TIMS-234743
div-2026-09-19-1283,1789846383,3837,146,,0,,,
div-2026-09-19-1286,1789846584,3636,337,,0,,,
div-2026-09-19-1301,1789847351,2869,232,5,1,Works,Minimal,TIMS-235001
div-2026-09-19-1309,1789848221,1999,474,,0,,,
div-2026-09-19-1318,1789848560,1660,286,,0,,,
div-2026-09-19-1320,1789848823,1397,1659,,0,,,
div-2026-09-19-1321,1789848519,1701,409,7,1,Works,Minimal,TIMS-234447
div-2026-09-19-1336,1789849316,904,336,,0,,,
div-2026-09-19-1341,1789849037,1183,359,114,1,Works,Minimal,TIMS-234060
div-2026-09-19-1361,1789850720,500,241,29,1,Works,Minimal,TIMS-233337
div-2026-09-19-1366,1789851013,793,287,349,0,,,
div-2026-09-19-1380,1789852233,2013,408,,0,,,
div-2026-09-19-1384,1789851643,1423,264,,0,,,
div-2026-09-19-1391,1789852797,2577,243,,0,,,
div-2026-09-19-1407,1789853756,3536,710,,0,,,
div-2026-09-19-1408,1789853834,3614,504,,0,,,
div-2026-09-19-1419,1789854325,4105,245,,0,,,
div-2026-09-19-1440,1789855836,5616,344,,0,,,
div-2026-09-19-1444,1789856291,6071,287,349,0,,,
div-2026-09-19-1450,1789856720,6500,520,,0,,,
div-2026-09-19-1453,1789856759,6539,3005,56,1,Works,Minimal,TIMS-233101
div-2026-09-19-1454,1789856960,6740,308,,0,,,
div-2026-09-19-1458,1789857199,6979,1087,,0,,,
div-2026-09-19-1462,1789857142,6922,285,,0,,,
div-2026-09-19-1492,1789860495,10275,248,32,1,Works,Minimal,TIMS-234036
div-2026-09-19-1493,1789860190,9970,344,,0,,,
div-2026-09-20-1,1789862279,9541,191,81,1,Collisions,Minimal,TIMS-235171
div-2026-09-20-17,1789864721,7099,109,,0,,,
div-2026-09-20-29,1789869660,2160,248,32,1,Works,Minimal,TIMS-234036
div-2026-09-20-35,1789871127,693,270,,0,,,
div-2026-09-20-38,1789871599,221,174,321,0,,,
div-2026-09-20-41,1789872381,561,1111,,0,,,
div-2026-09-20-42,1789872823,1003,1294,,0,,,
div-2026-09-20-43,1789873111,1291,155,321,0,,,
div-2026-09-20-46,1789873043,1223,1731,3,1,Works,Minimal,TIMS-234885
div-2026-09-20-47,1789873001,1181,328,19,1,Works,Minimal,TIMS-233235
div-2026-09-20-49,1789873740,1920,516,,0,,,
div-2026-09-20-67,1789876991,5171,609,,0,,,
div-2026-09-20-85,1789879784,7964,202,216,1,Works,Minimal,TIMS-234945
div-2026-09-20-88,1789879307,7487,1203,8,1,Works,Minimal,TIMS-234036
div-2026-09-20-92,1789879942,8122,325,19,1,Works,Minimal,TIMS-233235
div-2026-09-20-94,1789880330,8510,268,,0,,,
div-2026-09-20-100,1789880837,9017,386,,0,,,
div-2026-09-20-103,1789881174,9354,996,,0,,,
div-2026-09-20-110,1789881208,9388,215,159,1,Works,Minimal,TIMS-233205
div-2026-09-20-111,1789881331,9511,336,,0,,,
div-2026-09-20-114,1789881366,9546,713,2,1,Works,Minimal,TIMS-206772
div-2026-09-20-116,1789881662,9842,607,159,1,Collisions,Minimal,TIMS-235171
div-2026-09-20-117,1789882021,10201,514,,0,,,
div-2026-09-20-120,1789881138,9318,633,46,1,Works,Minimal,TIMS-234036
div-2026-09-20-124,1789882396,10576,172,321,0,,,
div-2026-09-20-131,1789882844,10577,751,,0,,,
div-2026-09-20-133,1789883301,10120,462,,0,,,
div-2026-09-20-134,1789883146,10275,633,,0,,,
div-2026-09-20-136,1789883428,9993,312,,0,,,
div-2026-09-20-148,1789884255,9166,631,,0,,,
div-2026-09-20-150,1789884394,9027,213,30,1,Collisions,Minimal,TIMS-235171
div-2026-09-20-152,1789884621,8800,283,,0,,,
div-2026-09-20-159,1789885468,7953,254,,0,,,
div-2026-09-20-163,1789885608,7813,525,9,1,Collisions,Minimal,TIMS-235171
div-2026-09-20-169,1789886475,6946,268,,0,,,
div-2026-09-20-175,1789887060,6361,392,7,1,Works,Minimal,TIMS-234447
div-2026-09-20-184,1789887477,5944,361,,0,,,
div-2026-09-20-188,1789887776,5645,308,,0,,,
div-2026-09-20-194,1789888045,5376,1201,5,1,Works,Minimal,TIMS-232301
div-2026-09-20-201,1789888888,4533,330,,0,,,
div-2026-09-20-204,1789889063,4358,269,860,0,,,
div-2026-09-20-205,1789888917,4504,684,,0,,,
div-2026-09-20-212,1789889451,3970,1671,,0,,,
div-2026-09-20-222,1789890147,3274,207,159,1,Works,Minimal,TIMS-233205
div-2026-09-20-228,1789890458,2963,287,349,0,,,
div-2026-09-20-232,1789890781,2640,1088,,0,,,
div-2026-09-20-243,1789891397,2024,904,143,1,Hazards,Moderate,TIMS-235174
div-2026-09-20-253,1789892014,1407,408,,0,,,
div-2026-09-20-255,1789891520,1901,193,,0,,,
div-2026-09-20-256,1789892541,880,1151,,0,,,
div-2026-09-20-260,1789892276,1145,154,159,1,Works,Minimal,TIMS-233205
div-2026-09-20-263,1789892654,767,518,590,0,,,
div-2026-09-20-274,1789893576,155,348,,0,,,
div-2026-09-20-277,1789893388,33,506,5,1,Works,Minimal,TIMS-232301
div-2026-09-20-279,1789893616,195,1135,5,1,Works,Minimal,TIMS-232301
div-2026-09-20-299,1789894444,1023,197,173,1,Works,Minimal,TIMS-233205
div-2026-09-20-301,1789894958,1537,416,,0,,,
div-2026-09-20-313,1789895458,2037,251,443,0,,,
div-2026-09-20-315,1789895592,2171,202,,0,,,
div-2026-09-20-316,1789895677,2256,246,1688,0,,,
div-2026-09-20-319,1789895670,2249,426,4,1,Works,Minimal,TIMS-232988
div-2026-09-20-334,1789896716,3295,518,590,0,,,
div-2026-09-20-335,1789897036,3615,244,,0,,,
div-2026-09-20-338,1789897104,3683,206,,0,,,
div-2026-09-20-342,1789897474,4053,347,,0,,,
div-2026-09-20-343,1789897323,3902,475,,0,,,
div-2026-09-20-346,1789897357,3936,205,124,1,Works,Minimal,TIMS-231314
div-2026-09-20-353,1789897853,4432,463,,0,,,
div-2026-09-20-357,1789897512,4091,1042,5,1,Works,Minimal,TIMS-233800
div-2026-09-20-364,1789898226,4805,568,349,0,,,
div-2026-09-20-369,1789898545,5124,684,15,1,Collisions,No impact,TIMS-235175
div-2026-09-20-376,1789899255,5834,376,,0,,,
div-2026-09-20-382,1789898672,5251,613,,0,,,
div-2026-09-20-385,1789899614,6193,411,,0,,,
div-2026-09-20-386,1789899399,5978,373,114,1,Works,Minimal,TIMS-234060
div-2026-09-20-387,1789899433,6012,1122,5,1,Works,Minimal,TIMS-232301
div-2026-09-20-389,1789898710,5289,481,3,1,Works,Minimal,TIMS-234885
div-2026-09-20-394,1789899866,6445,725,41,1,Works,Minimal,TIMS-234751
div-2026-09-20-414,1789900942,7521,301,443,0,,,
div-2026-09-20-415,1789900230,6809,252,,0,,,
div-2026-09-20-421,1789901038,7617,125,,0,,,
div-2026-09-20-422,1789901008,7587,485,7,1,Works,No impact,TIMS-234944
div-2026-09-20-424,1789900370,6949,154,159,1,Works,Minimal,TIMS-233205
div-2026-09-20-426,1789901334,7913,211,,0,,,
div-2026-09-20-427,1789901425,8004,460,,0,,,
div-2026-09-20-431,1789901484,8063,303,,0,,,
div-2026-09-20-443,1789900955,7534,307,443,0,,,
div-2026-09-20-446,1789902069,8648,537,8,1,Collisions,Minimal,TIMS-235173
div-2026-09-20-455,1789902616,9195,208,,0,,,
div-2026-09-20-461,1789903009,9588,425,,0,,,
div-2026-09-20-475,1789903634,10213,278,,0,,,
div-2026-09-20-479,1789903914,10493,944,,0,,,
div-2026-09-20-481,1789904031,10610,989,8,1,Collisions,No impact,TIMS-235175
div-2026-09-20-483,1789904079,10658,362,114,1,Works,Minimal,TIMS-234060
div-2026-09-20-515,1789904891,10129,164,2108,0,,,
div-2026-09-20-516,1789905233,9787,231,20,1,Works,Minimal,TIMS-231314
div-2026-09-20-518,1789905995,9025,688,,0,,,
div-2026-09-20-520,1789905629,9391,247,1362,0,,,
div-2026-09-20-522,1789905956,9064,246,,0,,,
div-2026-09-20-523,1789905931,9089,259,,0,,,
div-2026-09-20-526,1789904442,10578,626,,0,,,
div-2026-09-20-532,1789906255,8765,301,443,0,,,
div-2026-09-20-534,1789906529,8491,202,,0,,,
div-2026-09-20-535,1789906339,8681,466,,0,,,
div-2026-09-20-537,1789906546,8474,399,,0,,,
div-2026-09-20-544,1789906755,8265,223,,0,,,
div-2026-09-20-552,1789907416,7604,593,,0,,,
div-2026-09-20-553,1789906420,8600,175,,0,,,
div-2026-09-20-573,1789908300,6720,487,357,0,,,
div-2026-09-20-586,1789908926,6094,283,1527,0,,,
div-2026-09-20-590,1789909086,5934,537,5,1,Works,Minimal,TIMS-232301
div-2026-09-20-592,1789909348,5672,627,,0,,,
div-2026-09-20-597,1789909538,5482,298,,0,,,
div-2026-09-20-599,1789909111,5909,233,20,1,Works,Minimal,TIMS-231314
div-2026-09-20-602,1789909893,5127,536,860,0,,,
div-2026-09-20-603,1789909764,5256,755,13,1,Planned events,Moderate,TIMS-234919
div-2026-09-20-604,1789908609,6411,581,2,1,Works,Minimal,TIMS-206772
div-2026-09-20-605,1789909765,5255,420,253,0,,,
div-2026-09-20-606,1789909994,5026,172,321,0,,,
div-2026-09-20-613,1789909909,5111,815,9,1,Works,Minimal,TIMS-234751
div-2026-09-20-629,1789911318,3702,244,,0,,,
div-2026-09-20-632,1789911563,3457,578,,0,,,
div-2026-09-20-648,1789912020,3000,1014,,0,,,
div-2026-09-20-656,1789912498,2522,309,,0,,,
div-2026-09-20-664,1789912526,2494,311,66,1,Works,Moderate,TIMS-235167
div-2026-09-20-665,1789912832,2188,143,,0,,,
div-2026-09-20-666,1789912705,2315,538,5,1,Works,Minimal,TIMS-232301
div-2026-09-20-668,1789912783,2237,485,7,1,Works,No impact,TIMS-234944
div-2026-09-20-684,1789913760,1260,339,,0,,,
div-2026-09-20-685,1789913362,1658,279,,0,,,
div-2026-09-20-715,1789915612,592,271,,0,,,
div-2026-09-20-717,1789915570,550,100,,0,,,
div-2026-09-20-721,1789915190,170,227,20,1,Works,Minimal,TIMS-231314
div-2026-09-20-729,1789916300,1280,552,,0,,,
div-2026-09-20-735,1789916275,1255,518,177,1,Works,Minimal,TIMS-232627
div-2026-09-20-737,1789916594,1574,464,,0,,,
div-2026-09-20-739,1789916459,1439,303,,0,,,
div-2026-09-20-740,1789916515,1495,271,,0,,,
div-2026-09-20-745,1789916859,1839,399,,0,,,
div-2026-09-20-748,1789917126,2106,200,,0,,,
div-2026-09-20-760,1789917562,2542,795,,0,,,
div-2026-09-20-761,1789918107,3087,413,,0,,,
div-2026-09-20-772,1789918520,3500,365,,0,,,
div-2026-09-20-773,1789918658,3638,209,,0,,,
div-2026-09-20-775,1789918408,3388,448,1269,0,,,
div-2026-09-20-778,1789918581,3561,273,,0,,,
div-2026-09-20-816,1789920279,5259,603,,0,,,
div-2026-09-20-820,1789920721,5701,241,,0,,,
div-2026-09-20-824,1789920992,5972,503,179,1,Works,Minimal,TIMS-234751
div-2026-09-20-829,1789920936,5916,373,276,0,,,
div-2026-09-20-834,1789921368,6348,596,,0,,,
div-2026-09-20-835,1789921069,6049,766,225,1,Works,Minimal,TIMS-234751
div-2026-09-20-844,1789921528,6508,528,,0,,,
div-2026-09-20-853,1789922190,7170,269,,0,,,
div-2026-09-20-855,1789922440,7420,686,,0,,,
div-2026-09-20-864,1789922683,7663,372,443,0,,,
div-2026-09-20-866,1789922788,7768,349,,0,,,
div-2026-09-20-869,1789922716,7696,361,114,1,Works,Minimal,TIMS-234060
div-2026-09-20-872,1789923059,8039,395,,0,,,
div-2026-09-20-875,1789923081,8061,447,1269,0,,,
div-2026-09-20-876,1789923227,8207,259,,0,,,
div-2026-09-20-883,1789923209,8189,226,,0,,,
div-2026-09-20-887,1789923876,8856,464,,0,,,
div-2026-09-20-897,1789923813,8793,351,,0,,,
div-2026-09-20-911,1789925315,10295,236,910,0,,,
div-2026-09-20-920,1789925835,10785,543,5,1,Works,Minimal,TIMS-232301
div-2026-09-20-921,1789925937,10683,506,,0,,,
div-2026-09-20-925,1789926222,10398,281,,0,,,
div-2026-09-20-931,1789926659,9961,491,1688,0,,,
div-2026-09-20-933,1789926580,10040,815,9,1,Works,No impact,TIMS-235187
div-2026-09-20-962,1789928044,8576,358,,0,,,
div-2026-09-20-979,1789927777,8843,164,,0,,,
div-2026-09-20-982,1789928944,7676,586,,0,,,
div-2026-09-20-998,1789929710,6910,317,,0,,,
div-2026-09-20-1008,1789930894,5726,415,,0,,,
div-2026-09-20-1017,1789931052,5568,283,26,1,Works,Minimal,TIMS-234670
div-2026-09-20-1040,1789932665,3955,194,216,1,Works,Minimal,TIMS-234945
div-2026-09-20-1051,1789933066,3554,271,,0,,,
div-2026-09-20-1070,1789933759,2861,129,,0,,,
div-2026-09-20-1071,1789934174,2446,172,321,0,,,
div-2026-09-20-1081,1789934614,2006,416,,0,,,
div-2026-09-20-1104,1789935620,1000,478,,0,,,
div-2026-09-20-1110,1789936538,82,288,,0,,,
div-2026-09-20-1112,1789936838,218,270,,0,,,
div-2026-09-20-1117,1789937395,775,630,,0,,,
div-2026-09-20-1123,1789937597,977,2220,40,1,Works,Minimal,TIMS-233207
div-2026-09-20-1128,1789938268,1648,322,,0,,,
div-2026-09-20-1129,1789938174,1554,352,9,1,Works,No impact,TIMS-235187
div-2026-09-20-1130,1789938276,1656,504,533,0,,,
div-2026-09-20-1146,1789939662,3042,374,,0,,,
div-2026-09-20-1148,1789939849,3229,601,,0,,,
div-2026-09-20-1152,1789939886,3266,460,35,1,Works,Minimal,TIMS-234871
div-2026-09-20-1153,1789940214,3594,202,216,1,Works,Minimal,TIMS-234945
div-2026-09-20-1154,1789940264,3644,337,,0,,,
div-2026-09-20-1177,1789941006,4386,286,26,1,Works,Minimal,TIMS-234670
div-2026-09-20-1179,1789941122,4502,655,,0,,,
div-2026-09-20-1193,1789941669,5049,1294,211,1,Works,Moderate,TIMS-230857
div-2026-09-20-1199,1789942517,5897,438,,0,,,
div-2026-09-20-1204,1789942138,5518,1034,33,1,Works,Minimal,TIMS-206772
div-2026-09-20-1214,1789943352,6732,465,448,0,,,
div-2026-09-20-1220,1789944079,7459,563,9,1,Works,No impact,TIMS-235187
div-2026-09-20-1223,1789944446,7826,314,,0,,,
div-2026-09-21-22,1789950879,7341,294,1369,0,,,
div-2026-09-21-39,1789954282,3938,277,1369,0,,,
div-2026-09-21-40,1789953945,4275,149,,0,,,
div-2026-09-21-47,1789955724,2496,622,13,1,Works,Minimal,TIMS-232301
div-2026-09-21-59,1789957481,739,271,,0,,,
div-2026-09-21-60,1789957945,275,172,321,0,,,
div-2026-09-21-68,1789959202,982,157,,0,,,
div-2026-09-21-71,1789959748,1528,926,,0,,,
div-2026-09-21-74,1789959833,1613,858,,0,,,
div-2026-09-21-79,1789961154,2934,271,,0,,,
div-2026-09-21-83,1789962160,3940,374,5,1,Works,Minimal,TIMS-232301
div-2026-09-21-86,1789962663,4443,372,,0,,,
div-2026-09-21-87,1789962821,4601,1046,,0,,,
div-2026-09-21-89,1789963346,5126,435,,0,,,
div-2026-09-21-91,1789963100,4880,659,,0,,,
div-2026-09-21-95,1789963803,5583,1036,,0,,,
div-2026-09-21-111,1789965230,7010,698,,0,,,
div-2026-09-21-113,1789965565,7345,248,,0,,,
div-2026-09-21-115,1789965795,7575,302,,0,,,
div-2026-09-21-117,1789966086,7866,273,,0,,,
div-2026-09-21-124,1789965856,7636,883,9,1,Works,No impact,TIMS-235187
div-2026-09-21-125,1789966500,8280,413,,0,,,
div-2026-09-21-127,1789966704,8484,635,,0,,,
div-2026-09-21-129,1789966928,8708,365,,0,,,
div-2026-09-21-141,1789967621,9401,502,4,1,Works,Minimal,TIMS-232988
div-2026-09-21-147,1789967726,9506,336,,0,,,
div-2026-09-21-149,1789967842,9622,403,,0,,,
div-2026-09-21-152,1789968020,9800,371,5,1,Works,Minimal,TIMS-232301
div-2026-09-21-163,1789968704,10484,509,11,1,Works,Minimal,TIMS-234587
div-2026-09-21-167,1789969135,10691,234,,0,,,
div-2026-09-21-169,1789969096,10730,349,,0,,,
div-2026-09-21-171,1789969105,10721,816,,0,,,
div-2026-09-21-173,1789969484,10342,454,,0,,,
div-2026-09-21-180,1789969854,9972,464,,0,,,
div-2026-09-21-181,1789969890,9936,198,,0,,,
div-2026-09-21-183,1789969565,10261,899,,0,,,
div-2026-09-21-196,1789970617,9209,1169,5,1,Works,Minimal,TIMS-232301
div-2026-09-21-201,1789971272,8554,746,5,1,Works,Minimal,TIMS-232301
div-2026-09-21-203,1789971301,8525,587,,0,,,
div-2026-09-21-210,1789971316,8510,246,5,1,Works,Minimal,TIMS-231535
div-2026-09-21-218,1789970622,9204,314,104,1,Breakdowns,Severe,TIMS-235196
div-2026-09-21-219,1789971865,7961,303,,0,,,
div-2026-09-21-222,1789972053,7773,1118,,0,,,
div-2026-09-21-226,1789971958,7868,533,867,0,,,
div-2026-09-21-227,1789972130,7696,783,,0,,,
div-2026-09-21-229,1789972170,7656,236,910,0,,,
div-2026-09-21-230,1789972058,7768,948,,0,,,
div-2026-09-21-236,1789972518,7308,564,,0,,,
div-2026-09-21-242,1789972629,7197,844,8,1,Works,Minimal,TIMS-232301
div-2026-09-21-246,1789972555,7271,165,319,0,,,
div-2026-09-21-253,1789972616,7210,664,,0,,,
div-2026-09-21-266,1789973733,6093,273,,0,,,
div-2026-09-21-278,1789974243,5583,475,,0,,,
div-2026-09-21-283,1789974491,5335,287,1481,0,,,
div-2026-09-21-289,1789974594,5232,641,,0,,,
div-2026-09-21-294,1789974885,4941,237,,0,,,
div-2026-09-21-295,1789974809,5017,822,8,1,Works,No impact,TIMS-234802
div-2026-09-21-296,1789974845,4981,355,,0,,,
div-2026-09-21-297,1789974854,4972,411,,0,,,
div-2026-09-21-299,1789974984,4842,314,,0,,,
div-2026-09-21-314,1789975471,4355,689,,0,,,
div-2026-09-21-321,1789975568,4258,225,,0,,,
div-2026-09-21-326,1789975881,3945,493,7,1,Works,Minimal,TIMS-234447
div-2026-09-21-332,1789975962,3864,328,194,1,Works,Minimal,TIMS-234060
div-2026-09-21-336,1789976377,3449,146,,0,,,
div-2026-09-21-342,1789976401,3425,116,,0,,,
div-2026-09-21-354,1789976851,2975,440,138,1,Works,Minimal,TIMS-231314
div-2026-09-21-357,1789976901,2925,590,8,1,Breakdowns,Minimal,TIMS-235200
div-2026-09-21-359,1789976624,3202,326,7,1,Works,Minimal,TIMS-235178
div-2026-09-21-377,1789977265,2561,258,196,1,Works,Minimal,TIMS-232627
div-2026-09-21-378,1789977183,2643,478,19,1,Works,Minimal,TIMS-233235
div-2026-09-21-380,1789977634,2192,223,,0,,,
div-2026-09-21-386,1789977482,2344,611,9,1,Works,No impact,TIMS-235187
div-2026-09-21-398,1789978036,1790,159,332,0,,,
div-2026-09-21-422,1789979464,362,371,31,1,Works,Minimal,TIMS-226199
div-2026-09-21-424,1789979449,377,316,,0,,,
div-2026-09-21-433,1789979976,150,306,,0,,,
div-2026-09-21-440,1789980191,365,346,,0,,,
div-2026-09-21-442,1789980236,410,531,332,0,,,
div-2026-09-21-453,1789980917,1091,584,,0,,,
div-2026-09-21-468,1789981341,1515,1086,9,1,Works,No impact,TIMS-235187
div-2026-09-21-472,1789981683,1857,275,1112,0,,,
div-2026-09-21-484,1789981835,2009,500,4,1,Works,Minimal,TIMS-232988
div-2026-09-21-485,1789982001,2175,316,,0,,,
div-2026-09-21-491,1789982196,2370,651,,0,,,
div-2026-09-21-493,1789982357,2531,780,,0,,,
div-2026-09-21-504,1789982769,2943,101,,0,,,
div-2026-09-21-507,1789982876,3050,202,,0,,,
div-2026-09-21-513,1789983009,3183,328,194,1,Works,Minimal,TIMS-234060
div-2026-09-21-516,1789982234,2408,165,319,0,,,
div-2026-09-21-526,1789983439,3613,536,5,1,Works,Minimal,TIMS-232301
div-2026-09-21-530,1789983628,3802,226,,0,,,
div-2026-09-21-538,1789983992,4166,103,,0,,,
div-2026-09-21-551,1789984554,4728,227,,0,,,
div-2026-09-21-552,1789984371,4545,364,,0,,,
div-2026-09-21-553,1789984432,4606,746,,0,,,
div-2026-09-21-554,1789984557,4731,346,,0,,,
div-2026-09-21-558,1789984301,4475,730,7,1,Works,Minimal,TIMS-233205
div-2026-09-21-567,1789984725,4899,776,179,1,Works,Minimal,TIMS-232627
div-2026-09-21-572,1789984764,4938,1155,15,1,Works,Serious,TIMS-235107
div-2026-09-21-575,1789985282,5456,476,,0,,,
div-2026-09-21-578,1789985180,5354,759,,0,,,
div-2026-09-21-583,1789985459,5633,637,,0,,,
div-2026-09-21-588,1789985513,5687,525,7,1,Works,Minimal,TIMS-234447
div-2026-09-21-598,1789986143,6317,368,,0,,,
div-2026-09-21-607,1789986398,6572,442,124,1,Works,Minimal,TIMS-231314
div-2026-09-21-608,1789986756,6930,273,,0,,,
div-2026-09-21-613,1789986512,6686,1742,15,1,Works,Serious,TIMS-235107
div-2026-09-21-614,1789986812,6986,256,,0,,,
div-2026-09-21-618,1789987164,7338,200,,0,,,
div-2026-09-21-620,1789987155,7329,275,1112,0,,,
div-2026-09-21-621,1789986902,7076,473,,0,,,
div-2026-09-21-623,1789987197,7371,285,267,0,,,
div-2026-09-21-627,1789987507,7681,205,124,1,Works,Minimal,TIMS-231314
div-2026-09-21-634,1789987969,8143,476,,0,,,
div-2026-09-21-648,1789988505,8679,298,,0,,,
div-2026-09-21-649,1789988525,8699,459,,0,,,
div-2026-09-21-651,1789988469,8643,505,5,1,Works,Minimal,TIMS-232301
div-2026-09-21-652,1789988552,8726,279,,0,,,
div-2026-09-21-654,1789988722,8896,581,,0,,,
div-2026-09-21-659,1789988825,8999,347,,0,,,
div-2026-09-21-679,1789989770,9944,470,,0,,,
div-2026-09-21-685,1789990115,10289,598,,0,,,
div-2026-09-21-686,1789990027,10201,317,,0,,,
div-2026-09-21-692,1789990216,10390,357,,0,,,
div-2026-09-21-695,1789990346,10520,237,910,0,,,
div-2026-09-21-696,1789990622,10796,562,1481,0,,,
div-2026-09-21-703,1789990821,10599,100,,0,,,
div-2026-09-21-707,1789991007,10413,544,155,1,Works,Minimal,TIMS-232211
div-2026-09-21-730,1789991730,9690,223,,0,,,
div-2026-09-21-732,1789991940,9480,600,,0,,,
div-2026-09-21-733,1789991649,9771,396,179,1,Works,Minimal,TIMS-232627
div-2026-09-21-734,1789992191,9229,273,,0,,,
div-2026-09-21-742,1789992520,8900,366,,0,,,
div-2026-09-21-744,1789992709,8711,230,369,0,,,
div-2026-09-21-747,1789992532,8888,235,,0,,,
div-2026-09-21-749,1789992839,8581,773,,0,,,
div-2026-09-21-752,1789992432,8988,697,,0,,,
div-2026-09-21-759,1789993197,8223,273,,0,,,
div-2026-09-21-762,1789993315,8105,238,,0,,,
div-2026-09-21-763,1789993421,7999,346,,0,,,
div-2026-09-21-765,1789993548,7872,202,,0,,,
div-2026-09-21-773,1789993717,7703,414,6,1,Works,Minimal,TIMS-233221
div-2026-09-21-776,1789994240,7180,173,321,0,,,
div-2026-09-21-786,1789994359,7061,367,114,1,Works,Minimal,TIMS-234060
div-2026-09-21-798,1789994523,6897,530,217,1,Works,Minimal,TIMS-226462
div-2026-09-21-801,1789994993,6427,237,,0,,,
div-2026-09-21-806,1789995187,6233,483,8,1,Works,No impact,TIMS-234802
div-2026-09-21-817,1789995642,5778,438,146,1,Works,Minimal,TIMS-231314
div-2026-09-21-827,1789996436,4984,413,910,0,,,
div-2026-09-21-836,1789996777,4643,537,2,1,Works,Minimal,TIMS-234276
div-2026-09-21-839,1789996381,5039,167,319,0,,,
div-2026-09-21-840,1789997274,4146,273,,0,,,
div-2026-09-21-845,1789997421,3999,574,,0,,,
div-2026-09-21-867,1789998386,3034,555,,0,,,
div-2026-09-21-874,1789998189,3231,4333,12,1,Works,Minimal,TIMS-234947
div-2026-09-21-886,1789999016,2404,293,,0,,,
div-2026-09-21-892,1789999311,2109,444,,0,,,
div-2026-09-21-895,1789999314,2106,406,4,1,Works,Minimal,TIMS-234822
div-2026-09-21-898,1789999086,2334,1193,55,1,Works,Minimal,TIMS-235229
div-2026-09-21-901,1789999490,1930,804,9,1,Works,No impact,TIMS-235187
div-2026-09-21-903,1789999303,2117,361,1318,0,,,
div-2026-09-21-912,1789999877,1543,448,,0,,,
div-2026-09-21-913,1789999902,1518,101,,0,,,
div-2026-09-21-918,1790000070,1350,120,1336,0,,,
div-2026-09-21-926,1790000318,1102,507,,0,,,
div-2026-09-21-928,1790000498,922,754,,0,,,
div-2026-09-21-935,1790000067,1353,294,,0,,,
div-2026-09-21-936,1790000856,564,809,,0,,,
div-2026-09-21-941,1790001048,372,286,1481,0,,,
div-2026-09-21-950,1790001039,381,397,,0,,,
div-2026-09-21-951,1790001020,400,663,319,0,,,
div-2026-09-21-955,1790001428,8,507,5,1,Works,Minimal,TIMS-232301
div-2026-09-21-966,1790001409,11,354,121,1,Works,Minimal,TIMS-234060
div-2026-09-21-974,1790001862,442,277,15,1,Works,Minimal,TIMS-227966
div-2026-09-21-978,1790001711,291,779,196,1,Works,Minimal,TIMS-232627
div-2026-09-21-980,1790001874,454,447,4,1,Works,Minimal,TIMS-232988
div-2026-09-21-988,1790002129,709,242,8,1,Works,No impact,TIMS-234944
div-2026-09-21-990,1790002529,1109,462,,0,,,
div-2026-09-21-1008,1790002970,1550,535,,0,,,
div-2026-09-21-1025,1790003635,2215,174,321,0,,,
div-2026-09-21-1027,1790003751,2331,563,482,0,,,
div-2026-09-21-1032,1790004117,2697,146,,0,,,
div-2026-09-21-1039,1790004238,2818,260,,0,,,
div-2026-09-21-1043,1790004689,3269,397,1133,0,,,
div-2026-09-21-1049,1790004999,3579,254,,0,,,
div-2026-09-21-1063,1790005569,4149,236,910,0,,,
div-2026-09-21-1083,1790006089,4669,226,,0,,,
div-2026-09-21-1084,1790006279,4859,685,13,1,Works,Minimal,TIMS-220784
div-2026-09-21-1087,1790006619,5199,456,,0,,,
div-2026-09-21-1088,1790006629,5209,609,31,1,Works,Minimal,TIMS-226199
div-2026-09-21-1089,1790006086,4666,364,1318,0,,,
div-2026-09-21-1090,1790006588,5168,429,,0,,,
div-2026-09-21-1093,1790006418,4998,205,124,1,Works,Minimal,TIMS-231314
div-2026-09-21-1094,1790006621,5201,384,7,1,Works,Minimal,TIMS-234447
div-2026-09-21-1105,1790006587,5167,258,8,1,Works,Minimal,TIMS-234038
div-2026-09-21-1109,1790006712,5292,239,5,1,Works,Minimal,TIMS-226149
div-2026-09-21-1111,1790007266,5846,485,,0,,,
div-2026-09-21-1114,1790007529,6109,235,,0,,,
div-2026-09-21-1115,1790007437,6017,440,4,1,Works,Minimal,TIMS-232988
div-2026-09-21-1123,1790008235,6815,273,,0,,,
div-2026-09-21-1126,1790008372,6952,1293,7,1,Works,Moderate,TIMS-235107
div-2026-09-21-1136,1790008422,7002,347,,0,,,
div-2026-09-21-1142,1790007919,6499,209,,0,,,
div-2026-09-21-1144,1790008837,7417,644,,0,,,
div-2026-09-21-1147,1790008774,7354,344,,0,,,
div-2026-09-21-1148,1790008864,7444,459,,0,,,
div-2026-09-21-1150,1790008984,7564,404,,0,,,
div-2026-09-21-1154,1790008949,7529,364,,0,,,
div-2026-09-21-1165,1790009176,7756,500,,0,,,
div-2026-09-21-1176,1790009870,8450,571,,0,,,
div-2026-09-21-1189,1790010457,9037,539,,0,,,
div-2026-09-21-1198,1790010118,8698,211,8,1,Works,Minimal,TIMS-234038
div-2026-09-21-1209,1790011096,9676,336,1106,0,,,
div-2026-09-21-1214,1790011332,9912,578,,0,,,
div-2026-09-21-1215,1790010918,9498,529,91,1,Works,Minimal,TIMS-233091
div-2026-09-21-1219,1790011395,9975,241,8,1,Works,No impact,TIMS-234944
div-2026-09-21-1225,1790011928,10508,204,138,1,Works,Minimal,TIMS-231314
div-2026-09-21-1226,1790012211,10791,560,,0,,,
div-2026-09-21-1228,1790011594,10174,226,,0,,,
div-2026-09-21-1241,1790012917,10103,120,1336,0,,,
div-2026-09-21-1243,1790012785,10235,846,35,1,Works,Minimal,TIMS-234871
div-2026-09-21-1248,1790013129,9891,348,,0,,,
div-2026-09-21-1258,1790012843,10177,365,1318,0,,,
div-2026-09-21-1265,1790013594,9426,642,,0,,,
div-2026-09-21-1267,1790013503,9517,2408,11,1,Works,Minimal,TIMS-234051
div-2026-09-21-1271,1790013670,9350,254,2,1,Works,Minimal,TIMS-234276
div-2026-09-21-1278,1790013402,9618,724,19,1,Works,Minimal,TIMS-233235
div-2026-09-21-1286,1790014335,8685,442,4,1,Works,Minimal,TIMS-232988
div-2026-09-21-1298,1790014298,8722,512,4,1,Works,Minimal,TIMS-226149
div-2026-09-21-1301,1790014985,8035,279,,0,,,
div-2026-09-21-1318,1790015824,7196,394,,0,,,
div-2026-09-21-1321,1790015787,7233,539,10,1,Works,Minimal,TIMS-233974
div-2026-09-21-1325,1790016362,6658,273,,0,,,
div-2026-09-21-1328,1790016363,6657,488,,0,,,
div-2026-09-21-1334,1790016851,6169,551,,0,,,
div-2026-09-21-1341,1790016986,6034,181,9,1,Works,Moderate,TIMS-235235
div-2026-09-21-1343,1790017255,5765,224,4,1,Works,Minimal,TIMS-234723
div-2026-09-21-1359,1790018439,4581,252,2,1,Works,Minimal,TIMS-234276
div-2026-09-21-1360,1790018692,4328,193,216,1,Works,Minimal,TIMS-234945
div-2026-09-21-1371,1790019261,3759,122,,0,,,
div-2026-09-21-1372,1790019276,3744,565,3,1,Emergency service incidents,Minimal,TIMS-235244
div-2026-09-21-1376,1790019285,3735,388,,0,,,
div-2026-09-21-1377,1790019608,3412,227,,0,,,
div-2026-09-21-1378,1790019633,3387,343,,0,,,
div-2026-09-21-1379,1790019336,3684,624,,0,,,
div-2026-09-21-1386,1790019994,3026,570,,0,,,
div-2026-09-21-1391,1790019677,3343,289,4,1,Collisions,Minimal,TIMS-235245
div-2026-09-21-1392,1790020100,2920,194,,0,,,
div-2026-09-21-1395,1790019863,3157,523,4,1,Collisions,Minimal,TIMS-235245
div-2026-09-21-1399,1790020530,2490,478,,0,,,
div-2026-09-21-1412,1790020830,2190,497,26,1,Works,Minimal,TIMS-234670
div-2026-09-21-1415,1790021201,1819,421,4,1,Works,Minimal,TIMS-234723
div-2026-09-21-1426,1790021852,1168,286,1481,0,,,
div-2026-09-21-1439,1790023079,59,759,,0,,,
div-2026-09-21-1457,1790024067,1047,677,,0,,,
div-2026-09-21-1468,1790024274,1254,408,0,1,Works,Minimal,TIMS-234276
div-2026-09-21-1469,1790024474,1454,158,,0,,,
div-2026-09-21-1473,1790024454,1434,288,,0,,,
div-2026-09-21-1476,1790024708,1688,1965,40,1,Works,Minimal,TIMS-233207
div-2026-09-21-1478,1790025020,2000,510,,0,,,
div-2026-09-21-1479,1790024648,1628,1563,99,1,Hazards,Minimal,TIMS-235246
div-2026-09-21-1481,1790025297,2277,487,9,1,Works,Minimal,TIMS-235187
div-2026-09-21-1482,1790025234,2214,656,,0,,,
div-2026-09-21-1487,1790025624,2604,450,,0,,,
div-2026-09-21-1489,1790025339,2319,195,156,1,Works,Minimal,TIMS-234723
div-2026-09-21-1491,1790026014,2994,269,966,0,,,
div-2026-09-21-1493,1790026005,2985,371,,0,,,
div-2026-09-21-1501,1790026728,3708,545,,0,,,
div-2026-09-21-1504,1790027022,4002,477,,0,,,
div-2026-09-21-1507,1790027358,4338,516,11,1,Works,Minimal,TIMS-234587
div-2026-09-21-1523,1790028548,5528,278,4,1,Collisions,Minimal,TIMS-235245
div-2026-09-21-1535,1790030465,7445,563,8,1,Works,Minimal,TIMS-234036
div-2026-09-21-1542,1790031310,8290,548,9,1,Works,Minimal,TIMS-235187
div-2026-09-21-1546,1790031528,8508,499,19,1,Works,Minimal,TIMS-233235
div-2026-09-21-1550,1790031901,8881,347,906,0,,,
div-2026-09-21-1570,1790034255,10365,331,,0,,,
div-2026-09-22-4,1790035614,9006,684,11,1,Works,Minimal,TIMS-234871
div-2026-09-22-5,1790035792,8828,638,,0,,,
div-2026-09-22-10,1790037932,6688,427,,0,,,
div-2026-09-22-15,1790039484,5136,230,,0,,,
div-2026-09-22-27,1790042232,2388,745,,0,,,
div-2026-09-22-29,1790042599,2021,543,,0,,,
div-2026-09-22-32,1790043480,1140,185,,0,,,
div-2026-09-22-35,1790043972,648,274,,0,,,
div-2026-09-22-41,1790044865,245,1404,,0,,,
div-2026-09-22-42,1790045093,473,1920,,0,,,
div-2026-09-22-43,1790045547,927,266,,0,,,
div-2026-09-22-55,1790048287,3667,1,1597,0,,,
div-2026-09-22-61,1790049219,4599,416,0,1,Works,Minimal,TIMS-234276
div-2026-09-22-62,1790049729,5109,991,,0,,,
div-2026-09-22-67,1790050254,5634,591,,0,,,
div-2026-09-22-69,1790050006,5386,361,1318,0,,,
div-2026-09-22-76,1790050421,5801,279,,0,,,
div-2026-09-22-79,1790050966,6346,1417,11,1,Works,Minimal,TIMS-234871
div-2026-09-22-87,1790051743,7123,247,,0,,,
div-2026-09-22-89,1790052055,7435,198,,0,,,
div-2026-09-22-90,1790052163,7543,309,,0,,,
div-2026-09-22-92,1790052266,7646,1017,,0,,,
div-2026-09-22-96,1790052973,8353,411,,0,,,
div-2026-09-22-100,1790053316,8696,365,,0,,,
div-2026-09-22-101,1790053291,8671,1174,9,1,Works,Minimal,TIMS-235187
div-2026-09-22-105,1790053490,8870,342,,0,,,
div-2026-09-22-109,1790053514,8894,334,,0,,,
div-2026-09-22-110,1790053942,9322,141,,0,,,
div-2026-09-22-113,1790054416,9796,466,,0,,,
div-2026-09-22-115,1790054810,10190,1045,,0,,,
div-2026-09-22-118,1790054737,10117,298,,0,,,
div-2026-09-22-125,1790055015,10395,395,,0,,,
div-2026-09-22-126,1790055256,10636,1034,,0,,,
div-2026-09-22-128,1790055560,10660,224,,0,,,
div-2026-09-22-146,1790056390,9830,206,,0,,,
div-2026-09-22-147,1790056251,9969,1231,35,1,Works,Minimal,TIMS-234871
div-2026-09-22-149,1790056347,9873,798,8,1,Works,Minimal,TIMS-234802
div-2026-09-22-150,1790056510,9710,224,,0,,,
div-2026-09-22-165,1790056978,9242,466,,0,,,
div-2026-09-22-166,1790057103,9117,462,773,0,,,
div-2026-09-22-167,1790056842,9378,513,11,1,Works,Minimal,TIMS-234587
div-2026-09-22-169,1790056982,9238,163,,0,,,
div-2026-09-22-176,1790057588,8632,235,,0,,,
div-2026-09-22-193,1790057896,8324,533,,0,,,
div-2026-09-22-199,1790058035,8185,1144,17,1,Works,Minimal,TIMS-235250
div-2026-09-22-200,1790058106,8114,551,,0,,,
div-2026-09-22-203,1790058254,7966,497,4,1,Works,Minimal,TIMS-232988
div-2026-09-22-212,1790058630,7590,300,17,1,Works,Minimal,TIMS-233994
div-2026-09-22-213,1790058903,7317,250,,0,,,
div-2026-09-22-214,1790058461,7759,458,8,1,Works,Minimal,TIMS-225605
div-2026-09-22-221,1790058267,7953,410,,0,,,
div-2026-09-22-235,1790059315,6905,131,,0,,,
div-2026-09-22-257,1790060235,5985,247,,0,,,
div-2026-09-22-258,1790060415,5805,575,,0,,,
div-2026-09-22-266,1790060338,5882,265,680,0,,,
div-2026-09-22-281,1790060843,5377,221,,0,,,
div-2026-09-22-286,1790061213,5007,184,,0,,,
div-2026-09-22-288,1790060269,5951,335,,0,,,
div-2026-09-22-307,1790061610,4610,226,,0,,,
div-2026-09-22-312,1790061679,4541,411,,0,,,
div-2026-09-22-319,1790061380,4840,459,,0,,,
div-2026-09-22-336,1790062270,3950,202,1488,0,,,
div-2026-09-22-346,1790062537,3683,915,7,1,Works,Minimal,TIMS-234447
div-2026-09-22-349,1790062664,3556,764,,0,,,
div-2026-09-22-352,1790062160,4060,257,1286,0,,,
div-2026-09-22-354,1790062797,3423,623,,0,,,
div-2026-09-22-356,1790062621,3599,256,,0,,,
div-2026-09-22-357,1790062904,3316,226,,0,,,
div-2026-09-22-361,1790063054,3166,246,1177,0,,,
div-2026-09-22-368,1790062925,3295,287,944,0,,,
div-2026-09-22-379,1790063056,3164,526,,0,,,
div-2026-09-22-388,1790063928,2292,421,,0,,,
div-2026-09-22-391,1790063992,2228,229,,0,,,
div-2026-09-22-396,1790064319,1901,792,,0,,,
div-2026-09-22-407,1790064192,2028,281,17,1,Works,Minimal,TIMS-233994
div-2026-09-22-415,1790064648,1572,505,11,1,Works,Minimal,TIMS-234587
div-2026-09-22-459,1790066725,505,398,,0,,,
div-2026-09-22-472,1790066775,555,352,,0,,,
div-2026-09-22-478,1790067088,868,461,,0,,,
div-2026-09-22-488,1790067046,826,553,,0,,,
div-2026-09-22-492,1790067335,1115,121,35,1,Works,Minimal,TIMS-234802
div-2026-09-22-500,1790067398,1178,383,,0,,,
div-2026-09-22-504,1790067658,1438,540,,0,,,
div-2026-09-22-506,1790067558,1338,289,,0,,,
div-2026-09-22-511,1790067408,1188,480,16,1,Works,Minimal,TIMS-233235
div-2026-09-22-517,1790068080,1860,425,,0,,,
div-2026-09-22-523,1790068112,1892,391,,0,,,
div-2026-09-22-530,1790067956,1736,513,5,1,Works,Minimal,TIMS-235001
div-2026-09-22-536,1790068657,2437,309,,0,,,
div-2026-09-22-543,1790068777,2557,610,,0,,,
div-2026-09-22-546,1790068931,2711,884,,0,,,
div-2026-09-22-553,1790069328,3108,564,773,0,,,
div-2026-09-22-559,1790069531,3311,194,,0,,,
div-2026-09-22-562,1790069292,3072,482,5,1,Works,Minimal,TIMS-226149
div-2026-09-22-573,1790070036,3816,225,,0,,,
div-2026-09-22-577,1790070324,4104,346,,0,,,
div-2026-09-22-596,1790071028,4808,234,,0,,,
div-2026-09-22-601,1790071244,5024,293,,0,,,
div-2026-09-22-604,1790071327,5107,1347,16,1,Works,Minimal,TIMS-233235
div-2026-09-22-606,1790071025,4805,484,,0,,,
div-2026-09-22-609,1790071531,5311,273,,0,,,
div-2026-09-22-618,1790071799,5579,201,216,1,Works,Minimal,TIMS-234945
div-2026-09-22-620,1790071794,5574,372,11,1,Works,Minimal,TIMS-226199
div-2026-09-22-622,1790071866,5646,146,,0,,,
div-2026-09-22-628,1790071947,5727,89,,0,,,
div-2026-09-22-645,1790072668,6448,537,,0,,,
div-2026-09-22-653,1790073317,7097,434,12,1,Works,Minimal,TIMS-234802
div-2026-09-22-661,1790073794,7574,159,,0,,,
div-2026-09-22-665,1790074058,7838,445,,0,,,
div-2026-09-22-666,1790074244,8024,465,,0,,,
div-2026-09-22-667,1790074066,7846,493,209,1,Works,Moderate,TIMS-230857
div-2026-09-22-671,1790074192,7972,522,4,1,Works,Minimal,TIMS-232988
div-2026-09-22-686,1790074635,8415,448,,0,,,
div-2026-09-22-688,1790074867,8647,289,,0,,,
div-2026-09-22-691,1790075221,9001,352,,0,,,
div-2026-09-22-714,1790075987,9767,706,,0,,,
div-2026-09-22-718,1790076447,10227,345,,0,,,
div-2026-09-22-721,1790076562,10342,194,,0,,,
div-2026-09-22-748,1790077154,10666,462,,0,,,
div-2026-09-22-761,1790077470,10350,214,,0,,,
div-2026-09-22-766,1790077585,10235,237,,0,,,
div-2026-09-22-780,1790077781,10039,500,4,1,Works,Minimal,TIMS-232988
div-2026-09-22-791,1790078205,9615,508,,0,,,
div-2026-09-22-808,1790078297,9523,241,,0,,,
div-2026-09-22-810,1790079105,8715,297,,0,,,
div-2026-09-22-812,1790079206,8614,177,331,0,,,
div-2026-09-22-818,1790079526,8294,637,,0,,,
div-2026-09-22-827,1790079691,8129,237,422,0,,,
div-2026-09-22-829,1790079478,8342,338,,0,,,
div-2026-09-22-830,1790080030,7790,414,,0,,,
div-2026-09-22-836,1790080126,7694,599,,0,,,
div-2026-09-22-849,1790080848,6972,472,,0,,,
div-2026-09-22-855,1790080948,6872,213,,0,,,
div-2026-09-22-859,1790081203,6617,429,,0,,,
div-2026-09-22-862,1790080810,7010,179,,0,,,
div-2026-09-22-869,1790081352,6468,396,4,1,Works,Minimal,TIMS-232988
div-2026-09-22-888,1790081533,6287,1186,8,1,Collisions,Serious,TIMS-235274
div-2026-09-22-889,1790082261,5559,120,1336,0,,,
div-2026-09-22-891,1790082277,5543,566,,0,,,
div-2026-09-22-894,1790082610,5210,202,216,1,Works,Minimal,TIMS-234945
div-2026-09-22-899,1790082512,5308,349,121,1,Works,Moderate,TIMS-234060
div-2026-09-22-905,1790082814,5006,553,,0,,,
div-2026-09-22-906,1790082994,4826,508,,0,,,
div-2026-09-22-928,1790083396,4424,573,1,1,Collisions,Serious,TIMS-235274
div-2026-09-22-937,1790083794,4026,662,5,1,Works,Minimal,TIMS-232977
div-2026-09-22-949,1790084693,3127,554,12,1,Works,Minimal,TIMS-234802
div-2026-09-22-951,1790084289,3531,311,5,1,Works,Minimal,TIMS-233800
div-2026-09-22-953,1790084890,2930,299,17,1,Works,Minimal,TIMS-233994
div-2026-09-22-954,1790084486,3334,81,,0,,,
div-2026-09-22-960,1790085117,2703,598,,0,,,
div-2026-09-22-966,1790085331,2489,464,,0,,,
div-2026-09-22-970,1790085447,2373,528,15,1,Works,Minimal,TIMS-226199
div-2026-09-22-978,1790085068,2752,428,3,1,Collisions,Moderate,TIMS-235281
div-2026-09-22-980,1790085359,2461,439,5,1,Works,Minimal,TIMS-232977
div-2026-09-22-981,1790085492,2328,499,585,0,,,
div-2026-09-22-989,1790086277,1543,139,,0,,,
div-2026-09-22-990,1790084541,3279,311,13,1,Collisions,Serious,TIMS-235274
div-2026-09-22-994,1790086311,1509,754,,0,,,
div-2026-09-22-999,1790086596,1224,1712,,0,,,
div-2026-09-22-1001,1790086281,1539,335,,0,,,
div-2026-09-22-1008,1790086738,1082,436,,0,,,
div-2026-09-22-1015,1790087276,544,250,,0,,,
div-2026-09-22-1019,1790086978,842,529,13,1,Works,Minimal,TIMS-225605
div-2026-09-22-1027,1790087476,344,237,241,1,Breakdowns,No impact,TIMS-235284
div-2026-09-22-1028,1790086525,1295,239,,0,,,
div-2026-09-22-1029,1790086811,1009,927,3,1,Collisions,Moderate,TIMS-235281
div-2026-09-22-1030,1790087702,118,442,1088,0,,,
div-2026-09-22-1039,1790088022,202,766,,0,,,
div-2026-09-22-1060,1790088691,871,466,,0,,,
div-2026-09-22-1065,1790088768,948,720,,0,,,
div-2026-09-22-1067,1790088944,1124,1044,,0,,,
div-2026-09-22-1074,1790088298,478,187,9,1,Works,Moderate,TIMS-235235
div-2026-09-22-1084,1790089343,1523,468,,0,,,
div-2026-09-22-1086,1790089416,1596,715,,0,,,
div-2026-09-22-1089,1790088487,667,909,3,1,Collisions,Moderate,TIMS-235281
div-2026-09-22-1095,1790089817,1997,230,,0,,,
div-2026-09-22-1098,1790089523,1703,369,,0,,,
div-2026-09-22-1125,1790090969,3149,410,,0,,,
div-2026-09-22-1127,1790090809,2989,205,8,1,Works,Minimal,TIMS-234038
div-2026-09-22-1128,1790091489,3669,205,,0,,,
div-2026-09-22-1130,1790091114,3294,334,,0,,,
div-2026-09-22-1133,1790091343,3523,448,,0,,,
div-2026-09-22-1144,1790091643,3823,338,476,0,,,
div-2026-09-22-1150,1790092360,4540,453,,0,,,
div-2026-09-22-1157,1790092027,4207,459,9,1,Works,Moderate,TIMS-235235
div-2026-09-22-1174,1790093294,5474,242,,0,,,
div-2026-09-22-1175,1790093283,5463,536,,0,,,
div-2026-09-22-1189,1790093642,5822,501,4,1,Works,Minimal,TIMS-232988
div-2026-09-22-1196,1790094271,6451,249,,0,,,
div-2026-09-22-1197,1790094198,6378,234,,0,,,
div-2026-09-22-1204,1790094498,6678,146,,0,,,
div-2026-09-22-1212,1790094730,6910,202,31,1,Collisions,Serious,TIMS-235274
div-2026-09-22-1216,1790094831,7011,172,321,0,,,
div-2026-09-22-1218,1790095033,7213,455,9,1,Works,Minimal,TIMS-235187
div-2026-09-22-1229,1790095118,7298,225,,0,,,
div-2026-09-22-1230,1790095320,7500,435,1,1,Collisions,Serious,TIMS-235274
div-2026-09-22-1232,1790095343,7523,114,,0,,,
div-2026-09-22-1235,1790095553,7733,494,16,1,Works,Minimal,TIMS-232039
div-2026-09-22-1243,1790095664,7844,284,,0,,,
div-2026-09-22-1249,1790094536,6716,252,,0,,,
div-2026-09-22-1255,1790096351,8531,374,38,1,Works,Minimal,TIMS-226199
div-2026-09-22-1266,1790096679,8859,502,,0,,,
div-2026-09-22-1269,1790096367,8547,200,3,1,Collisions,Moderate,TIMS-235281
div-2026-09-22-1277,1790096847,9027,240,,0,,,
div-2026-09-22-1285,1790097130,9310,190,,0,,,
div-2026-09-22-1291,1790097464,9644,614,,0,,,
div-2026-09-22-1294,1790097422,9602,300,485,0,,,
div-2026-09-22-1307,1790097496,9676,344,,0,,,
div-2026-09-22-1310,1790098338,10518,255,,0,,,
div-2026-09-22-1312,1790097908,10088,225,,0,,,
div-2026-09-22-1317,1790098522,10702,564,,0,,,
div-2026-09-22-1325,1790098861,10558,536,,0,,,
div-2026-09-22-1327,1790098819,10600,289,17,1,Works,Minimal,TIMS-233994
div-2026-09-22-1333,1790098928,10491,862,6,1,Works,Minimal,TIMS-220784
div-2026-09-22-1334,1790098935,10484,391,,0,,,
div-2026-09-22-1337,1790099214,10205,960,,0,,,
div-2026-09-22-1340,1790099372,10047,388,,0,,,
div-2026-09-22-1342,1790098607,10787,177,9,1,Works,Moderate,TIMS-235235
div-2026-09-22-1346,1790099470,9949,232,,0,,,
div-2026-09-22-1347,1790099431,9988,415,4,1,Works,Minimal,TIMS-232988
div-2026-09-22-1354,1790099832,9587,465,,0,,,
div-2026-09-22-1355,1790099655,9764,242,943,0,,,
div-2026-09-22-1361,1790099920,9499,524,,0,,,
div-2026-09-22-1366,1790100409,9010,286,,0,,,
div-2026-09-22-1385,1790101133,8286,379,,0,,,
div-2026-09-22-1397,1790101921,7498,120,1336,0,,,
div-2026-09-22-1405,1790102290,7129,415,5,1,Works,Minimal,TIMS-232977
div-2026-09-22-1408,1790102563,6856,538,1345,0,,,
div-2026-09-22-1410,1790102686,6733,581,,0,,,
div-2026-09-22-1424,1790103156,6263,419,,0,,,
div-2026-09-22-1427,1790103474,5945,154,,0,,,
div-2026-09-22-1428,1790103654,5765,1119,234,1,Works,Minimal,TIMS-233800
div-2026-09-22-1432,1790103989,5430,391,,0,,,
div-2026-09-22-1441,1790104091,5328,537,,0,,,
div-2026-09-22-1442,1790104374,5045,507,7,1,Works,Minimal,TIMS-234447
div-2026-09-22-1443,1790104032,5387,191,1053,0,,,
div-2026-09-22-1447,1790104397,5022,252,962,0,,,
div-2026-09-22-1448,1790104277,5142,622,,0,,,
div-2026-09-22-1459,1790104713,4706,219,4,1,Works,Minimal,TIMS-234723
div-2026-09-22-1465,1790105495,3924,421,,0,,,
div-2026-09-22-1480,1790105879,3540,347,126,1,Works,Minimal,TIMS-233968
div-2026-09-22-1490,1790106338,3081,864,,0,,,
div-2026-09-22-1504,1790107233,2186,432,,0,,,
div-2026-09-22-1508,1790107998,1421,240,,0,,,
div-2026-09-22-1510,1790107732,1687,235,4,1,Works,Minimal,TIMS-234723
div-2026-09-22-1511,1790107978,1441,173,321,0,,,
div-2026-09-22-1513,1790108059,1360,418,68,1,Works,Minimal,TIMS-234060
div-2026-09-22-1533,1790108918,501,491,,0,,,
div-2026-09-22-1540,1790109502,83,195,156,1,Works,Minimal,TIMS-234723
div-2026-09-22-1552,1790110522,1103,410,0,1,Works,Minimal,TIMS-234276
div-2026-09-22-1559,1790110886,1467,1150,40,1,Works,Minimal,TIMS-233207
div-2026-09-22-1561,1790111178,1759,1964,40,1,Works,Minimal,TIMS-233207
div-2026-09-22-1564,1790111855,2436,470,,0,,,
div-2026-09-22-1571,1790112227,2808,244,,0,,,
div-2026-09-22-1588,1790112615,3196,134,,0,,,
div-2026-09-22-1591,1790113397,3978,307,,0,,,
div-2026-09-22-1598,1790113799,4380,275,906,0,,,
div-2026-09-22-1599,1790114455,5036,270,5,1,Works,Minimal,TIMS-233205
div-2026-09-22-1610,1790114907,5488,398,195,1,Works,Minimal,TIMS-232621
div-2026-09-22-1612,1790115263,5844,486,2,1,Works,Minimal,TIMS-234276
div-2026-09-22-1615,1790115796,6377,366,,0,,,
div-2026-09-22-1617,1790115399,5980,339,906,0,,,
div-2026-09-22-1618,1790115847,6428,400,,0,,,
div-2026-09-22-1624,1790115903,6484,370,0,1,Works,Minimal,TIMS-234276
div-2026-09-22-1634,1790116696,7277,463,5,1,Works,Minimal,TIMS-232977
div-2026-09-22-1637,1790117081,7662,274,,0,,,
div-2026-09-22-1644,1790118141,8722,239,1053,0,,,
div-2026-09-22-1658,1790119867,10448,205,4,1,Works,Minimal,TIMS-234723
div-2026-09-22-1659,1790120012,10593,252,27,1,Works,Minimal,TIMS-226199
div-2026-09-22-1661,1790120019,10600,328,906,0,,,
div-2026-09-22-1663,1790120234,10786,164,340,0,,,
div-2026-09-22-1664,1790120231,10789,277,211,1,Works,Minimal,TIMS-231722
div-2026-09-22-1670,1790121058,9962,618,132,1,Works,Minimal,TIMS-234871
div-2026-09-22-1671,1790121242,9778,313,,0,,,
div-2026-09-23-7,1790121873,9147,238,4,1,Works,Minimal,TIMS-234723
div-2026-09-23-23,1790126763,4257,246,9,1,Works,Minimal,TIMS-227428
div-2026-09-23-29,1790128953,2067,544,,0,,,
div-2026-09-23-32,1790128976,2044,144,1847,0,,,
div-2026-09-23-36,1790129110,1910,467,8,1,Works,Minimal,TIMS-231722
div-2026-09-23-41,1790130332,688,357,,0,,,
div-2026-09-23-42,1790130668,352,287,,0,,,
div-2026-09-23-49,1790131472,452,225,,0,,,
div-2026-09-23-51,1790131983,963,172,321,0,,,
div-2026-09-23-52,1790132542,1522,786,,0,,,
div-2026-09-23-53,1790132553,1533,1659,,0,,,
div-2026-09-23-58,1790132872,1852,678,5,1,Works,Minimal,TIMS-232977
div-2026-09-23-62,1790134039,3019,3684,2,1,Works,Minimal,TIMS-233974
div-2026-09-23-66,1790135288,4268,711,5,1,Works,Minimal,TIMS-232977
div-2026-09-23-67,1790135628,4608,1105,,0,,,
div-2026-09-23-73,1790136026,5006,2158,2,1,Works,Minimal,TIMS-231931
div-2026-09-23-75,1790136117,5097,611,,0,,,
div-2026-09-23-93,1790137975,6955,477,,0,,,
div-2026-09-23-95,1790137696,6676,559,,0,,,
div-2026-09-23-99,1790138186,7166,248,,0,,,
div-2026-09-23-103,1790138857,7837,465,,0,,,
div-2026-09-23-106,1790138948,7928,1299,,0,,,
div-2026-09-23-113,1790139686,8666,1092,9,1,Works,Minimal,TIMS-235187
div-2026-09-23-115,1790139760,8740,703,,0,,,
div-2026-09-23-118,1790139709,8689,363,,0,,,
div-2026-09-23-121,1790140097,9077,350,,0,,,
div-2026-09-23-122,1790140029,9009,732,,0,,,
div-2026-09-23-124,1790140125,9105,283,944,0,,,
div-2026-09-23-126,1790140535,9515,882,,0,,,
div-2026-09-23-128,1790140508,9488,389,565,0,,,
div-2026-09-23-132,1790140731,9711,97,,0,,,
div-2026-09-23-151,1790142186,10434,524,,0,,,
div-2026-09-23-153,1790142340,10280,210,,0,,,
div-2026-09-23-154,1790142310,10310,366,,0,,,
div-2026-09-23-155,1790142399,10221,460,,0,,,
div-2026-09-23-163,1790142765,9855,463,,0,,,
div-2026-09-23-167,1790142325,10295,335,,0,,,
div-2026-09-23-173,1790143117,9503,835,46,1,Works,Minimal,TIMS-232347
div-2026-09-23-175,1790143230,9390,818,,0,,,
div-2026-09-23-177,1790143361,9259,609,,0,,,
div-2026-09-23-184,1790143717,8903,493,,0,,,
div-2026-09-23-185,1790143846,8774,235,,0,,,
div-2026-09-23-205,1790144886,7734,144,,0,,,
div-2026-09-23-211,1790144707,7913,283,492,0,,,
div-2026-09-23-218,1790145212,7408,304,,0,,,
div-2026-09-23-230,1790145898,6722,678,8,1,Works,Minimal,TIMS-234802
div-2026-09-23-232,1790145821,6799,808,,0,,,
div-2026-09-23-234,1790146065,6555,498,,0,,,
div-2026-09-23-238,1790145594,7026,177,13,1,Works,Minimal,TIMS-232486
div-2026-09-23-240,1790146398,6222,773,,0,,,
div-2026-09-23-241,1790146401,6219,408,,0,,,
div-2026-09-23-243,1790146313,6307,484,,0,,,
div-2026-09-23-247,1790146124,6496,408,,0,,,
div-2026-09-23-248,1790146384,6236,580,897,0,,,
div-2026-09-23-255,1790146866,5754,366,,0,,,
div-2026-09-23-257,1790147117,5503,128,,0,,,
div-2026-09-23-262,1790147261,5359,297,,0,,,
div-2026-09-23-271,1790146689,5931,596,885,0,,,
div-2026-09-23-278,1790147599,5021,299,,0,,,
div-2026-09-23-289,1790148143,4477,239,,0,,,
div-2026-09-23-297,1790148143,4477,227,,0,,,
div-2026-09-23-307,1790148291,4329,311,263,0,,,
div-2026-09-23-315,1790147620,5000,533,5,1,Collisions,Moderate,TIMS-235310
div-2026-09-23-319,1790148914,3706,120,78,1,Asset issues,Minimal,TIMS-235308
div-2026-09-23-327,1790148946,3674,278,294,0,,,
div-2026-09-23-332,1790149255,3365,759,,0,,,
div-2026-09-23-333,1790149283,3337,292,,0,,,
div-2026-09-23-335,1790149257,3363,317,,0,,,
div-2026-09-23-346,1790149627,2993,451,,0,,,
div-2026-09-23-369,1790150364,2256,690,,0,,,
div-2026-09-23-375,1790150481,2139,354,,0,,,
div-2026-09-23-381,1790150255,2365,242,,0,,,
div-2026-09-23-386,1790150733,1887,629,,0,,,
div-2026-09-23-389,1790151118,1502,463,,0,,,
div-2026-09-23-399,1790151436,1184,943,,0,,,
div-2026-09-23-403,1790150634,1986,93,1334,0,,,
div-2026-09-23-407,1790151753,867,618,,0,,,
div-2026-09-23-413,1790152122,498,202,,0,,,
div-2026-09-23-421,1790152341,279,303,,0,,,
div-2026-09-23-423,1790152686,66,309,,0,,,
div-2026-09-23-425,1790152596,24,366,,0,,,
div-2026-09-23-432,1790152735,115,346,,0,,,
div-2026-09-23-435,1790152433,187,786,4,1,Works,Minimal,TIMS-216408
div-2026-09-23-438,1790152115,505,1391,,0,,,
div-2026-09-23-443,1790153093,473,372,131,1,Works,Minimal,TIMS-234421
div-2026-09-23-452,1790153502,882,466,,0,,,
div-2026-09-23-466,1790153908,1288,296,,0,,,
div-2026-09-23-468,1790153586,966,251,,0,,,
div-2026-09-23-473,1790154227,1607,120,78,1,Asset issues,Minimal,TIMS-235308
div-2026-09-23-474,1790154106,1486,471,294,0,,,
div-2026-09-23-476,1790154168,1548,364,114,1,Works,Minimal,TIMS-234060
div-2026-09-23-487,1790154792,2172,97,,0,,,
div-2026-09-23-490,1790154841,2221,223,,0,,,
div-2026-09-23-493,1790154971,2351,316,,0,,,
div-2026-09-23-495,1790155236,2616,336,,0,,,
div-2026-09-23-497,1790154430,1810,358,1102,0,,,
div-2026-09-23-499,1790155422,2802,225,,0,,,
div-2026-09-23-500,1790155771,3151,562,,0,,,
div-2026-09-23-508,1790156007,3387,545,,0,,,
div-2026-09-23-510,1790156262,3642,196,,0,,,
div-2026-09-23-512,1790156411,3791,405,,0,,,
div-2026-09-23-517,1790156585,3965,590,,0,,,
div-2026-09-23-522,1790156900,4280,388,,0,,,
div-2026-09-23-523,1790156812,4192,575,,0,,,
div-2026-09-23-535,1790157312,4692,146,,0,,,
div-2026-09-23-548,1790157839,5219,457,,0,,,
div-2026-09-23-550,1790157893,5273,292,,0,,,
div-2026-09-23-558,1790158395,5775,392,,0,,,
div-2026-09-23-566,1790158917,6297,303,,0,,,
div-2026-09-23-571,1790159067,6447,574,,0,,,
div-2026-09-23-575,1790158936,6316,711,3,1,Works,Minimal,TIMS-234760
div-2026-09-23-588,1790159608,6988,254,2,1,Works,Minimal,TIMS-234276
div-2026-09-23-589,1790159961,7341,249,,0,,,
div-2026-09-23-594,1790160314,7694,272,294,0,,,
div-2026-09-23-595,1790159854,7234,648,2,1,Works,Minimal,TIMS-234267
div-2026-09-23-596,1790160499,7879,409,,0,,,
div-2026-09-23-597,1790157884,5264,337,,0,,,
div-2026-09-23-598,1790160221,7601,130,,0,,,
div-2026-09-23-604,1790160730,8110,287,,0,,,
div-2026-09-23-607,1790159707,7087,539,28,1,Works,Minimal,TIMS-233235
div-2026-09-23-610,1790160897,8277,308,,0,,,
div-2026-09-23-617,1790160902,8282,170,13,1,Works,Minimal,TIMS-232486
div-2026-09-23-619,1790161201,8581,537,,0,,,
div-2026-09-23-622,1790161749,9129,495,,0,,,
div-2026-09-23-623,1790161640,9020,980,,0,,,
div-2026-09-23-625,1790161426,8806,173,13,1,Collisions,Moderate,TIMS-235310
div-2026-09-23-627,1790161939,9319,615,,0,,,
div-2026-09-23-632,1790161920,9300,827,9,1,Works,Minimal,TIMS-235187
div-2026-09-23-642,1790162032,9412,962,,0,,,
div-2026-09-23-648,1790162609,9989,1019,,0,,,
div-2026-09-23-660,1790163054,10434,375,38,1,Works,Minimal,TIMS-226199
div-2026-09-23-666,1790163410,10790,548,,0,,,
div-2026-09-23-667,1790163285,10665,436,12,1,Works,Minimal,TIMS-234802
div-2026-09-23-668,1790163011,10391,354,121,1,Works,Minimal,TIMS-234060
div-2026-09-23-669,1790163403,10783,222,,0,,,
div-2026-09-23-672,1790163465,10755,486,,0,,,
div-2026-09-23-682,1790164108,10112,120,1336,0,,,
div-2026-09-23-688,1790164084,10136,758,3,1,Works,Minimal,TIMS-232933
div-2026-09-23-697,1790164577,9643,375,131,1,Works,Minimal,TIMS-234421
div-2026-09-23-699,1790164691,9529,271,,0,,,
div-2026-09-23-701,1790164958,9262,465,,0,,,
div-2026-09-23-704,1790164985,9235,424,,0,,,
div-2026-09-23-709,1790165373,8847,973,,0,,,
div-2026-09-23-715,1790165756,8464,146,,0,,,
div-2026-09-23-717,1790165642,8578,356,,0,,,
div-2026-09-23-726,1790166378,7842,202,216,1,Works,Minimal,TIMS-234945
div-2026-09-23-727,1790166302,7918,346,,0,,,
div-2026-09-23-741,1790166893,7327,316,12,1,Works,Minimal,TIMS-234802
div-2026-09-23-751,1790167266,6954,367,114,1,Works,Minimal,TIMS-234060
div-2026-09-23-753,1790167556,6664,458,,0,,,
div-2026-09-23-767,1790168143,6077,242,,0,,,
div-2026-09-23-768,1790168106,6114,510,,0,,,
div-2026-09-23-773,1790168243,5977,285,,0,,,
div-2026-09-23-779,1790167909,6311,157,176,1,Works,Moderate,TIMS-235312
div-2026-09-23-791,1790168948,5272,207,,0,,,
div-2026-09-23-796,1790169212,5008,237,910,0,,,
div-2026-09-23-802,1790169517,4703,688,,0,,,
div-2026-09-23-813,1790170251,3969,243,,0,,,
div-2026-09-23-827,1790170971,3249,484,,0,,,
div-2026-09-23-830,1790171002,3218,538,,0,,,
div-2026-09-23-831,1790171227,2993,421,,0,,,
div-2026-09-23-835,1790171367,2853,464,,0,,,
div-2026-09-23-838,1790171448,2772,606,,0,,,
div-2026-09-23-841,1790171575,2645,238,,0,,,
div-2026-09-23-842,1790171276,2944,237,,0,,,
div-2026-09-23-845,1790171587,2633,120,1336,0,,,
div-2026-09-23-849,1790171638,2582,374,131,1,Works,Minimal,TIMS-234421
div-2026-09-23-851,1790171793,2427,305,,0,,,
div-2026-09-23-863,1790172529,1691,570,12,1,Works,Minimal,TIMS-234802
div-2026-09-23-866,1790172509,1711,214,20,1,Works,Minimal,TIMS-231314
div-2026-09-23-878,1790173185,1035,443,,0,,,
div-2026-09-23-886,1790173432,788,240,,0,,,
div-2026-09-23-889,1790172893,1327,294,,0,,,
div-2026-09-23-905,1790174198,22,563,,0,,,
div-2026-09-23-916,1790174568,348,228,,0,,,
div-2026-09-23-917,1790174836,616,120,1336,0,,,
div-2026-09-23-920,1790174597,377,409,5,1,Works,Minimal,TIMS-232977
div-2026-09-23-921,1790174601,381,2035,5,1,Works,Minimal,TIMS-225605
div-2026-09-23-926,1790175102,882,375,,0,,,
div-2026-09-23-931,1790175122,902,243,,0,,,
div-2026-09-23-932,1790174595,375,2527,2,1,Works,Minimal,TIMS-233974
div-2026-09-23-937,1790175604,1384,425,,0,,,
div-2026-09-23-939,1790175547,1327,410,,0,,,
div-2026-09-23-948,1790175100,880,182,9,1,Works,Moderate,TIMS-235235
div-2026-09-23-951,1790176071,1851,359,,0,,,
div-2026-09-23-952,1790176242,2022,595,,0,,,
div-2026-09-23-972,1790176853,2633,209,,0,,,
div-2026-09-23-987,1790176892,2672,551,,0,,,
div-2026-09-23-993,1790175542,1322,1781,,0,,,
div-2026-09-23-998,1790177247,3027,267,142,1,Works,Minimal,TIMS-235325
div-2026-09-23-1005,1790177838,3618,263,1286,0,,,
div-2026-09-23-1006,1790178154,3934,228,,0,,,
div-2026-09-23-1016,1790177533,3313,584,8,1,Works,Minimal,TIMS-234038
div-2026-09-23-1023,1790178854,4634,368,,0,,,
div-2026-09-23-1024,1790178636,4416,758,209,1,Works,Moderate,TIMS-230857
div-2026-09-23-1025,1790179015,4795,418,,0,,,
div-2026-09-23-1028,1790179206,4986,460,,0,,,
div-2026-09-23-1036,1790179353,5133,373,131,1,Works,Minimal,TIMS-234421
div-2026-09-23-1039,1790179550,5330,295,,0,,,
div-2026-09-23-1043,1790179215,4995,225,,0,,,
div-2026-09-23-1044,1790179779,5559,703,,0,,,
div-2026-09-23-1052,1790179924,5704,303,,0,,,
div-2026-09-23-1056,1790179845,5625,677,8,1,Works,Minimal,TIMS-233207
div-2026-09-23-1075,1790180286,6066,157,176,1,Works,Moderate,TIMS-235312
div-2026-09-23-1079,1790180376,6156,250,6,1,Works,Minimal,TIMS-235148
div-2026-09-23-1080,1790180868,6648,234,,0,,,
div-2026-09-23-1081,1790180554,6334,837,315,0,,,
div-2026-09-23-1087,1790181008,6788,252,2,1,Works,Minimal,TIMS-234276
div-2026-09-23-1093,1790181246,7026,360,,0,,,
div-2026-09-23-1095,1790180973,6753,547,6,1,Works,Minimal,TIMS-235148
div-2026-09-23-1096,1790181113,6893,729,253,0,,,
div-2026-09-23-1097,1790181311,7091,423,30,1,Works,Minimal,TIMS-235148
div-2026-09-23-1101,1790181494,7274,255,,0,,,
div-2026-09-23-1105,1790181769,7549,416,,0,,,
div-2026-09-23-1109,1790181973,7753,327,,0,,,
div-2026-09-23-1114,1790181786,7566,430,,0,,,
div-2026-09-23-1115,1790182150,7930,595,,0,,,
div-2026-09-23-1116,1790181941,7721,607,,0,,,
div-2026-09-23-1118,1790181778,7558,178,9,1,Works,Moderate,TIMS-235235
div-2026-09-23-1119,1790182368,8148,120,1336,0,,,
div-2026-09-23-1120,1790182563,8343,451,,0,,,
div-2026-09-23-1121,1790182243,8023,543,,0,,,
div-2026-09-23-1125,1790182548,8328,421,,0,,,
div-2026-09-23-1136,1790183205,8985,202,216,1,Works,Minimal,TIMS-234945
div-2026-09-23-1138,1790183029,8809,475,,0,,,
div-2026-09-23-1139,1790183015,8795,386,,0,,,
div-2026-09-23-1163,1790183934,9714,374,131,1,Works,Minimal,TIMS-234421
div-2026-09-23-1167,1790184278,10058,459,,0,,,
div-2026-09-23-1168,1790184316,10096,228,,0,,,
div-2026-09-23-1172,1790184401,10181,910,,0,,,
div-2026-09-23-1179,1790184720,10500,603,,0,,,
div-2026-09-23-1185,1790184489,10269,345,,0,,,
div-2026-09-23-1187,1790184925,10705,241,,0,,,
div-2026-09-23-1198,1790184017,9797,213,8,1,Works,Minimal,TIMS-234038
div-2026-09-23-1202,1790185192,10628,389,,0,,,
div-2026-09-23-1203,1790185290,10530,72,991,0,,,
div-2026-09-23-1209,1790185331,10489,275,8,1,Works,Minimal,TIMS-234038
div-2026-09-23-1211,1790185202,10618,170,13,1,Works,Minimal,TIMS-232486
div-2026-09-23-1230,1790186110,9710,488,,0,,,
div-2026-09-23-1236,1790186252,9568,3420,2,1,Works,Minimal,TIMS-233974
div-2026-09-23-1245,1790187020,8800,589,,0,,,
div-2026-09-23-1250,1790187033,8787,292,,0,,,
div-2026-09-23-1251,1790187139,8681,524,,0,,,
div-2026-09-23-1257,1790187089,8731,343,,0,,,
div-2026-09-23-1261,1790187653,8167,120,1336,0,,,
div-2026-09-23-1262,1790187540,8280,553,,0,,,
div-2026-09-23-1263,1790187711,8109,201,,0,,,
div-2026-09-23-1271,1790187922,7898,237,558,0,,,
div-2026-09-23-1276,1790188261,7559,309,,0,,,
div-2026-09-23-1279,1790188398,7422,528,,0,,,
div-2026-09-23-1284,1790188492,7328,1293,2,1,Works,Minimal,TIMS-233974
div-2026-09-23-1294,1790189063,6757,527,,0,,,
div-2026-09-23-1302,1790189456,6364,464,,0,,,
div-2026-09-23-1311,1790189750,6070,406,7,1,Works,Minimal,TIMS-234447
div-2026-09-23-1313,1790189728,6092,1132,5,1,Works,Minimal,TIMS-233800
div-2026-09-23-1315,1790189723,6097,179,1053,0,,,
div-2026-09-23-1318,1790189943,5877,245,,0,,,
div-2026-09-23-1321,1790190021,5799,144,,0,,,
div-2026-09-23-1330,1790190646,5174,976,43,1,Works,Minimal,TIMS-235154
div-2026-09-23-1340,1790191336,4484,211,,0,,,
div-2026-09-23-1347,1790191615,4205,236,1053,0,,,
div-2026-09-23-1360,1790192557,3263,227,,0,,,
div-2026-09-23-1381,1790193659,2161,534,2,1,Works,Minimal,TIMS-234276
div-2026-09-23-1391,1790194258,1562,415,5,1,Works,Minimal,TIMS-232977
div-2026-09-23-1394,1790193113,2707,364,,0,,,
div-2026-09-23-1405,1790195167,653,1846,7,1,Works,Minimal,TIMS-233974
div-2026-09-23-1407,1790195173,647,421,,0,,,
div-2026-09-23-1411,1790195422,398,1150,136,1,Works,Minimal,TIMS-235325
div-2026-09-23-1412,1790195596,224,178,338,0,,,
div-2026-09-23-1415,1790195557,263,833,5,1,Works,Minimal,TIMS-225605
div-2026-09-23-1449,1790197021,1201,385,,0,,,
div-2026-09-23-1451,1790196887,1067,288,46,1,Works,Minimal,TIMS-234036
div-2026-09-23-1452,1790197367,1547,1416,40,1,Works,Minimal,TIMS-233207
div-2026-09-23-1453,1790197016,1196,414,73,1,Works,Minimal,TIMS-234036
div-2026-09-23-1454,1790197525,1705,1315,29,1,Works,Minimal,TIMS-234822
div-2026-09-23-1455,1790197573,1753,465,,0,,,
div-2026-09-23-1457,1790197441,1621,786,19,1,Works,Minimal,TIMS-221924
div-2026-09-23-1459,1790197432,1612,165,15,1,Breakdowns,Minimal,TIMS-235394
div-2026-09-23-1460,1790197745,1925,416,,0,,,
div-2026-09-23-1467,1790197932,2112,283,492,0,,,
div-2026-09-23-1472,1790198158,2338,419,0,1,Works,Minimal,TIMS-234276
div-2026-09-23-1483,1790198911,3091,400,195,1,Works,Minimal,TIMS-232621
div-2026-09-23-1491,1790199590,3770,202,216,1,Works,Minimal,TIMS-234945
div-2026-09-23-1499,1790199513,3693,226,,0,,,
div-2026-09-23-1504,1790199945,4125,671,5,1,Works,Minimal,TIMS-232977
div-2026-09-23-1509,1790200680,4860,905,485,0,,,
div-2026-09-23-1517,1790201120,5300,310,,0,,,
div-2026-09-23-1519,1790201132,5312,227,,0,,,
div-2026-09-23-1521,1790201593,5773,600,43,1,Works,Minimal,TIMS-235154
div-2026-09-23-1524,1790201635,5815,328,,0,,,
div-2026-09-23-1543,1790203120,7300,271,495,0,,,
div-2026-09-23-1548,1790203325,7505,395,,0,,,
div-2026-09-23-1565,1790206108,10288,263,,0,,,
div-2026-09-24-1,1790207582,9838,213,,0,,,
div-2026-09-24-9,1790209245,8175,405,7,1,Works,Minimal,TIMS-234447
div-2026-09-24-10,1790209722,7698,538,90,1,Works,Minimal,TIMS-233974
div-2026-09-24-16,1790210767,6653,169,,0,,,
div-2026-09-24-21,1790211533,5887,243,1053,0,,,
div-2026-09-24-31,1790212610,4810,420,,0,,,
div-2026-09-24-33,1790212837,4583,222,,0,,,
div-2026-09-24-37,1790213843,3577,225,573,0,,,
div-2026-09-24-38,1790214494,2926,290,909,0,,,
div-2026-09-24-41,1790215321,2099,472,,0,,,
div-2026-09-24-44,1790215410,2010,245,75,1,Works,Minimal,TIMS-225605
div-2026-09-24-45,1790216887,533,209,,0,,,
div-2026-09-24-46,1790216747,673,277,,0,,,
div-2026-09-24-48,1790217153,267,422,264,0,,,
div-2026-09-24-53,1790217909,489,745,,0,,,
div-2026-09-24-56,1790218281,861,3888,7,1,Works,Minimal,TIMS-233974
div-2026-09-24-58,1790218433,1013,1796,,0,,,
div-2026-09-24-59,1790218464,1044,1354,,0,,,
div-2026-09-24-78,1790221714,4294,711,5,1,Works,Minimal,TIMS-232977
div-2026-09-24-80,1790222413,4993,876,,0,,,
div-2026-09-24-83,1790222229,4809,1216,634,0,,,
div-2026-09-24-84,1790222761,5341,357,,0,,,
div-2026-09-24-86,1790222670,5250,1014,,0,,,
div-2026-09-24-101,1790224321,6901,363,,0,,,
div-2026-09-24-104,1790224617,7197,246,,0,,,
div-2026-09-24-105,1790224851,7431,309,,0,,,
div-2026-09-24-114,1790225166,7746,520,,0,,,
div-2026-09-24-116,1790225531,8111,429,219,1,Works,Minimal,TIMS-235378
div-2026-09-24-119,1790226067,8647,413,,0,,,
div-2026-09-24-134,1790226676,9256,279,,0,,,
div-2026-09-24-135,1790226795,9375,102,,0,,,
div-2026-09-24-136,1790226972,9552,1045,,0,,,
div-2026-09-24-161,1790228616,10403,233,,0,,,
div-2026-09-24-164,1790228815,10204,212,,0,,,
div-2026-09-24-165,1790228958,10061,882,,0,,,
div-2026-09-24-167,1790229069,9950,237,,0,,,
div-2026-09-24-168,1790229124,9895,209,,0,,,
div-2026-09-24-171,1790229010,10009,551,390,0,,,
div-2026-09-24-172,1790229116,9903,1143,,0,,,
div-2026-09-24-174,1790229345,9674,453,,0,,,
div-2026-09-24-187,1790229918,9101,2422,7,1,Works,Minimal,TIMS-235393
div-2026-09-24-192,1790230088,8931,551,,0,,,
div-2026-09-24-194,1790230164,8855,494,1177,0,,,
div-2026-09-24-198,1790230490,8529,308,,0,,,
div-2026-09-24-206,1790230692,8327,250,9,1,Works,Minimal,TIMS-235187
div-2026-09-24-207,1790230856,8163,309,,0,,,
div-2026-09-24-215,1790230627,8392,662,5,1,Works,Minimal,TIMS-232977
div-2026-09-24-219,1790231336,7683,237,,0,,,
div-2026-09-24-227,1790231498,7521,494,,0,,,
div-2026-09-24-228,1790231483,7536,243,,0,,,
div-2026-09-24-229,1790231655,7364,518,,0,,,
div-2026-09-24-234,1790231737,7282,514,5,1,Works,Minimal,TIMS-235001
div-2026-09-24-242,1790232201,6818,223,,0,,,
div-2026-09-24-244,1790232496,6523,1173,,0,,,
div-2026-09-24-254,1790232667,6352,372,,0,,,
div-2026-09-24-260,1790232938,6081,282,294,0,,,
div-2026-09-24-265,1790233310,5709,882,,0,,,
div-2026-09-24-266,1790233132,5887,208,,0,,,
div-2026-09-24-267,1790233353,5666,485,,0,,,
div-2026-09-24-270,1790233483,5536,477,,0,,,
div-2026-09-24-272,1790233451,5568,466,,0,,,
div-2026-09-24-301,1790234571,4448,1029,,0,,,
div-2026-09-24-308,1790234648,4371,226,,0,,,
div-2026-09-24-310,1790234891,4128,120,1336,0,,,
div-2026-09-24-317,1790235056,3963,541,15,1,Works,Minimal,TIMS-235250
div-2026-09-24-320,1790235122,3897,753,257,0,,,
div-2026-09-24-323,1790235101,3918,301,485,0,,,
div-2026-09-24-324,1790235114,3905,282,74,1,Works,Minimal,TIMS-230452
div-2026-09-24-326,1790235167,3852,486,,0,,,
div-2026-09-24-332,1790235679,3340,329,,0,,,
div-2026-09-24-335,1790235616,3403,464,,0,,,
div-2026-09-24-337,1790236027,2992,306,,0,,,
div-2026-09-24-341,1790236005,3014,363,,0,,,
div-2026-09-24-346,1790236301,2718,969,,0,,,
div-2026-09-24-364,1790236567,2452,304,4,1,Works,Minimal,TIMS-230452
div-2026-09-24-395,1790238017,1002,270,294,0,,,
div-2026-09-24-400,1790238410,609,120,1336,0,,,
div-2026-09-24-404,1790238521,498,202,,0,,,
div-2026-09-24-408,1790238406,613,193,858,0,,,
div-2026-09-24-412,1790238247,772,531,17,1,Works,Minimal,TIMS-235393
div-2026-09-24-413,1790238859,160,148,,0,,,
div-2026-09-24-417,1790238989,30,365,,0,,,
div-2026-09-24-419,1790239025,6,346,,0,,,
div-2026-09-24-428,1790239234,215,252,,0,,,
div-2026-09-24-429,1790239496,477,460,,0,,,
div-2026-09-24-430,1790239485,466,586,,0,,,
div-2026-09-24-450,1790240179,1160,567,9,1,Works,Moderate,TIMS-230857
div-2026-09-24-453,1790239981,962,205,34,1,Works,Moderate,TIMS-230857
div-2026-09-24-460,1790240726,1707,296,,0,,,
div-2026-09-24-464,1790240450,1431,488,,0,,,
div-2026-09-24-472,1790241137,2118,389,,0,,,
div-2026-09-24-478,1790241486,2467,320,,0,,,
div-2026-09-24-488,1790241992,2973,181,,0,,,
div-2026-09-24-489,1790242127,3108,429,,0,,,
div-2026-09-24-492,1790241879,2860,275,,0,,,
div-2026-09-24-494,1790242123,3104,244,200,1,Works,Minimal,TIMS-233175
div-2026-09-24-507,1790242517,3498,472,,0,,,
div-2026-09-24-509,1790242817,3798,1769,6,1,Works,Moderate,TIMS-233221
div-2026-09-24-511,1790242881,3862,339,,0,,,
div-2026-09-24-514,1790242843,3824,805,6,1,Works,Minimal,TIMS-234341
div-2026-09-24-515,1790242989,3970,227,,0,,,
div-2026-09-24-527,1790243601,4582,485,,0,,,
div-2026-09-24-532,1790243791,4772,722,,0,,,
div-2026-09-24-533,1790243921,4902,233,,0,,,
div-2026-09-24-538,1790243755,4736,701,10,1,Works,Minimal,TIMS-234341
div-2026-09-24-543,1790244198,5179,296,,0,,,
div-2026-09-24-564,1790245221,6202,474,,0,,,
div-2026-09-24-565,1790245204,6185,589,,0,,,
div-2026-09-24-572,1790245411,6392,253,,0,,,
div-2026-09-24-580,1790245644,6625,198,,0,,,
div-2026-09-24-586,1790245894,6875,538,,0,,,
div-2026-09-24-594,1790246299,7280,181,,0,,,
div-2026-09-24-601,1790246630,7611,274,294,0,,,
div-2026-09-24-605,1790246840,7821,435,,0,,,
div-2026-09-24-626,1790247628,8609,688,,0,,,
div-2026-09-24-630,1790247810,8791,354,,0,,,
div-2026-09-24-633,1790247842,8823,713,,0,,,
div-2026-09-24-635,1790247941,8922,119,68,1,Works,Minimal,TIMS-226199
div-2026-09-24-640,1790248073,9054,461,,0,,,
div-2026-09-24-641,1790248324,9305,144,,0,,,
div-2026-09-24-645,1790248264,9245,377,,0,,,
div-2026-09-24-659,1790248558,9539,243,14,1,Works,Minimal,TIMS-224034
div-2026-09-24-662,1790248884,9865,345,,0,,,
div-2026-09-24-669,1790249298,10279,211,,0,,,
div-2026-09-24-675,1790249378,10359,244,9,1,Works,Minimal,TIMS-235187
div-2026-09-24-676,1790249400,10381,476,,0,,,
div-2026-09-24-678,1790249723,10704,803,,0,,,
div-2026-09-24-688,1790249850,10769,309,593,0,,,
div-2026-09-24-691,1790250370,10249,120,1336,0,,,
div-2026-09-24-696,1790250552,10067,571,,0,,,
div-2026-09-24-714,1790251107,9512,142,54,1,Works,Minimal,TIMS-234897
div-2026-09-24-717,1790251215,9404,777,,0,,,
div-2026-09-24-737,1790252216,8403,460,,0,,,
div-2026-09-24-738,1790252217,8402,237,558,0,,,
div-2026-09-24-739,1790252238,8381,145,,0,,,
div-2026-09-24-749,1790252741,7878,206,,0,,,
div-2026-09-24-750,1790252671,7948,346,,0,,,
div-2026-09-24-751,1790252598,8021,272,294,0,,,
div-2026-09-24-754,1790253025,7594,452,319,0,,,
div-2026-09-24-759,1790253094,7525,328,,0,,,
div-2026-09-24-768,1790253663,6956,707,,0,,,
div-2026-09-24-788,1790254357,6262,321,,0,,,
div-2026-09-24-789,1790254489,6130,230,,0,,,
div-2026-09-24-798,1790254671,5948,213,,0,,,
div-2026-09-24-805,1790255150,5469,462,,0,,,
div-2026-09-24-813,1790255555,5064,247,9,1,Works,Minimal,TIMS-235187
div-2026-09-24-828,1790256511,4108,720,,0,,,
div-2026-09-24-831,1790256675,3944,728,,0,,,
div-2026-09-24-832,1790256969,3650,235,,0,,,
div-2026-09-24-833,1790256853,3766,554,,0,,,
div-2026-09-24-834,1790256940,3679,551,78,1,Works,Minimal,TIMS-234421
div-2026-09-24-841,1790257413,3206,303,416,0,,,
div-2026-09-24-844,1790257614,3005,309,,0,,,
div-2026-09-24-855,1790258074,2545,396,,0,,,
div-2026-09-24-856,1790258002,2617,213,,0,,,
div-2026-09-24-864,1790258341,2278,236,558,0,,,
div-2026-09-24-875,1790258538,2081,528,33,1,Works,Minimal,TIMS-224034
div-2026-09-24-878,1790259083,1536,142,,0,,,
div-2026-09-24-879,1790258526,2093,511,482,0,,,
div-2026-09-24-900,1790259242,1377,292,,0,,,
div-2026-09-24-904,1790259915,704,517,,0,,,
div-2026-09-24-905,1790259559,1060,301,485,0,,,
div-2026-09-24-909,1790260180,439,324,,0,,,
div-2026-09-24-926,1790260577,42,541,,0,,,
div-2026-09-24-954,1790261649,1030,444,,0,,,
div-2026-09-24-955,1790261528,909,316,28,1,Works,Minimal,TIMS-226199
div-2026-09-24-965,1790262003,1384,508,11,1,Works,Minimal,TIMS-226199
div-2026-09-24-969,1790262271,1652,1045,,0,,,
div-2026-09-24-977,1790262184,1565,632,,0,,,
div-2026-09-24-979,1790262271,1652,607,,0,,,
div-2026-09-24-981,1790262124,1505,246,,0,,,
div-2026-09-24-985,1790262659,2040,359,,0,,,
div-2026-09-24-998,1790262808,2189,243,,0,,,
div-2026-09-24-1006,1790263616,2997,202,216,1,Works,Minimal,TIMS-234945
div-2026-09-24-1007,1790263154,2535,623,9,1,Works,Minimal,TIMS-235312
div-2026-09-24-1011,1790262963,2344,236,,0,,,
div-2026-09-24-1013,1790263559,2940,939,,0,,,
div-2026-09-24-1020,1790263303,2684,689,,0,,,
div-2026-09-24-1021,1790264080,3461,525,,0,,,
div-2026-09-24-1032,1790264362,3743,751,,0,,,
div-2026-09-24-1044,1790264931,4312,205,,0,,,
div-2026-09-24-1058,1790265331,4712,452,,0,,,
div-2026-09-24-1065,1790264902,4283,314,5,1,Works,Minimal,TIMS-235329
div-2026-09-24-1080,1790265698,5079,520,482,0,,,
div-2026-09-24-1082,1790265878,5259,374,131,1,Works,Minimal,TIMS-234421
div-2026-09-24-1085,1790265612,4993,225,,0,,,
div-2026-09-24-1087,1790265998,5379,389,,0,,,
div-2026-09-24-1117,1790266220,5601,212,8,1,Works,Minimal,TIMS-234038
div-2026-09-24-1120,1790267118,6499,234,,0,,,
div-2026-09-24-1136,1790267597,6978,354,,0,,,
div-2026-09-24-1142,1790267857,7238,482,,0,,,
div-2026-09-24-1143,1790267798,7179,251,,0,,,
div-2026-09-24-1145,1790267883,7264,236,,0,,,
div-2026-09-24-1152,1790267935,7316,534,,0,,,
div-2026-09-24-1164,1790268642,8023,525,,0,,,
div-2026-09-24-1170,1790268750,8131,309,,0,,,
div-2026-09-24-1172,1790268780,8161,322,,0,,,
div-2026-09-24-1188,1790269254,8635,309,,0,,,
div-2026-09-24-1191,1790269384,8765,465,,0,,,
div-2026-09-24-1194,1790269496,8877,412,,0,,,
div-2026-09-24-1198,1790269418,8799,862,36,1,Works,Minimal,TIMS-234447
div-2026-09-24-1210,1790269900,9281,119,68,1,Works,Minimal,TIMS-226199
div-2026-09-24-1215,1790270162,9543,534,,0,,,
div-2026-09-24-1222,1790270559,9940,382,,0,,,
div-2026-09-24-1237,1790271218,10599,567,,0,,,
div-2026-09-24-1250,1790271740,10480,265,241,1,Works,Minimal,TIMS-234822
div-2026-09-24-1261,1790271987,10233,138,54,1,Works,Minimal,TIMS-234897
div-2026-09-24-1271,1790271927,10293,668,5,1,Works,Minimal,TIMS-232977
div-2026-09-24-1273,1790272478,9742,120,1336,0,,,
div-2026-09-24-1278,1790272774,9446,464,,0,,,
div-2026-09-24-1279,1790272894,9326,439,,0,,,
div-2026-09-24-1284,1790272821,9399,672,18,1,Works,Minimal,TIMS-233974
div-2026-09-24-1289,1790273155,9065,257,294,0,,,
div-2026-09-24-1295,1790273449,8771,518,,0,,,
div-2026-09-24-1296,1790273371,8849,354,,0,,,
div-2026-09-24-1301,1790273118,9102,179,9,1,Works,Moderate,TIMS-235235
div-2026-09-24-1304,1790273297,8923,343,61,1,Works,Minimal,TIMS-234871
div-2026-09-24-1323,1790274313,7907,488,,0,,,
div-2026-09-24-1324,1790274265,7955,429,,0,,,
div-2026-09-24-1327,1790274057,8163,545,9,1,Works,Minimal,TIMS-235187
div-2026-09-24-1332,1790274545,7675,513,38,1,Works,Minimal,TIMS-226199
div-2026-09-24-1356,1790275110,7110,771,597,0,,,
div-2026-09-24-1366,1790275694,6526,594,,0,,,
div-2026-09-24-1368,1790275513,6707,186,,0,,,
div-2026-09-24-1370,1790275808,6412,268,904,0,,,
div-2026-09-24-1371,1790275862,6358,271,495,0,,,
div-2026-09-24-1381,1790276284,5936,463,,0,,,
div-2026-09-24-1384,1790276248,5972,223,,0,,,
div-2026-09-24-1386,1790276271,5949,109,,0,,,
div-2026-09-24-1393,1790277171,5049,120,1336,0,,,
div-2026-09-24-1395,1790276916,5304,232,8,1,Works,Minimal,TIMS-234038
div-2026-09-24-1404,1790277813,4407,591,294,0,,,
div-2026-09-24-1408,1790278011,4209,320,,0,,,
div-2026-09-24-1420,1790278792,3428,362,,0,,,
div-2026-09-24-1424,1790278846,3374,226,,0,,,
div-2026-09-24-1425,1790278641,3579,188,9,1,Works,Moderate,TIMS-235235
div-2026-09-24-1448,1790280082,2138,308,,0,,,
div-2026-09-24-1449,1790280056,2164,334,,0,,,
div-2026-09-24-1450,1790280278,1942,366,,0,,,
div-2026-09-24-1458,1790280418,1802,489,20,1,Works,Minimal,TIMS-235317
div-2026-09-24-1478,1790282002,218,417,0,1,Works,Minimal,TIMS-234276
div-2026-09-24-1485,1790282553,333,361,,0,,,
div-2026-09-24-1486,1790282526,306,328,,0,,,
div-2026-09-24-1496,1790283048,828,278,153,1,Works,Minimal,TIMS-234335
div-2026-09-24-1502,1790283497,1277,242,,0,,,
div-2026-09-24-1509,1790283743,1523,157,,0,,,
div-2026-09-24-1513,1790283612,1392,1899,7,1,Works,Minimal,TIMS-235433
div-2026-09-24-1516,1790284288,2068,369,131,1,Works,Minimal,TIMS-234421
div-2026-09-24-1523,1790284854,2634,245,,0,,,
div-2026-09-24-1534,1790285502,3282,129,,0,,,
div-2026-09-24-1536,1790285450,3230,401,195,1,Works,Minimal,TIMS-232621
div-2026-09-24-1538,1790285918,3698,509,592,0,,,
div-2026-09-24-1544,1790286078,3858,428,,0,,,
div-2026-09-24-1560,1790287302,5082,254,24,1,Works,Minimal,TIMS-226199
div-2026-09-24-1571,1790288039,5819,73,991,0,,,
div-2026-09-24-1572,1790287008,4788,252,,0,,,
div-2026-09-24-1580,1790288601,6381,391,,0,,,
div-2026-09-24-1624,1790293109,10712,365,,0,,,
div-2026-09-24-1625,1790292992,10772,350,34,1,Works,Minimal,TIMS-227981
div-2026-09-24-1627,1790293429,10392,302,,0,,,
div-2026-09-25-14,1790296874,6947,135,16,1,Emergency service incidents,Minimal,TIMS-235443
div-2026-09-25-17,1790298263,5558,298,,0,,,
div-2026-09-25-24,1790299317,4504,249,114,1,Works,Minimal,TIMS-226199
div-2026-09-25-27,1790299919,3902,255,24,1,Works,Minimal,TIMS-226199
div-2026-09-25-37,1790302137,1684,1120,,0,,,
div-2026-09-25-40,1790303107,714,745,,0,,,
div-2026-09-25-41,1790303258,563,279,,0,,,
div-2026-09-25-44,1790303773,48,424,264,0,,,
div-2026-09-25-48,1790304871,1050,1388,,0,,,
div-2026-09-25-50,1790304784,963,46,207,1,Emergency service incidents,Minimal,TIMS-235443
div-2026-09-25-52,1790306020,2199,289,,0,,,
div-2026-09-25-62,1790308928,5107,609,,0,,,
div-2026-09-25-65,1790309038,5217,408,0,1,Works,Minimal,TIMS-234276
div-2026-09-25-69,1790309941,6120,570,,0,,,
div-2026-09-25-71,1790309859,6038,1024,,0,,,
div-2026-09-25-72,1790309929,6108,1343,,0,,,
div-2026-09-25-78,1790310696,6875,606,,0,,,
div-2026-09-25-80,1790311522,7701,289,,0,,,
div-2026-09-25-82,1790311804,7983,357,,0,,,
div-2026-09-25-83,1790311784,7963,1440,168,1,Works,Minimal,TIMS-233994
div-2026-09-25-84,1790312018,8197,403,,0,,,
div-2026-09-25-87,1790312109,8288,247,,0,,,
div-2026-09-25-88,1790311888,8067,495,,0,,,
div-2026-09-25-96,1790312947,9126,583,,0,,,
div-2026-09-25-120,1790314718,10701,235,,0,,,
div-2026-09-25-128,1790314804,10615,248,1177,0,,,
div-2026-09-25-134,1790315163,10256,366,,0,,,
div-2026-09-25-136,1790314747,10672,402,9,1,Emergency service incidents,Minimal,TIMS-235443
div-2026-09-25-146,1790316051,9368,508,,0,,,
div-2026-09-25-158,1790316434,8985,271,,0,,,
div-2026-09-25-160,1790316425,8994,254,,0,,,
div-2026-09-25-163,1790316878,8541,102,,0,,,
div-2026-09-25-170,1790317190,8229,224,,0,,,
div-2026-09-25-184,1790317767,7652,405,,0,,,
div-2026-09-25-185,1790317612,7807,255,,0,,,
div-2026-09-25-187,1790317800,7619,344,8,1,Works,Minimal,TIMS-234036
div-2026-09-25-194,1790318019,7400,2632,7,1,Works,Minimal,TIMS-235393
div-2026-09-25-199,1790318416,7003,576,,0,,,
div-2026-09-25-203,1790318422,6997,363,,0,,,
div-2026-09-25-210,1790318115,7304,523,9,1,Emergency service incidents,Minimal,TIMS-235443
div-2026-09-25-211,1790319025,6394,463,,0,,,
div-2026-09-25-218,1790319260,6159,430,,0,,,
div-2026-09-25-221,1790318956,6463,225,1077,0,,,
div-2026-09-25-224,1790319410,6009,232,,0,,,
div-2026-09-25-236,1790319890,5529,309,,0,,,
div-2026-09-25-246,1790319792,5627,404,,0,,,
div-2026-09-25-273,1790320973,4446,227,,0,,,
div-2026-09-25-277,1790321298,4121,501,,0,,,
div-2026-09-25-278,1790320794,4625,718,,0,,,
div-2026-09-25-294,1790321538,3881,247,1120,0,,,
div-2026-09-25-300,1790322122,3297,236,910,0,,,
div-2026-09-25-312,1790322567,2852,970,,0,,,
div-2026-09-25-313,1790322178,3241,274,,0,,,
div-2026-09-25-315,1790322175,3244,247,,0,,,
div-2026-09-25-317,1790322284,3135,500,13,1,Works,Minimal,TIMS-235433
div-2026-09-25-328,1790322965,2454,212,,0,,,
div-2026-09-25-331,1790323337,2082,335,1657,0,,,
div-2026-09-25-343,1790323882,1537,374,131,1,Works,Minimal,TIMS-234421
div-2026-09-25-349,1790324037,1382,655,,0,,,
div-2026-09-25-353,1790323786,1633,653,6,1,Works,Minimal,TIMS-234581
div-2026-09-25-369,1790324760,659,366,,0,,,
div-2026-09-25-374,1790324721,698,372,24,1,Works,Minimal,TIMS-226199
div-2026-09-25-376,1790324758,661,250,,0,,,
div-2026-09-25-379,1790325035,384,327,,0,,,
div-2026-09-25-389,1790325404,15,346,,0,,,
div-2026-09-25-402,1790325895,476,481,,0,,,
div-2026-09-25-418,1790326497,1078,247,1120,0,,,
div-2026-09-25-422,1790326364,945,730,7,1,Works,Moderate,TIMS-235107
div-2026-09-25-425,1790326654,1235,306,,0,,,
div-2026-09-25-439,1790327541,2122,155,316,0,,,
div-2026-09-25-451,1790328335,2916,458,,0,,,
div-2026-09-25-453,1790328360,2941,202,216,1,Works,Minimal,TIMS-234945
div-2026-09-25-459,1790328451,3032,571,10,1,Works,Minimal,TIMS-234421
div-2026-09-25-471,1790328349,2930,310,9,1,Emergency service incidents,Minimal,TIMS-235443
div-2026-09-25-476,1790329281,3862,350,,0,,,
div-2026-09-25-485,1790329351,3932,450,,0,,,
div-2026-09-25-486,1790329548,4129,328,,0,,,
div-2026-09-25-491,1790329788,4369,475,,0,,,
div-2026-09-25-504,1790329929,4510,130,,0,,,
div-2026-09-25-506,1790329809,4390,155,,0,,,
div-2026-09-25-512,1790330356,4937,291,,0,,,
div-2026-09-25-513,1790330523,5104,460,,0,,,
div-2026-09-25-518,1790330607,5188,462,,0,,,
div-2026-09-25-520,1790330631,5212,303,,0,,,
div-2026-09-25-522,1790330642,5223,927,,0,,,
div-2026-09-25-537,1790331149,5730,315,452,0,,,
div-2026-09-25-539,1790331067,5648,253,1120,0,,,
div-2026-09-25-540,1790331373,5954,507,,0,,,
div-2026-09-25-545,1790331487,6068,223,,0,,,
div-2026-09-25-555,1790331109,5690,346,,0,,,
div-2026-09-25-556,1790332134,6715,359,,0,,,
div-2026-09-25-567,1790332580,7161,248,1177,0,,,
div-2026-09-25-571,1790332724,7305,528,,0,,,
div-2026-09-25-573,1790332958,7539,120,1336,0,,,
div-2026-09-25-577,1790333233,7814,310,,0,,,
div-2026-09-25-589,1790333414,7995,969,,0,,,
div-2026-09-25-590,1790333334,7915,427,6,1,Works,Minimal,TIMS-234897
div-2026-09-25-611,1790334006,8587,568,,0,,,
div-2026-09-25-614,1790333377,7958,292,9,1,Emergency service incidents,Minimal,TIMS-235443
div-2026-09-25-617,1790334234,8815,352,,0,,,
div-2026-09-25-619,1790334395,8976,575,,0,,,
div-2026-09-25-631,1790335230,9811,335,,0,,,
div-2026-09-25-634,1790335235,9816,120,1336,0,,,
div-2026-09-25-638,1790334801,9382,176,582,0,,,
div-2026-09-25-642,1790335584,10165,1212,,0,,,
div-2026-09-25-645,1790335667,10248,564,,0,,,
div-2026-09-25-650,1790334171,8752,139,278,0,,,
div-2026-09-25-654,1790335946,10527,146,,0,,,
div-2026-09-25-655,1790335994,10575,373,131,1,Works,Minimal,TIMS-234421
div-2026-09-25-676,1790336741,10279,462,,0,,,
div-2026-09-25-702,1790337346,9674,1039,12,1,Works,Minimal,TIMS-227966
div-2026-09-25-704,1790337773,9247,356,,0,,,
div-2026-09-25-707,1790337653,9367,305,,0,,,
div-2026-09-25-711,1790336473,10547,847,7,1,Works,Minimal,TIMS-227966
div-2026-09-25-712,1790337078,9942,1291,586,0,,,
div-2026-09-25-715,1790338018,9002,614,6,1,Works,Minimal,TIMS-234581
div-2026-09-25-722,1790338435,8585,196,,0,,,
div-2026-09-25-724,1790338207,8813,228,346,0,,,
div-2026-09-25-729,1790338223,8797,853,91,1,Works,Minimal,TIMS-227966
div-2026-09-25-735,1790338914,8106,338,,0,,,
div-2026-09-25-741,1790339346,7674,230,,0,,,
div-2026-09-25-752,1790339548,7472,484,32,1,Works,Moderate,TIMS-230857
div-2026-09-25-756,1790338876,8144,149,278,0,,,
div-2026-09-25-758,1790339941,7079,248,,0,,,
div-2026-09-25-759,1790340196,6824,472,,0,,,
div-2026-09-25-764,1790339731,7289,390,344,0,,,
div-2026-09-25-770,1790339877,7143,116,8,1,Collisions,Minimal,TIMS-235460
div-2026-09-25-776,1790339460,7560,234,173,1,Collisions,Moderate,TIMS-235451
div-2026-09-25-787,1790340999,6021,462,,0,,,
div-2026-09-25-788,1790341028,5992,795,,0,,,
div-2026-09-25-791,1790341080,5940,402,,0,,,
div-2026-09-25-801,1790341164,5856,352,303,0,,,
div-2026-09-25-802,1790341356,5664,434,586,0,,,
div-2026-09-25-811,1790341807,5213,201,216,1,Works,Minimal,TIMS-234945
div-2026-09-25-812,1790341777,5243,370,131,1,Works,Minimal,TIMS-234421
div-2026-09-25-813,1790340711,6309,103,738,0,,,
div-2026-09-25-826,1790342349,4671,513,3,1,Works,Minimal,TIMS-233205
div-2026-09-25-833,1790342557,4463,509,12,1,Works,Minimal,TIMS-235393
div-2026-09-25-835,1790342657,4363,271,,0,,,
div-2026-09-25-838,1790343047,3973,181,4,1,Works,Minimal,TIMS-226149
div-2026-09-25-839,1790343031,3989,465,,0,,,
div-2026-09-25-840,1790342894,4126,530,,0,,,
div-2026-09-25-846,1790343495,3525,120,1336,0,,,
div-2026-09-25-848,1790343449,3571,203,,0,,,
div-2026-09-25-850,1790343610,3410,751,,0,,,
div-2026-09-25-853,1790343606,3414,328,,0,,,
div-2026-09-25-855,1790343659,3361,255,254,0,,,
div-2026-09-25-860,1790343993,3027,623,,0,,,
div-2026-09-25-862,1790344147,2873,309,,0,,,
div-2026-09-25-863,1790343630,3390,721,,0,,,
div-2026-09-25-865,1790342617,4403,175,278,0,,,
div-2026-09-25-866,1790344062,2958,246,1177,0,,,
div-2026-09-25-875,1790344394,2626,453,,0,,,
div-2026-09-25-905,1790345184,1836,345,200,1,Works,Minimal,TIMS-235329
div-2026-09-25-907,1790345357,1663,582,,0,,,
div-2026-09-25-909,1790345614,1406,713,,0,,,
div-2026-09-25-910,1790345603,1417,404,,0,,,
div-2026-09-25-911,1790345540,1480,121,,0,,,
div-2026-09-25-913,1790345654,1366,330,485,0,,,
div-2026-09-25-919,1790345973,1047,668,,0,,,
div-2026-09-25-920,1790345961,1059,351,,0,,,
div-2026-09-25-922,1790345657,1363,401,,0,,,
div-2026-09-25-931,1790345330,1690,716,3,1,Collisions,Moderate,TIMS-235451
div-2026-09-25-932,1790345334,1686,386,3,1,Collisions,Moderate,TIMS-235451
div-2026-09-25-935,1790346258,762,471,247,1,Collisions,Moderate,TIMS-235451
div-2026-09-25-937,1790345801,1219,265,,0,,,
div-2026-09-25-943,1790345821,1199,304,9,1,Emergency service incidents,Minimal,TIMS-235443
div-2026-09-25-945,1790346574,446,128,,0,,,
div-2026-09-25-951,1790346834,186,746,,0,,,
div-2026-09-25-954,1790347037,17,563,,0,,,
div-2026-09-25-959,1790346892,128,278,,0,,,
div-2026-09-25-964,1790347328,308,896,,0,,,
div-2026-09-25-982,1790347719,699,567,,0,,,
div-2026-09-25-986,1790348098,1078,428,,0,,,
div-2026-09-25-988,1790348067,1047,405,,0,,,
div-2026-09-25-990,1790348284,1264,475,,0,,,
div-2026-09-25-994,1790348128,1108,243,,0,,,
div-2026-09-25-999,1790348730,1710,356,,0,,,
div-2026-09-25-1002,1790348718,1698,344,,0,,,
div-2026-09-25-1005,1790347981,961,183,123,1,Collisions,Moderate,TIMS-235451
div-2026-09-25-1013,1790348982,1962,239,558,0,,,
div-2026-09-25-1018,1790349017,1997,610,887,0,,,
div-2026-09-25-1021,1790348927,1907,586,494,0,,,
div-2026-09-25-1024,1790349294,2274,90,,0,,,
div-2026-09-25-1029,1790349565,2545,175,323,0,,,
div-2026-09-25-1036,1790348699,1679,232,213,1,Works,Minimal,TIMS-234712
div-2026-09-25-1044,1790350033,3013,279,495,0,,,
div-2026-09-25-1049,1790350209,3189,454,20,1,Works,Minimal,TIMS-235317
div-2026-09-25-1051,1790350439,3419,120,1336,0,,,
div-2026-09-25-1055,1790350429,3409,241,1120,0,,,
div-2026-09-25-1063,1790350535,3515,353,,0,,,
div-2026-09-25-1064,1790349923,2903,143,278,0,,,
div-2026-09-25-1082,1790351624,4604,204,,0,,,
div-2026-09-25-1083,1790351731,4711,424,,0,,,
div-2026-09-25-1089,1790350889,3869,229,,0,,,
div-2026-09-25-1092,1790351623,4603,225,523,0,,,
div-2026-09-25-1104,1790352329,5309,289,,0,,,
div-2026-09-25-1105,1790351739,4719,277,28,1,Works,Minimal,TIMS-233235
div-2026-09-25-1114,1790352923,5903,334,1657,0,,,
div-2026-09-25-1127,1790353495,6475,510,3,1,Asset issues,No impact,TIMS-235459
div-2026-09-25-1131,1790353747,6727,246,1177,0,,,
div-2026-09-25-1133,1790353806,6786,228,,0,,,
div-2026-09-25-1145,1790353977,6957,241,,0,,,
div-2026-09-25-1149,1790353313,6293,284,9,1,Emergency service incidents,Minimal,TIMS-235443
div-2026-09-25-1155,1790352586,5566,182,278,0,,,
div-2026-09-25-1158,1790354530,7510,146,316,0,,,
div-2026-09-25-1159,1790353435,6415,201,9,1,Works,Moderate,TIMS-235235
div-2026-09-25-1163,1790353919,6899,294,15,1,Works,Minimal,TIMS-233175
div-2026-09-25-1179,1790355150,8130,466,,0,,,
div-2026-09-25-1183,1790354907,7887,713,,0,,,
div-2026-09-25-1185,1790354452,7432,536,30,1,Works,Minimal,TIMS-227858
div-2026-09-25-1187,1790355304,8284,357,780,0,,,
div-2026-09-25-1190,1790355550,8530,307,,0,,,
div-2026-09-25-1191,1790355440,8420,375,131,1,Works,Minimal,TIMS-234421
div-2026-09-25-1197,1790355728,8708,120,1336,0,,,
div-2026-09-25-1202,1790355910,8890,202,216,1,Works,Minimal,TIMS-234945
div-2026-09-25-1203,1790355788,8768,236,,0,,,
div-2026-09-25-1207,1790355782,8762,320,,0,,,
div-2026-09-25-1217,1790356174,9154,586,,0,,,
div-2026-09-25-1220,1790356106,9086,352,303,0,,,
div-2026-09-25-1221,1790356340,9320,569,,0,,,
div-2026-09-25-1223,1790356150,9130,290,7,1,Works,Minimal,TIMS-235408
div-2026-09-25-1232,1790356496,9476,724,8,1,Works,Minimal,TIMS-225605
div-2026-09-25-1235,1790356462,9442,482,,0,,,
div-2026-09-25-1240,1790356882,9862,371,37,1,Works,Minimal,TIMS-221115
div-2026-09-25-1243,1790356944,9924,902,8,1,Works,Minimal,TIMS-234036
div-2026-09-25-1247,1790357278,10258,525,,0,,,
div-2026-09-25-1252,1790357174,10154,324,175,1,Works,Minimal,TIMS-234335
div-2026-09-25-1257,1790356933,9913,206,8,1,Works,Minimal,TIMS-234038
div-2026-09-25-1266,1790357968,10652,488,6,1,Works,Minimal,TIMS-225605
div-2026-09-25-1273,1790358415,10205,463,,0,,,
div-2026-09-25-1287,1790358733,9887,614,,0,,,
div-2026-09-25-1291,1790359075,9545,251,1120,0,,,
div-2026-09-25-1293,1790359031,9589,820,,0,,,
div-2026-09-25-1295,1790359219,9401,442,,0,,,
div-2026-09-25-1310,1790359628,8992,525,,0,,,
div-2026-09-25-1315,1790359758,8862,442,,0,,,
div-2026-09-25-1322,1790360006,8614,266,304,0,,,
div-2026-09-25-1333,1790360902,7718,342,,0,,,
div-2026-09-25-1334,1790360746,7874,369,,0,,,
div-2026-09-25-1342,1790360443,8177,299,213,1,Works,Minimal,TIMS-234712
div-2026-09-25-1343,1790360410,8210,286,9,1,Emergency service incidents,Minimal,TIMS-235443
div-2026-09-25-1344,1790360439,8181,171,278,0,,,
div-2026-09-25-1345,1790361128,7492,463,,0,,,
div-2026-09-25-1349,1790361475,7145,202,216,1,Works,Minimal,TIMS-234945
div-2026-09-25-1350,1790360295,8325,332,,0,,,
div-2026-09-25-1355,1790361640,6980,460,,0,,,
div-2026-09-25-1363,1790361761,6859,1139,,0,,,
div-2026-09-25-1365,1790362083,6537,120,1336,0,,,
div-2026-09-25-1366,1790361751,6869,637,2,1,Works,Minimal,TIMS-234276
div-2026-09-25-1367,1790361819,6801,402,,0,,,
div-2026-09-25-1377,1790362144,6476,184,9,1,Works,Moderate,TIMS-235235
div-2026-09-25-1379,1790362598,6022,465,,0,,,
div-2026-09-25-1380,1790362457,6163,238,,0,,,
div-2026-09-25-1384,1790362715,5905,524,,0,,,
div-2026-09-25-1396,1790363184,5436,238,558,0,,,
div-2026-09-25-1398,1790363079,5541,133,,0,,,
div-2026-09-25-1400,1790363321,5299,435,,0,,,
div-2026-09-25-1403,1790363468,5152,377,,0,,,
div-2026-09-25-1410,1790363557,5063,461,,0,,,
div-2026-09-25-1412,1790363647,4973,779,,0,,,
div-2026-09-25-1415,1790363542,5078,552,10,1,Breakdowns,Minimal,TIMS-235475
div-2026-09-25-1416,1790363687,4933,568,,0,,,
div-2026-09-25-1421,1790363213,5407,172,213,1,Works,Minimal,TIMS-234712
div-2026-09-25-1425,1790364358,4262,236,1120,0,,,
div-2026-09-25-1428,1790364650,3970,257,24,1,Works,Minimal,TIMS-226199
div-2026-09-25-1431,1790364499,4121,730,,0,,,
div-2026-09-25-1433,1790364703,3917,729,13,1,Works,Minimal,TIMS-235426
div-2026-09-25-1438,1790364507,4113,312,9,1,Emergency service incidents,Minimal,TIMS-235443
div-2026-09-25-1449,1790365859,2761,225,,0,,,
div-2026-09-25-1453,1790366086,2534,307,,0,,,
div-2026-09-25-1476,1790366796,1824,317,,0,,,
div-2026-09-25-1502,1790368508,112,352,13,1,Works,Minimal,TIMS-227981
div-2026-09-25-1508,1790369087,467,764,,0,,,
div-2026-09-25-1509,1790368682,62,153,,0,,,
div-2026-09-25-1511,1790368814,194,74,,0,,,
div-2026-09-25-1522,1790369730,1110,196,,0,,,
div-2026-09-25-1526,1790369906,1286,256,294,0,,,
div-2026-09-25-1529,1790369845,1225,400,0,1,Works,Minimal,TIMS-234276
div-2026-09-25-1531,1790370338,1718,465,,0,,,
div-2026-09-25-1537,1790370649,2029,252,2,1,Works,Minimal,TIMS-234276
div-2026-09-25-1538,1790370768,2148,904,5,1,Works,Minimal,TIMS-235329
div-2026-09-25-1544,1790371440,2820,244,,0,,,
div-2026-09-25-1545,1790370516,1896,279,8,1,Breakdowns,Moderate,TIMS-235476
div-2026-09-25-1564,1790372274,3654,403,0,1,Works,Minimal,TIMS-234276
div-2026-09-25-1565,1790372512,3892,342,,0,,,
div-2026-09-25-1572,1790372977,4357,544,9,1,Works,Minimal,TIMS-232347
div-2026-09-25-1580,1790373426,4806,460,,0,,,
div-2026-09-25-1582,1790373749,5129,291,13,1,Works,Minimal,TIMS-235393
div-2026-09-25-1598,1790374742,6122,254,294,0,,,
div-2026-09-25-1603,1790375263,6643,226,,0,,,
div-2026-09-25-1608,1790375723,7103,73,906,0,,,
div-2026-09-25-1623,1790376619,7999,303,,0,,,
div-2026-09-25-1627,1790376876,8256,240,,0,,,
div-2026-09-25-1640,1790377648,9028,450,,0,,,
div-2026-09-25-1653,1790377805,9185,171,,0,,,
div-2026-09-25-1654,1790378472,9852,455,,0,,,
div-2026-09-25-1655,1790378462,9842,334,8,1,Breakdowns,Moderate,TIMS-235476
div-2026-09-25-1656,1790378835,10215,776,6,1,Works,Minimal,TIMS-235393
div-2026-09-26-6,1790381690,8530,1075,11,1,Works,Minimal,TIMS-234712
div-2026-09-26-15,1790383456,6764,715,8,1,Works,Minimal,TIMS-234712
div-2026-09-26-24,1790388224,1996,769,6,1,Works,Minimal,TIMS-235393
div-2026-09-26-26,1790388277,1943,254,11,1,Works,Minimal,TIMS-234712
div-2026-09-26-27,1790388678,1542,1719,8,1,Works,Minimal,TIMS-234712
div-2026-09-26-30,1790389531,689,1031,,0,,,
div-2026-09-26-33,1790390028,192,60,,0,,,
div-2026-09-26-39,1790390887,667,603,,0,,,
div-2026-09-26-40,1790390991,771,313,5,1,Works,Minimal,TIMS-235329
div-2026-09-26-42,1790391465,1245,1288,,0,,,
div-2026-09-26-43,1790391817,1597,640,,0,,,
div-2026-09-26-44,1790392498,2278,174,321,0,,,
div-2026-09-26-53,1790394876,4656,249,,0,,,
div-2026-09-26-55,1790395460,5240,242,,0,,,
div-2026-09-26-58,1790395828,5608,465,,0,,,
div-2026-09-26-61,1790396064,5844,132,,0,,,
div-2026-09-26-70,1790397403,7183,1140,,0,,,
div-2026-09-26-73,1790398125,7905,386,,0,,,
div-2026-09-26-74,1790397888,7668,857,214,1,Works,Moderate,TIMS-230857
div-2026-09-26-75,1790397857,7637,238,,0,,,
div-2026-09-26-77,1790398192,7972,617,,0,,,
div-2026-09-26-78,1790398557,8337,193,,0,,,
div-2026-09-26-80,1790398986,8766,451,,0,,,
div-2026-09-26-81,1790398796,8576,253,11,1,Emergency service incidents,Minimal,TIMS-235484
div-2026-09-26-91,1790399824,9604,471,,0,,,
div-2026-09-26-94,1790400140,9920,500,,0,,,
div-2026-09-26-96,1790400260,10040,358,,0,,,
div-2026-09-26-101,1790400736,10516,266,,0,,,
div-2026-09-26-107,1790401081,10739,407,,0,,,
div-2026-09-26-117,1790401747,10073,347,,0,,,
div-2026-09-26-119,1790401960,9860,1415,,0,,,
div-2026-09-26-135,1790403475,8345,611,,0,,,
div-2026-09-26-144,1790404400,7420,372,,0,,,
div-2026-09-26-167,1790406232,5588,1662,,0,,,
div-2026-09-26-169,1790406349,5471,387,,0,,,
div-2026-09-26-173,1790406870,4950,148,316,0,,,
div-2026-09-26-177,1790406774,5046,106,,0,,,
div-2026-09-26-183,1790407449,4371,239,,0,,,
div-2026-09-26-187,1790407713,4107,253,1120,0,,,
div-2026-09-26-193,1790408022,3798,1216,,0,,,
div-2026-09-26-199,1790408731,3089,570,,0,,,
div-2026-09-26-201,1790408973,2847,239,,0,,,
div-2026-09-26-211,1790408740,3080,1688,95,1,Works,Minimal,TIMS-233101
div-2026-09-26-212,1790409260,2560,364,,0,,,
div-2026-09-26-215,1790409086,2734,349,387,0,,,
div-2026-09-26-226,1790410034,1786,1167,2,1,Works,Minimal,TIMS-235341
div-2026-09-26-229,1790410421,1399,181,396,0,,,
div-2026-09-26-235,1790410681,1139,508,,0,,,
div-2026-09-26-244,1790411422,398,1194,,0,,,
div-2026-09-26-264,1790411984,164,425,,0,,,
div-2026-09-26-273,1790412547,727,202,216,1,Works,Minimal,TIMS-234945
div-2026-09-26-276,1790412684,864,208,,0,,,
div-2026-09-26-277,1790412734,914,473,,0,,,
div-2026-09-26-298,1790412559,739,469,,0,,,
div-2026-09-26-303,1790413269,1449,309,,0,,,
div-2026-09-26-312,1790412636,816,732,,0,,,
div-2026-09-26-314,1790413710,1890,746,,0,,,
div-2026-09-26-322,1790414342,2522,311,,0,,,
div-2026-09-26-324,1790414356,2536,245,,0,,,
div-2026-09-26-327,1790414306,2486,965,,0,,,
div-2026-09-26-342,1790415089,3269,251,9,1,Works,Minimal,TIMS-232347
div-2026-09-26-355,1790416083,4263,472,,0,,,
div-2026-09-26-360,1790415995,4175,549,7,1,Works,Minimal,TIMS-235393
div-2026-09-26-365,1790415540,3720,417,,0,,,
div-2026-09-26-368,1790416178,4358,705,,0,,,
div-2026-09-26-374,1790417007,5187,363,,0,,,
div-2026-09-26-378,1790416926,5106,292,,0,,,
div-2026-09-26-390,1790417266,5446,443,,0,,,
div-2026-09-26-392,1790417208,5388,465,,0,,,
div-2026-09-26-401,1790417448,5628,1251,9,1,Works,Minimal,TIMS-234712
div-2026-09-26-405,1790416946,5126,210,227,1,Works,Minimal,TIMS-226462
div-2026-09-26-414,1790418325,6505,839,,0,,,
div-2026-09-26-416,1790418339,6519,516,11,1,Works,Minimal,TIMS-230452
div-2026-09-26-424,1790419075,7255,674,,0,,,
div-2026-09-26-429,1790418891,7071,210,689,0,,,
div-2026-09-26-431,1790419193,7373,587,,0,,,
div-2026-09-26-437,1790419024,7204,197,,0,,,
div-2026-09-26-438,1790419412,7592,160,,0,,,
div-2026-09-26-441,1790419599,7779,633,15,1,Works,Minimal,TIMS-226199
div-2026-09-26-447,1790420044,8224,235,,0,,,
div-2026-09-26-449,1790419364,7544,899,,0,,,
div-2026-09-26-459,1790420484,8664,208,,0,,,
div-2026-09-26-464,1790420549,8729,284,,0,,,
div-2026-09-26-474,1790421105,9285,572,,0,,,
div-2026-09-26-481,1790421531,9711,940,,0,,,
div-2026-09-26-484,1790421035,9215,611,35,1,Works,Moderate,TIMS-235107
div-2026-09-26-485,1790421812,9992,651,,0,,,
div-2026-09-26-491,1790422295,10475,528,,0,,,
div-2026-09-26-495,1790422465,10645,178,357,0,,,
div-2026-09-26-504,1790422771,10648,202,216,1,Works,Minimal,TIMS-234945
div-2026-09-26-511,1790422714,10705,442,,0,,,
div-2026-09-26-515,1790423423,9996,311,,0,,,
div-2026-09-26-518,1790423453,9966,237,,0,,,
div-2026-09-26-520,1790423504,9915,718,,0,,,
div-2026-09-26-521,1790423466,9953,982,7,1,Works,Minimal,TIMS-232627
div-2026-09-26-522,1790423673,9746,454,,0,,,
div-2026-09-26-530,1790423778,9641,308,,0,,,
div-2026-09-26-538,1790424121,9298,433,,0,,,
div-2026-09-26-543,1790423989,9430,651,,0,,,
div-2026-09-26-566,1790425438,7981,364,,0,,,
div-2026-09-26-576,1790425571,7848,454,,0,,,
div-2026-09-26-577,1790425229,8190,324,,0,,,
div-2026-09-26-585,1790425472,7947,207,,0,,,
div-2026-09-26-590,1790426044,7375,320,111,1,Planned events,Minimal,TIMS-233354
div-2026-09-26-603,1790426208,7211,498,19,1,Planned events,Minimal,TIMS-235371
div-2026-09-26-607,1790427002,6417,146,316,0,,,
div-2026-09-26-611,1790427074,6345,237,,0,,,
div-2026-09-26-617,1790427464,5955,460,,0,,,
div-2026-09-26-620,1790427095,6324,930,,0,,,
div-2026-09-26-632,1790428149,5270,546,,0,,,
div-2026-09-26-641,1790428138,5281,460,,0,,,
div-2026-09-26-645,1790427954,5465,238,,0,,,
div-2026-09-26-648,1790428716,4703,463,,0,,,
div-2026-09-26-652,1790429119,4300,571,,0,,,
div-2026-09-26-653,1790428843,4576,285,,0,,,
div-2026-09-26-659,1790429491,3928,513,,0,,,
div-2026-09-26-674,1790429713,3706,1121,387,0,,,
div-2026-09-26-681,1790430228,3191,287,114,1,Planned events,Minimal,TIMS-233354
div-2026-09-26-682,1790430018,3401,502,485,0,,,
div-2026-09-26-683,1790430182,3237,491,,0,,,
div-2026-09-26-690,1790430633,2786,480,,0,,,
div-2026-09-26-697,1790430743,2676,345,,0,,,
div-2026-09-26-700,1790430909,2510,432,,0,,,
div-2026-09-26-702,1790431016,2403,453,,0,,,
div-2026-09-26-706,1790430782,2637,609,1187,0,,,
div-2026-09-26-722,1790431999,1420,108,,0,,,
div-2026-09-26-725,1790432021,1398,978,,0,,,
div-2026-09-26-729,1790432351,1068,582,,0,,,
div-2026-09-26-730,1790432168,1251,210,689,0,,,
div-2026-09-26-737,1790432476,943,464,,0,,,
div-2026-09-26-751,1790433059,360,584,,0,,,
div-2026-09-26-761,1790433170,249,1262,,0,,,
div-2026-09-26-762,1790433401,18,516,,0,,,
div-2026-09-26-773,1790433622,203,352,252,0,,,
div-2026-09-26-779,1790433264,155,798,,0,,,
div-2026-09-26-784,1790433666,247,238,1187,0,,,
div-2026-09-26-790,1790433832,413,714,1187,0,,,
div-2026-09-26-792,1790434649,1230,464,,0,,,
div-2026-09-26-799,1790434040,621,511,10,1,Works,Minimal,TIMS-234581
div-2026-09-26-801,1790434639,1220,277,114,1,Planned events,Minimal,TIMS-233354
div-2026-09-26-819,1790435616,2197,487,,0,,,
div-2026-09-26-833,1790436158,2739,236,7,1,Planned events,No impact,TIMS-235199
div-2026-09-26-844,1790436733,3314,224,,0,,,
div-2026-09-26-857,1790437117,3698,553,,0,,,
div-2026-09-26-861,1790436596,3177,321,,0,,,
div-2026-09-26-865,1790436977,3558,1178,,0,,,
div-2026-09-26-876,1790437883,4464,910,34,1,Works,Minimal,TIMS-235425
div-2026-09-26-878,1790437876,4457,1003,6,1,Works,Minimal,TIMS-233221
div-2026-09-26-883,1790437739,4320,499,113,1,Planned events,Minimal,TIMS-233354
div-2026-09-26-894,1790438966,5547,821,,0,,,
div-2026-09-26-902,1790438870,5451,468,,0,,,
div-2026-09-26-907,1790440002,6583,482,,0,,,
div-2026-09-26-918,1790440046,6627,477,775,0,,,
div-2026-09-26-928,1790440879,7460,486,980,0,,,
div-2026-09-26-933,1790441440,8021,1042,,0,,,
div-2026-09-26-936,1790441395,7976,464,,0,,,
div-2026-09-26-941,1790441552,8133,251,9,1,Works,Minimal,TIMS-232347
div-2026-09-26-942,1790441328,7909,721,5,1,Works,Minimal,TIMS-233207
div-2026-09-26-944,1790441699,8280,238,,0,,,
div-2026-09-26-955,1790442191,8772,634,473,0,,,
div-2026-09-26-968,1790442637,9218,359,387,0,,,
div-2026-09-26-970,1790442789,9370,624,113,1,Planned events,Minimal,TIMS-233354
div-2026-09-26-993,1790444242,10778,707,,0,,,
div-2026-09-26-994,1790444138,10719,406,60,1,Works,Minimal,TIMS-234060
div-2026-09-26-1003,1790443446,10027,416,775,0,,,
div-2026-09-26-1004,1790444098,10679,94,,0,,,
div-2026-09-26-1013,1790444538,10482,508,,0,,,
div-2026-09-26-1015,1790444441,10579,427,,0,,,
div-2026-09-26-1017,1790444623,10397,1391,,0,,,
div-2026-09-26-1022,1790444753,10267,268,9,1,Works,Minimal,TIMS-233221
div-2026-09-26-1036,1790445574,9446,458,,0,,,
div-2026-09-26-1037,1790445538,9482,179,369,0,,,
div-2026-09-26-1039,1790445401,9619,253,2,1,Works,Minimal,TIMS-234276
div-2026-09-26-1045,1790445852,9168,603,10,1,Works,Minimal,TIMS-224034
div-2026-09-26-1047,1790445893,9127,662,2,1,Works,Minimal,TIMS-235341
div-2026-09-26-1052,1790446326,8694,583,,0,,,
div-2026-09-26-1053,1790446286,8734,604,9,1,Works,Minimal,TIMS-233221
div-2026-09-26-1062,1790447269,7751,715,,0,,,
div-2026-09-26-1064,1790447167,7853,716,33,1,Planned events,Minimal,TIMS-234244
div-2026-09-26-1066,1790447486,7534,412,,0,,,
div-2026-09-26-1082,1790447703,7317,60,,0,,,
div-2026-09-26-1098,1790448796,6224,358,224,1,Asset issues,Minimal,TIMS-235509
div-2026-09-26-1101,1790449761,5259,234,,0,,,
div-2026-09-26-1121,1790450964,4056,752,9,1,Works,Minimal,TIMS-232347
div-2026-09-26-1124,1790451066,3954,467,213,1,Planned events,No impact,TIMS-234998
div-2026-09-26-1137,1790452334,2686,464,,0,,,
div-2026-09-26-1145,1790452641,2379,86,,0,,,
div-2026-09-26-1153,1790453037,1983,705,1684,0,,,
div-2026-09-26-1154,1790453213,1807,290,11,1,Works,Minimal,TIMS-234444
div-2026-09-26-1156,1790453682,1338,608,24,1,Works,Minimal,TIMS-224034
div-2026-09-26-1176,1790454643,377,300,1253,0,,,
div-2026-09-26-1183,1790454554,466,296,252,0,,,
div-2026-09-26-1189,1790455473,453,355,1475,0,,,
div-2026-09-26-1194,1790455537,517,644,531,0,,,
div-2026-09-26-1199,1790456139,1119,465,,0,,,
div-2026-09-26-1226,1790457868,2848,243,,0,,,
div-2026-09-26-1230,1790458137,3117,771,2,1,Works,Minimal,TIMS-235341
div-2026-09-26-1231,1790457808,2788,386,213,1,Planned events,No impact,TIMS-234998
div-2026-09-26-1232,1790458499,3479,201,216,1,Works,Minimal,TIMS-234945
div-2026-09-26-1233,1790458386,3366,427,,0,,,
div-2026-09-26-1234,1790458378,3358,521,93,1,Works,Minimal,TIMS-231246
div-2026-09-26-1237,1790458655,3635,280,,0,,,
div-2026-09-26-1243,1790459408,4388,513,,0,,,
div-2026-09-26-1248,1790459753,4733,465,,0,,,
div-2026-09-26-1252,1790459510,4490,964,213,1,Planned events,No impact,TIMS-234998
div-2026-09-26-1271,1790461226,6206,366,,0,,,
div-2026-09-26-1273,1790461288,6268,244,98,1,Works,Minimal,TIMS-233753
div-2026-09-26-1291,1790462949,7929,470,213,1,Planned events,No impact,TIMS-234998
div-2026-09-26-1298,1790463006,7986,496,8,1,Works,Minimal,TIMS-225605
div-2026-09-26-1300,1790463619,8599,245,,0,,,
div-2026-09-26-1309,1790464296,9276,323,,0,,,
div-2026-09-26-1319,1790465266,10246,743,57,1,Works,Minimal,TIMS-235325
div-2026-09-26-1322,1790465994,10625,365,,0,,,
div-2026-09-27-11,1790469490,7129,256,688,0,,,
div-2026-09-27-19,1790471193,5426,224,14,1,Works,Minimal,TIMS-233256
div-2026-09-27-28,1790473751,2868,232,294,0,,,
div-2026-09-27-32,1790474948,1671,306,688,0,,,
div-2026-09-27-39,1790475955,664,1098,,0,,,
div-2026-09-27-46,1790476801,182,399,,0,,,
div-2026-09-27-50,1790477133,514,343,,0,,,
div-2026-09-27-52,1790477611,992,796,,0,,,
div-2026-09-27-55,1790478971,2352,357,387,0,,,
div-2026-09-27-58,1790479254,2635,101,,0,,,
div-2026-09-27-63,1790481143,4524,184,,0,,,
div-2026-09-27-65,1790481420,4801,306,,0,,,
div-2026-09-27-72,1790481898,5279,609,,0,,,
div-2026-09-27-75,1790482309,5690,1891,,0,,,
div-2026-09-27-85,1790483259,6640,399,12,1,Works,Minimal,TIMS-235518
div-2026-09-27-87,1790483279,6660,796,,0,,,
div-2026-09-27-89,1790483959,7340,222,,0,,,
div-2026-09-27-108,1790486562,9943,103,,0,,,
div-2026-09-27-109,1790486759,10140,209,,0,,,
div-2026-09-27-110,1790487221,10602,180,357,0,,,
div-2026-09-27-112,1790487127,10508,266,,0,,,
div-2026-09-27-113,1790487062,10443,113,12,1,Works,Minimal,TIMS-235518
div-2026-09-27-115,1790486947,10328,594,4,1,Works,Minimal,TIMS-231535
div-2026-09-27-116,1790487362,10743,527,,0,,,
div-2026-09-27-118,1790487076,10457,1092,18,1,Works,Minimal,TIMS-233235
div-2026-09-27-119,1790487295,10676,778,28,1,Works,Minimal,TIMS-233235
div-2026-09-27-125,1790487371,10752,664,57,1,Works,Minimal,TIMS-233235
div-2026-09-27-127,1790488117,10103,464,,0,,,
div-2026-09-27-129,1790487815,10405,723,186,1,Works,Minimal,TIMS-226462
div-2026-09-27-130,1790487830,10390,636,27,1,Works,Minimal,TIMS-233235
div-2026-09-27-137,1790488609,9611,312,,0,,,
div-2026-09-27-140,1790488686,9534,198,12,1,Works,Minimal,TIMS-234444
div-2026-09-27-144,1790489831,8389,385,,0,,,
div-2026-09-27-146,1790490087,8133,256,458,0,,,
div-2026-09-27-152,1790490884,7336,196,1456,0,,,
div-2026-09-27-187,1790493168,5052,276,,0,,,
div-2026-09-27-194,1790492886,5334,777,28,1,Works,Minimal,TIMS-233235
div-2026-09-27-199,1790494339,3881,175,321,0,,,
div-2026-09-27-200,1790494560,3660,245,,0,,,
div-2026-09-27-206,1790494905,3315,307,,0,,,
div-2026-09-27-209,1790495084,3136,427,,0,,,
div-2026-09-27-213,1790494921,3299,649,608,0,,,
div-2026-09-27-221,1790495791,2429,283,,0,,,
div-2026-09-27-228,1790496311,1909,416,,0,,,
div-2026-09-27-235,1790496751,1469,179,369,0,,,
div-2026-09-27-249,1790496868,1352,487,12,1,Works,Minimal,TIMS-234444
div-2026-09-27-256,1790498336,116,577,,0,,,
div-2026-09-27-258,1790498129,91,709,9,1,Works,Minimal,TIMS-223303
div-2026-09-27-264,1790497802,418,216,6,1,Works,Minimal,TIMS-231535
div-2026-09-27-266,1790498609,389,433,557,0,,,
div-2026-09-27-269,1790498468,248,232,347,0,,,
div-2026-09-27-276,1790498836,616,276,,0,,,
div-2026-09-27-277,1790498891,671,403,,0,,,
div-2026-09-27-289,1790499701,1481,478,604,0,,,
div-2026-09-27-292,1790500145,1925,862,69,1,Works,Minimal,TIMS-220784
div-2026-09-27-293,1790500387,2167,202,,0,,,
div-2026-09-27-295,1790500203,1983,158,,0,,,
div-2026-09-27-306,1790501354,3134,284,,0,,,
div-2026-09-27-310,1790501907,3687,988,,0,,,
div-2026-09-27-311,1790501811,3591,243,,0,,,
div-2026-09-27-315,1790501173,2953,716,57,1,Works,Minimal,TIMS-233235
div-2026-09-27-328,1790501650,3430,296,6,1,Works,Minimal,TIMS-231535
div-2026-09-27-333,1790502876,4656,148,316,0,,,
div-2026-09-27-334,1790502585,4365,442,557,0,,,
div-2026-09-27-340,1790503022,4802,341,,0,,,
div-2026-09-27-341,1790503196,4976,245,182,1,Works,Minimal,TIMS-234581
div-2026-09-27-348,1790503700,5480,489,,0,,,
div-2026-09-27-355,1790504156,5936,580,,0,,,
div-2026-09-27-390,1790505812,7592,160,,0,,,
div-2026-09-27-392,1790506151,7931,309,,0,,,
div-2026-09-27-397,1790506291,8071,712,,0,,,
div-2026-09-27-405,1790506581,8361,71,,0,,,
div-2026-09-27-407,1790507014,8794,413,,0,,,
div-2026-09-27-412,1790507398,9178,540,,0,,,
div-2026-09-27-417,1790507668,9448,190,,0,,,
div-2026-09-27-418,1790506520,8300,293,6,1,Works,Minimal,TIMS-231535
div-2026-09-27-422,1790507671,9451,545,602,0,,,
div-2026-09-27-429,1790506021,7801,211,12,1,Works,Minimal,TIMS-234444
div-2026-09-27-431,1790508313,10093,458,6,1,Works,Moderate,TIMS-235312
div-2026-09-27-442,1790507726,9506,212,6,1,Works,Minimal,TIMS-231535
div-2026-09-27-443,1790508846,10626,221,380,0,,,
div-2026-09-27-444,1790508875,10655,364,,0,,,
div-2026-09-27-447,1790509114,10706,244,,0,,,
div-2026-09-27-451,1790509260,10560,205,602,0,,,
div-2026-09-27-458,1790510209,9611,756,,0,,,
div-2026-09-27-461,1790510114,9706,318,,0,,,
div-2026-09-27-466,1790510599,9221,464,,0,,,
div-2026-09-27-486,1790511721,8099,258,688,0,,,
div-2026-09-27-487,1790511838,7982,374,,0,,,
div-2026-09-27-510,1790513017,6803,427,981,0,,,
div-2026-09-27-513,1790513166,6654,523,8,1,Works,Minimal,TIMS-227966
div-2026-09-27-515,1790513281,6539,553,,0,,,
div-2026-09-27-516,1790513443,6377,366,981,0,,,
div-2026-09-27-522,1790513368,6452,477,,0,,,
div-2026-09-27-524,1790513644,6176,295,1803,0,,,
div-2026-09-27-529,1790514068,5752,471,,0,,,
div-2026-09-27-534,1790514179,5641,739,,0,,,
div-2026-09-27-537,1790513395,6425,320,,0,,,
div-2026-09-27-546,1790514878,4942,539,2,1,Works,Minimal,TIMS-234276
div-2026-09-27-551,1790515152,4668,569,,0,,,
div-2026-09-27-555,1790515431,4389,456,,0,,,
div-2026-09-27-560,1790515094,4726,685,,0,,,
div-2026-09-27-562,1790515614,4206,291,538,0,,,
div-2026-09-27-572,1790515638,4182,274,,0,,,
div-2026-09-27-574,1790516238,3582,200,,0,,,
div-2026-09-27-575,1790516200,3620,244,,0,,,
div-2026-09-27-580,1790516357,3463,670,,0,,,
div-2026-09-27-583,1790516598,3222,145,,0,,,
div-2026-09-27-588,1790516525,3295,517,,0,,,
div-2026-09-27-591,1790516644,3176,529,906,0,,,
div-2026-09-27-597,1790517293,2527,144,316,0,,,
div-2026-09-27-598,1790517318,2502,460,,0,,,
div-2026-09-27-614,1790517965,1855,673,9,1,Works,Minimal,TIMS-234751
div-2026-09-27-616,1790518192,1628,286,688,0,,,
div-2026-09-27-623,1790518622,1198,202,,0,,,
div-2026-09-27-625,1790518362,1458,391,,0,,,
div-2026-09-27-635,1790519119,701,302,,0,,,
div-2026-09-27-638,1790519354,466,419,,0,,,
div-2026-09-27-639,1790518787,1033,363,387,0,,,
div-2026-09-27-653,1790519857,37,310,,0,,,
div-2026-09-27-668,1790520068,248,559,157,1,Works,Minimal,TIMS-227966
div-2026-09-27-674,1790521155,1335,554,,0,,,
div-2026-09-27-679,1790521344,1524,453,,0,,,
div-2026-09-27-685,1790521857,2037,204,,0,,,
div-2026-09-27-686,1790521385,1565,280,,0,,,
div-2026-09-27-687,1790521755,1935,384,,0,,,
div-2026-09-27-692,1790521914,2094,300,8,1,Works,Minimal,TIMS-234444
div-2026-09-27-693,1790522125,2305,179,369,0,,,
div-2026-09-27-699,1790522155,2335,356,,0,,,
div-2026-09-27-706,1790522661,2841,145,316,0,,,
div-2026-09-27-709,1790522549,2729,216,,0,,,
div-2026-09-27-713,1790523146,3326,225,8,1,Works,Minimal,TIMS-232347
div-2026-09-27-715,1790523307,3487,244,,0,,,
div-2026-09-27-723,1790523574,3754,732,9,1,Works,Minimal,TIMS-223303
div-2026-09-27-725,1790523767,3947,349,,0,,,
div-2026-09-27-743,1790524440,4620,630,,0,,,
div-2026-09-27-745,1790524856,5036,460,,0,,,
div-2026-09-27-751,1790524631,4811,143,,0,,,
div-2026-09-27-755,1790525518,5698,816,57,1,Works,Minimal,TIMS-227966
div-2026-09-27-770,1790526059,6239,332,597,0,,,
div-2026-09-27-782,1790527200,7380,1141,,0,,,
div-2026-09-27-792,1790527387,7567,410,,0,,,
div-2026-09-27-794,1790526891,7071,257,99,1,Planned events,Moderate,TIMS-229819
div-2026-09-27-798,1790527722,7902,464,,0,,,
div-2026-09-27-799,1790527043,7223,530,19,1,Works,Minimal,TIMS-233235
div-2026-09-27-808,1790528187,8367,366,981,0,,,
div-2026-09-27-814,1790528622,8802,202,216,1,Works,Minimal,TIMS-234945
div-2026-09-27-821,1790528832,9012,236,910,0,,,
div-2026-09-27-832,1790529483,9663,934,,0,,,
div-2026-09-27-852,1790530775,10645,438,1044,0,,,
div-2026-09-27-854,1790530637,10783,427,,0,,,
div-2026-09-27-861,1790530331,10511,362,387,0,,,
div-2026-09-27-864,1790531090,10330,260,,0,,,
div-2026-09-27-870,1790531371,10049,904,81,1,Collisions,Minimal,TIMS-235536
div-2026-09-27-871,1790531270,10150,555,,0,,,
div-2026-09-27-910,1790534044,7376,202,216,1,Works,Minimal,TIMS-234945
div-2026-09-27-919,1790534678,6742,592,,0,,,
div-2026-09-27-926,1790535007,6413,356,1475,0,,,
div-2026-09-27-931,1790535289,6131,489,8,1,Works,Minimal,TIMS-225605
div-2026-09-27-942,1790535814,5606,400,,0,,,
div-2026-09-27-943,1790535726,5694,577,,0,,,
div-2026-09-27-964,1790537089,4331,512,,0,,,
div-2026-09-27-971,1790536926,4494,750,,0,,,
div-2026-09-27-989,1790538469,2951,465,,0,,,
div-2026-09-27-998,1790539076,2344,187,,0,,,
div-2026-09-27-1006,1790539517,1903,407,,0,,,
div-2026-09-27-1011,1790539616,1804,240,,0,,,
div-2026-09-27-1018,1790540016,1404,314,,0,,,
div-2026-09-27-1021,1790540361,1059,290,538,0,,,
div-2026-09-27-1022,1790540329,1091,441,27,1,Works,Minimal,TIMS-226199
div-2026-09-27-1024,1790540651,769,244,,0,,,
div-2026-09-27-1026,1790540642,778,393,,0,,,
div-2026-09-27-1036,1790541054,366,447,,0,,,
div-2026-09-27-1039,1790541418,2,136,,0,,,
div-2026-09-27-1045,1790542264,844,313,,0,,,
div-2026-09-27-1048,1790542225,805,521,,0,,,
div-2026-09-27-1054,1790542904,1484,221,9,1,Works,Moderate,TIMS-235312
div-2026-09-27-1057,1790542313,893,339,9,1,Works,Moderate,TIMS-235312
div-2026-09-27-1058,1790542773,1353,203,,0,,,
div-2026-09-27-1074,1790544764,3344,174,321,0,,,
div-2026-09-27-1078,1790545094,3674,278,,0,,,
div-2026-09-27-1079,1790545241,3821,179,,0,,,
div-2026-09-27-1082,1790545630,4210,910,81,1,Collisions,Minimal,TIMS-235536
div-2026-09-27-1087,1790545199,3779,128,2110,0,,,
div-2026-09-27-1092,1790546052,4632,931,,0,,,
div-2026-09-27-1104,1790546997,5577,301,,0,,,
div-2026-09-27-1110,1790547442,6022,446,,0,,,
div-2026-09-27-1133,1790549641,8221,427,,0,,,
div-2026-09-27-1138,1790549773,8353,284,,0,,,
div-2026-09-27-1139,1790549961,8541,653,,0,,,
div-2026-09-27-1155,1790551354,9934,502,,0,,,
